# Resource object code (Python 3)
# Created by: object code
# Created by: The Resource Compiler for Qt version 6.10.3
# WARNING! All changes made in this file will be lost!

from PySide6 import QtCore

qt_resource_data = b"\
\x00\x00\x12Y\
\x00\
\x00M\x87x\xda\xed<\xfd\x93\xdb\xc6u\xbfg&\xff\
\x03\x84$\x02/\x22A\xde\x87\x9a\x13yg7:\xeb\
\xab\xb5|\x8a\xef\xd2\xd6s\xba\xdc\x80\xc0\x92\x84\x0e\x04\
 \x00\xbc\x13]\xdd\x8c\xd5\xda3\x1eK\xb2\x95\x89\x1d\
\xd7\xae\xe3\xdam\x12{\xd2\xd8r\xda\xbaV%k\xfc\
\xcf\x1cy\xd2O\xf9\x17\xfa\xde\xee\x02\xc4\xc7\x02 \xa5\
t\x9a\x99\x847#\x11\xbbo\xdf\xd7\xee{\xfb\xde\xdb\
\x05W\x8e=\xb7\xbe\xb6\xf9\xd2\xa53R/\xe8[\xcf\
|\xfb[+\xf8\xbfdivwU~\xb9W\xd3m\
\x996\x12\xcd\x80\xff%\xf8\xac\xf4I\xa0IzO\xf3\
|\x12\xac\xca?\xde<[[\x96\x13}\xb6\xd6'\xab\
\xf2\x9eI\xf6]\xc7\x0bdIw\xec\x80\xd8\x00\xbbo\
\x1aAo\xd5 {\xa6Nj\xf4\xa1*\x99\xb6\x19\x98\
\x9aU\xf3u\xcd\x22\xab\xf3j#\xc2\x15\x98\x81E\x9e\
yt\xf7\xab\xd1\xe7\xb7\xc6\xaf\xdfy\xfc\x9b[\x8f\xee\
\xdeX\xa9\xb3f\x0e\xe3\x07\xc3\xe8\x01?m\xc7\x18V\
'\x8fT\x96\xbf\x9f<\xe3\xa7\xafy]\xd3nJ\x8d\
V\xb2\xdd\xd5\x0c\xc3\xb4\xbb\x82\x0e\xc7\x07\x16\x1d\x18\xe2\
\x11K\x0b\xcc=\x92\x02\xa0\x924\xa5\xf9F\xe3{\xa9\
\x9e\x1e1\xbb\xbd@\xd8\xd5\x01\xa5\xd4:Z\xdf\xb4\x86\
MI\xbe\x04\x94\xcf\x82\xce7\xd6j/\x92\xee\xc0\xd2\
<\xb9*\xc9\xeb.\xb1\xa5\x0d\xcd\xf6\xe1\xe1\x87\x1eh\
\x09\xda\xce\x9b\x9e\x06\xfc;\xb4]:w\x1a\xe1.\x9a\
\xba\xe7\xf8N'\x90^\xd2\xce\x13\x13\x9b66\xe1K\
@\xbf\xfe-\xb1\x7f4\xd0\xec\x97L\x89\xc2I\x0cb\
\xc3\xeco\x0c\xec\xaa\xe4\x03\x9a\x9aO<\xb3\x13c\xf0\
\xe0\xdb\xdfJ\xea4\xadD\xc3\xf4]K\x03\xce;\x16\
\xb9\x96\x92\xec\xca\xc0\x0f\xcc\xce\xb0\xc6\xa7\xbd)\xe9\xf0\
/\xf1RP\x9aev\xed\x9a\x19\x90\xbe/\x80H0\
\xf0\x1d]s\x03Xpi&\xb8\xde\x17\x1b\x0d7\xcd\
C\xc4\x9fi[\xa6Mjm\xcb\xd1ws\xf1\xefk\
f\x90F\x1eN\xdd\xd2B\x069\xa7\xbbpj9\xd3\
\x15\x90kA\x8d\x8a\x96#v\xdb\xf1\x0c\xe2\xd5<\xcd\
0\x07 x\x16y[\xd3w\xbb\x9e3\xb0\x0dP\xa0\
\xe5xM\xe9;g\x17\xf1/\x8f{\xd5r4\x5c\xb8\
y\xeb\x5c\x1b\x04\x8eX\x80\x1fd\xf5\x16J\xbd\x90\xec\
\x12\x12\xac\x19NFk\x1d\xe8\x83\xe1\x16\xe9\x04b\x9a\
\xcb\xb9$\xb3=\xa1\x04\xf3\xd0%-\x15h\x0at\xa4\
\xebz+\xce$~j\xfb\xa4\xbdk\x06\xb5\x94\xceO\
fl\xb1\xd6w^.\x87\x12\x02$A\x1cW\xd3\xcd\
`\xc8|H\x1e3\xd7j~O3\x9c}\x80\x82?\
X\x01R\xdb\xd2\x12\xab3\xc6\xd3\xb4\xc0\xfe\xf4\xb0\xce\
\xd4\xa0Epb\xe94\xdb\xeck\xccY\xf2UrV\
3\x884\xef\x83!v\xd0\xd5\x13\x91\x983\x8f\x9ai\
@\xee\xe2m\xda\x01lp=\xd32*\xf3s\xe9\x95\
\x9c\x91\xa8f\x10\xeaQ\x1a~\xa1\x08\xb9`\xc5\x10\xd3\
0\xb90\x03\x93\xea\xfc\x94lf\x01\xcb`\xa6au\
q\x16V\x17\xa6eua\x0aV\x17feui\x16\
V\x17\xa7euq\x0aV\x17sY\xfd\xcb\x90\x85]\
2\xecx\x10N\xf9\x89u\x9e\xe2\xb7\xf1\xbdtK\xc6\
\x17\xc5;\x0e\xd2\xc6{\xb2\x0c\x81\xba\x5c\x86\x02\x03\x9c\
Y\x99\xc8\x91\x1c\x15\xfa\xa7'\xf6\x9f\x88\xc44h\xaf\
\x87Q\xfbJ\x9d\xe7\x15\xf0\x15\xa3\xcc0\xaa7\xcc=\
\xc94Ve\x1e\xf7\xc9\xb1\x00?\xea\xc3\x98-\xde\x11\
u\xea\x96\xe6\xfb\xab2Wc\x1a$\x07\x0c}\x82\xfc\
\xccJ\x1dz\xfe\xf8\x07\xa4\xdb\xe2\xcf\xe1wT.W\
\xe9\x8a\xaf{\xa6\x1bp\x00y\xaf\xa1.\xa9\xcb\xd29\
B\x02\xe2\x07\xd2\x05[W\xe5h?\xaft\x06\xb6\x8e\
^J\xaa\xec\x9b6l\xfc\x09\xe7(\x0f|\x22\xf9\x81\
g\xea\x81\x1c\x9bf\xb3#U\x82\xa1K\x9c\x8e\xc4\x06\
I\xab\xab\xab\x92\x02\x81\x19\x81\xcd\x98\x18J\xc6\xc3\x06\
=\x0f\xa0l\xb2/\x9d\xf1<\xc7\xab(!7\x1e\xb9\
:0=\xb0\x826\x00@V\x22\x11{\xcf\xf4\x1c\xbb\
\x0f\xb1\xb42\x97\xe7.\xf74O2\x1c}\x80P\xd2\
*gB\x0d[ZI\xc0\x8bZ\xd0\x9b\x00\xe1S\x0a\
\x00\xd7$\x00\x84\xc3\xd5.\x09\xceX\x04\xbf\xfa\xa7\x87\
\x9bZ\xf7\x050\xd3\x8a\x8cP\xf2\xdcVc;\x11\x0b\
E\xea\xdbYo_!zPq\xdaW\x04\xd2\x9b\xbe\
\xba\x03=@\x05\xfe\xcd\x93\x8a\xa3P]\xcf\x09\x1c\xd4\
/\x80\xa70\xed\x10M\x87\xa0z2i\x00\xab\x13\xdf\
\x9f\x13\x99(\xca\xc6\xa9F\x1c\xb4\xb2`\x1d\xc7\x93*\
\x08\xbb\x0b\xc1\x14\x1d \xc4\x16N<\x02\xa8=\xcd_\
\xdf\xb7/y\x8eK\xbc`X\xd9\x9d\xcb\x1dB\x13j\
\xc6de\xb7J\xd1o\xedn\xcf\xb5\xc4\xd0\x07\xd9f\
A\x93G\x82\x81gS\xa1\x0a\x9c\x8fx\x9e\xd6\x1c\x08\
\x18\xbb\x15\x9d\xfe\x97\xe1\x1a\xd5\xe0\x13\xab\xc3U\x96\xc2\
\x8e\xeb7\x9cg\x8e@\xa53\x12\xb3\x22\xf0\xebU@\
c\x0d\x88P%\x88|\x0b`\xb6\x81\x02\x85J\x0b\x90\
\xbb\xe6\x19\xe3E\x8bCs\xcd\x1d0\xa1=\x029\xa4\
\x02\x0f\xb0\x90\xa9\x91\xa9\xba\xd3W\xaa\xa9\x1a\x07\xa2\x81\
|\x13 {A\xe06\xeb\xf54\x04\xd2\xb8\xa4a\x0a\
\xa7\xd4\xc1\x22\xf0Qu{n\x1a\xac\xa3Y\x16&f\
;L!M\xa1\xd0\x96i\x90f\xde\x0a\xf1\x03\x08\x93\
t\xce9\xe4Y[2k\x89\xb3\x8fe\x0d\xc3\xae\xb1\
\x0e0c[\xbd\x0a\xb9\x8a\xda'\xf2vU\x8c\x15\xf9\
\x05\xd6)i%\x07\x86\xf3\xa5\xd4\x19\xde\xfa\x15\xbf\x1e\
\xd2l\xd0\xbf+\xbe\x22X\x90\x02l\x9d\x81e\xb9Z\
\xf7\xffI\xc8\x90z\x9e\x9c\x13\xee\xe2\xa2\x86\xad\x85\xb2\
\xa6Vg\x8a\xc0\x0e,\x8c\x9d\xcc\x0a\x98\x18C\xae[\
\xca\xb7\xb1\xd0\xcd\x98\xfe\x06\xec;v\xb7\x82\xa0*\x0a\
\x9a\xefc\xb8?\xa0\x90)n\xb6\xa2\xe1\xdb\x02B\x07\
\x12\xb1`\x87Cz\x14\x0e\x0c|\x87\xc7 OBL\
\x0dU\x9aO\xea\x09\x90\xd2U\xda\x9a}n\xc8\xb5\x80\
`\xa9d2\x1dy\xae\xbd|F\xe2\x9e\x0f\xb1\xcc\xea\
\xf6\xa6q}\xcc\xfd\x15\xfa\xf38\xc3\xa6\xff\xc2\xa0\xdf\
\x86\x88a5&\xa1\x98\x03\xae\xdd0f\xa1@,d\
\xb1)\x8ad\xa0\x91\xa1\xc3\x16\xe2S\xd1\xf1)\x8a\x12\
:\xa7\x1d\xc7\x22\x9a\xfdT\x84\xda\x0cG\x09%6\x93\
OE\xc8\xa1(\x14\xe9\xf8q\xdez\x0cZmX\xff\
\xc5\x94\xcf\x86\x04\x9f\x86v8\xb2P\xca\x8b\xeb\xa7/\
<\x7f\x06\xe8\xd4/:m\xb3n\xaa\xe8f+\xb6\xb6\
gv\xb5\xc0\xf1T\x08m\xbd\x1fv!\xc8\x9bK\x0d\
tQ1|\xf4\xb3\xd2\xa2\x94.\xee!\x8c\xcem\xd4\
\xc7]8M\x19]\xec \xeaI\xf6\xd9\xce\xfesZ\
@\x12\xe2\x0b\xa3\x10\x83A\xa1\xe1\xe1\x80J:bB\
\x98!\xd1p\xf9#(\x06\xadgA\xfb/A\x93\x10\
\xb6\xef\xd84\x0c\x0e\x81/\xe23\x90>!\xcd\xb7D\
\xd4\x871\xd8\x5c\x06z\xce\xc0\xf3c\x80\xe7\xf1YL\
\xde\xb4\x070\x01q\x06X\x8b\x10\xda'\xe0\xfb\x8c8\
\xf4\x06k\xa1\xd0Ixt\xdeL\xb8gV\xa5y\x5c\
\x8f\xecieU:%\xf4E\xa1&\x94\x86\x02\xd2\xd3\
\xa7\xfc(2\xa4\x80\x0a\x01\xfc\x0d\xc4\x8f\xdfs\xb13\
\xcd1\xdc\xf0\xbd\x1c3\xd3a\x88\x9b=\xe5b\x0f\x15\
\xce\xf0\xd3\xa7r\x0a\xa1\xeeC\x1a\xe1s\xbe\x86\xa2\xc9\
\xe2:b\xcf\xe5\x94\xc2y\x0b)\x85\xcf\xb9\x94&\x13\
\xcd(\xf1\xe7bJ\xd4\x00\x07\x9e\x07\xb6\xcb\xad\x84\x1a\
\xc2\x09I\xa9E3\x1a=\xe1|\x9c\x90d\xf8\xe3\xfa\
\xc2\xa7\xa6<\x91*z\x16\xd3\xe6^(F\xaf()\
\xf54H2\xfb\xc5\xd6\xcd1\xbax\x9ez\xc1\x0e*\
\x98\x91\xaal \x00\x7f\x1f+.\x8d\x06\x1afeb\
\xfcs*u\x7f\xeb\x9dJ\xda\xe5%\xe9c)a\x83\
f\xff\x09\x1e\x06\x9eU\x95\xf4\xb68\xdd\x09\xc1\xa3\xfc\
W\xf7\x08\x10\xe5)pEf\x00r\xdaNY\xb3\xca\
\xcf\x85a<?\x19\x16\x83i\xfe\xd0\xd61\xbe\xf0\xe8\
\xbe\x9f\x84\xa9\xd7\xa5\xd1\xdd\xff\xe1\x91\xf0\xd1\xfb\xaf>\
\xfe\xc5{\xe3Wn<\xfa\xf2\xd5\xf1\xfd;\xe3\xaf\x1e\
\x8c\xde\xf8H\xc2\xf3N\x7f\xdd3\xbb\xa6\x9d]v<\
\xa8\xbd\x1c\x06\xd3\x971\x9a\xaew\x99\xc7\x07\xd9\xc5\x91\
c(\xc0\x043\x0a\xa1\xd9\x8e=\xec;\x03_.\xab\
\x8c\xf1\xf1\x8eM\xb0\xa4Q<\xe7\xf8\xd1\xdb\x15\x94>\
\xad\xc7\x03\x81\xff\xc3i$X\x93\x80X\xd0'\xad\x1c\
\xba\x08\x050\xd13L\x9b1DU\x10\x98\x14\xbbK\
\xcaYB\xe5\x1d\xe3\xc4\x8e\x1f\x17\x87m\x95c\x9c\x00\
E\xbf\x81\xe8\xa5\xeb\xd7\xf3\x93}\x99\xe1\x93\xe9V=\
\xe3P\x986\xd7\x82)\xcc\x19\xcc\xe6Q<>R\x19\
_a\xe2\x084\xd84\xfb\xc4\x19\x04\x95\x12\xc5\xc4\xe6\
\x8cNAn\xbd\xa2*5\xe6\xa6\x88\xcd\xc5S\xe8{\
h\x12\xb0@3'\xa4\x9a\xa1j\xae\x0b\xe1\xfb\x1a=\
\xb2`\xf0\xc5\xa6o;^_\xb3\xcc\x97\xc9sN_\
3\x93\x01\x96A\x9b2\x92\x82\xdd\xf9.\xd1M\xcd\x92\
\x18DS\x1a\x90\xbe\xaf\xfaC\x7f\xa0\x12c\xa0\xeav\
\xfd\xca\xfe\xb5 \xcc\x8a\xeb\x99\xe1\xdc\x97\xb1\xd10S\
\xae\xa5\xe9\xa4R\xff\x09\xd6\x14\xfcg\x9b\x97\xeb\x97\xeb\
\xd7/\xd7\xd5\xef\x7f\xb7\xde\xadJ\x0a\xc4k\x19\x02B\
\xdfX\x82o\x82\x0dX(\xe48?<\x8c\xd4u\x89\
\x95\x07c%5h\xc8\xa8\xcaeP.\xf5\xd5![\
\x97\xeb'('u%\xbd\x06\xd0\xb0(\xaci\x1b\xe4\
\x1a\xb8m\x84\xa1!rC\xb8\xde8z\x80\x02\xbf\xef\
je\x11I\xb4\x85$\x00sE\xfc\xd1\x80x\xc3\x84\
\x8cW\xb1%\xc3\x09u\x07\xe2\xae\x18UE)\xdf\x9e\
\xaf\xa20\xcf*\x05\xf53Ff\xd6<2Q\x19\xe0\
`\xd7\xafG\xb9`\xa2\x89\xa7S\xbc-\xd7\xcc\x91\xd5\
\xab\xa0ub\xeb\x8eA~\xfc\xe2\x855pB\xe0\xd4\
a\xeb\x03fp\x1fVV\x15q?\xa7\x06\x10\xc7\x95\
)\x9c\x80h\x91\x5ce\x19\xcd\xb3\x8a\x90?\xaaFe\
\xaa\xb5pu\xb2,\x8f\x7f\xb7\xce\xcc#\x7fi\xf4\xb5\
]\x10\xe5\xf9\xe4\xba\xe7%\xc1*7\xbf*]_U\
I\xbc \x8c\xd0\xcb\xa4\xfcN\xe8k2\x9b<\x92\x05\
W\x17\x1f\x81\xa6\xc7\xcd\xedDj\xb5\xf2\xf5!\xd0X\
\x8e/\xc3\x0fC\x1f\xca\x81\xc1\x1fc\xf2\x84\xc0\xc7f\
\xb6s\xae\xc7$\xa48\xc2J\xa8\x8dUi\xaa\xb0\xb9\
\xd8FUJ+\xd1Oh17\x08\x0b\xbc\xe1\x8b\x04\
@\xfcd\xdc\xa6\x059;\xdeD\x99|&3\xb3\xe7\
oi\xc1vr\x0a\x05Kt\x12/\xb2\x18qB\x1a\
\x82\x9a\xc2c\x80\xa2\xfe\x10F\x0b0\x13\xe0\xfc\xa8\x16\
\xb1\xbb\xe0\xe5j\xd2|\xe1\xc0\x82P)\xfd\xa1\x1b\x10\
^9\x94x\x81Z\xa2\xa1X\xf1 \x96\xa7\xd8F)\
\x13\x94\x11V\x82\xa3hw\xd0\xfeA\xe3'\x1b\xcb\xad\
\xf2\x91\x93\x19\xca\xacG:5b?/\xae\x0d\xa2\x88\
\xec\xdc,\x5cl\x18\xd4\x96\x0c=\xc8\xef.\xaeEF\
\xc5\xe5hM\xe2D\x9e\x80i+\xa0\x98C\xad\x9cR\
i\x84%*\x12\x96\x84\xd01\xce\x1b\xd9\xa0)i\xcf\
W|\xc7v\x05\xc1Rd\xb8\xa1\xca\xc3\x92\x8fp\xd7\
\x0cKj|\x82\xb0b\xf1\xbc\xd9\x16o:\x1c\x84\xd7\
gS#\x04Z\x08\x09\x87GN\xad\xbc\x9d\xb9<?\
\xe7\xb4\x9cN\x07/I\x8a\xb9KRSE%~\xc8\
Gg`B\x90\xbc\xb71\xd3\xe2!\xda\x0e\xe6\xdea\
\xfa\x9b\xb9C\x88g\xb6[z{;9CZ\xa0\xe5\
\x86\x07\xd8\xa9\x86%8,\xbd\x0et<|Tr\xed\
=\x92\x98\x8e\xa4\xb8\x8b\x8f\x0a\x8e\xc5HL\x87un\
\xe6\x03\x81'\x9f\x06\x81\xc1$\xd4\x18\x9d\xd2\x0b\xc6\x82\
\xe1\xe41d\x10L\xccb\xa8\x84\x22\xe9Z\xa0\xf7`\
s\x10\xaa\xa5$)\xc2\xbd(rp\xe8\xfeC\xdbS\
s7U\x01\x91.\xde?\xe6&\x15T\xf3\xd77@\
\xb5\xd3\x07(Sl\x7fe[\xdf\x1fl\xde\x0e\x8a\xb3\
\xbd\xd8\xa6 \x8cFp\x83H\xf3\x98P0u\xba\x02\
\x0do)}\xc76\xb1@\x1e?=\xde\xc6,\x87w\
\xd4q\xf7T\x84\xca\x0f \xbbn\x865\xee\xca\x9cP\
\xfd\xf4tm\xc74J\xa6\xa9\x07:\x83\x80\x81D`\
Q\x8b\x00\xda\x85IwEh\xc85\x9d\xb8\xa8\x99\x1d\
PH\x13\xb5\x22\x02\x8av\xf7fv\xc3/]#\x89\
3\xabLA\x90^|\xc9N\x13\xc5\xbf\x09\x11K8\
\x03\xc2\xa8\x90B\xf9\xd9\x83~\x96K\x05\xfb\x8e\xb7K\
Q7%\xe5\xe8\xe1O\x8f\x1e|\xf0\xf8\xed\xf7\x1e\xdd\
\xbd+:\x06\xee\x06H-\x84\xee\x06\xa3\xcf\xde\x1d\x7f\
\xfe\xe5\xe1\xbd\xdb\xe3\x7f\xba\x0b\xdf\x8f~\xfb\xeb\xc3{\
\xffq\xf4\xbb\x07\xa3\x0fo*\xc5f\x1a\xbb\xfc\x13n\
'6\x170y6S\xb0\xf7\xf1\x11L\x0d\xfeV\xa4\
\x8d\xcc\xbd\x90|'\x99\xbeQT\x8e\xaa\xc8\x9c\x0cX\
\xea\xa9\x03\xb1\xbc\xba-\xbfG\x14^`\x82TSp\
q\xe8\xf4\xf0\x82Q\x91\xbb\xc1\x8ee\xb6\xe5|K\xa6\
\xfb\x15%]\xc9\xc6\x0al\x83a\xc7\xbf\xb8_\xf2\xba\
Z^\xf9\x99\xf3\x85\x97\xa1C\xde\x12%`\x9fxk\
\xa2PF\xb0=S0~\xf8\xc4\xef\xcbL\x86\x8bO\
`&\xfd*\xad\xd5\x14\xcd~\x14\x10\xaf\xb2\xcb'>\
\xde>\x11O<\xddnc\xb8\xc3\xa1S\xa2\xe7:\xb1\
\x1c\x9d\xde\xc4Uc\xa1\xb8\x22\xa0)\xa8K\xe3\xe5\xa8\
\xbf>\xbbV(p7`K\xbfq\xb2\xa1w:\xa4\
\xb3\xa4\x91\x93?h\x9f4N\x92\x93\x0b\xa7:D;\
ur\xa9\xd1n\x18\xf3\x8a\xb0\xf8)@\xb4\xd86\x16\
\x97\x97\x1a\xcb\x1aY\xd2:\xa7\x16\x16\x89\xb1\xf8\x17d\
~qy\xfeT{~\xc9XZ(\xb4-\xcd5\xd9\
-\x13T\xefp\xd0\xd7{\xa6\xad\xc5\x9d9\xc8\x1dJ\
\xe6X\x06\x04\xc0E\xa8v\x8aq\x95\xaa0\xa3*!\
\xeb\x13\x9b:\xb7\x89!J|\xc0l\x04\xa2]\xa2\x84\
\xceZ\x08\x97$\x17\x0d\x9f\x82j\x14\xf3\xc7\xd9%\xd4\
\xcfN\x15\xf8\x0b\x86\x15G\xf04U\xa9le'\x07\
|Pz\xf2\xb7\xa3\xad=\xbc\xc75\xc9d&N\x01\
\x0c|M\xbc\xfdD\xfb\x17\xbbi\x16\x01Rt-1\
,\xba\x9e\xf23\x07\x81&&l\xb4J\xa2*\xf4H\
I\x07\x1cfE\xc2\x90\xaa%\xaa\x9dDg\xf7[\xf4\
Z\x10p\x9cn\x01}nm\xe7\x08\x89\xdb1\xf3\xcc\
\x13`\x05%Wr.2\xf9\xcc\xa6)\xc8\x5c\xd1\xf5\
\xb0\xc1\x84!\x85_\x09VZy\xc7\x1d)\x96Uw\
\xe0\xf7*Hc\xaeUtBR\x16_O\xe69y\
a\x0d\xa5\x9c\xf4EQx\xd44\xd1\xc5\x04\x8a\x85\xe8\
x%d\xda\xba\xd2\xb4\xb5%\x91\xc6:\x9ai)%\
%\x91I0VQ\xe2\xf1\x93\x12Ea\xad\xa7-\x9a\
\x88&\x92\x18e\x8c\xb1\xa4\xd8\xcf.\xc5\x92q\xd1\xd5\
]\x13\x866\xaa\x12\xb8.\xc4\xd1\x0e\x8bm-\xe8X\
\xc1\xd6\x16\x850i\x15g\x9a\xbaW\x94\xa5\x03\xae-\
s{\x8a*\x15\xf3\x88\xe1\xf5\x9e\x8a\xde\x9e\x9b\x8a\x10\
/\x01\xcdMA\xe1\xe0\x89\xeb]b\xab\xdf\xda~\x82\
zVIi\x80\x19{\x18\xaa\xe5\x17P\xc1P+\xd3\
\xa1\xc2u\x9d\x8f\xe8\x89V\xb4\x98_|w\xa24\xad\
\x15\xba\x9bi2Yq\x11\xee`.|\xeb\xa0\x85\xef\
/D\xef-\xa4\xdfa\x88\xdc\x07\xa6\x9e\xe7H\x10V\
\xf7h\xcd\x9a\x17x\xaa,]J\x88\x00:\x800\xf8\
Z\xcf\xe3\xc1\xec\xdf]|\xfe<\x04\x9c\xe1\xf0$c\
\x00\xa6:.\xb1+\xf2\xb93\x9b2M\xa1\x99\x9f\x14\
\x80\xcdx\xd6\x8e\xaa\xc6q\xb1sp\xd4{\x92\x1d\xf5\
\xb9\xf5\x17\xce\xe4\x16\x1dpxT\xd5Z\x95\x16\x1a\x8d\
\xc2\xf2<\xcf\xd0\xb8n\xa6I\xcd\x22\x0f\xc6\x86p~\
}\x17TH6a\xa3\xae\xa2\xe4\xb3Ti\x0b\xfde\
\x8cG2m\xf2\x98\xc8\xd7c\x0a\x99\x99\xb3)\x13C\
6\xd3S\xdc\xeex\x12a\xa6\x12\xa2\x905\xb4\x85\xc8\
\x89D\x11j\xc2T.9~\xd2V\xb0\x18\xf9\x7fa\
1\x97\xd672&\x93\xe45\xe4\xe3<\x98\x00\xf1*\
\xf2\x1a\xfb\xb1\x80\x1a\xc6\xbdx\xf1]s]\xcbdi\
Z\x1d\x03\xddV\xf8\x83\x13\xecV\xd1\x9fm\xf0\xcf6\
\xf8\xc7j\x83\x7f\xb5\xb1\xfe\x82\xcanx\x9b\x9d!+\
\xf8\xc7\xec\xb2`_\xa3\x09\x85\xa3\xef\xd2\xfbs\x18)\
G\x04x\x92\x13]\xf2\xca\x91\xdc\x82\x91\xec\x94Q\xe6\
\xaf\xf1`\xad\xc3\xea\x81\xdd7\x17\x16\x17\x17\xa3\x9b;\
\xbc\xeeZ\xc7=[N\x88!\xdaR'\xd4\xb2\xab/\
SU\x06\x16\xd0`\x81\x07\xaa\x08z\xaf11.\x9b\
\x92xD'\xe6\x1e\xb9\x08k\x5c\xeb\x92\x0a\x0e\xc72\
0\xc5\x13K\xe1\xe3\xa5\xae\xf4kG\x11\x87\xf1\xa9\x13\
M\xb2f\x11/\xa8\xc8\xe3w?\x1a\xff\xe7;\x87\xf7\
\xde\x1c\xddy\xf3\xe8\xdf\xef>~\xe5\xfd\xc3o>\xfe\
\xfd\xd7\xb7\xd8\xaf\xcc\x1c}tc\xf4\xfa/F\x9f\xdc\
\x1c\xdd\xfa\xf9\xe8\x97\xbf{\xf4_\xbf\xca\xdcw<\xc8\
w\xb5)qP\x12q\x1d\x22\xaa\x14\xd2\x03\xf9\x0db\
\x11=\xc0\xd0\x8d\xfe \x892\xa7\xd2\xf7dU\xfe[\
&8\xa9\xf4gL\x12\xaf^N\xca{\x95\xecm\xae\
\xc3\x07\xbf:\xbcwSZ\x92\x0e\xef\xfd\xe6\xf1k\xb7\
\x8f\x1e~>z\xeb\x1f\xc6\xef|qx\xef\xfe\xe8\x9b\
\xd7\x1e\x7f\xfc\x00\x04>\xbcw\xfb\xd1?><\xfa\xfa\
\xfe\xe8\x8b\x9f&\x11\xe0\xd1I\xa6\x18\x1f/\xc4\xe7T\
\xe0\xf9qb3<S\x00F\x1e}\xfc\xe9\xd1/\xef\
\x1f\xbd\xfd\xe9\xf8\xf5\xaf@\xe1\xa3\xb7\xbe\x18\xff\xdb+\
\xe3/o\x8e?\xbc\x01\x0a\x1f\x7fp{\xf4\xc6\xc7\xa3\
\xf7>\xc5\xe2\xf3\x9d_\x8f>\x7fg\xfc\xc1\xfd\xccU\
\xa1\xf0M\x9c&OV\x01- <\xbc\xff&\x83\x1f\
\xbf\xfb\xdf\x8c\x0a \x19\xff\xfc\x8bh\x1e\x8f\xde\x7f5\
D\x98y\xe5\xcd\x18\xe8 \xa3\xec:\xee\xc0\x95)\xc6\
\xc3\xfb\x9f\x8c~vc\xf4\xf0_G_\xbf\x05\xca\x19\
\xddzm|\xf3\xb7\xbf\xff\xfa}\xfa\xbb&\xd0@A\
\x85?l\x22\xd3\x9f\xa1\x91S\xba`\xf5L\xcaq|\
\xf1J\xb0A\x19\xb0\x103k\x88\xde\xa2g}\xc9s\
\x1c&\xfbz\xea\x8d\x9dI3\xbf\x1f\xb8\xe9\xc0\xea\xe1\
\xad\x89\x1b?1H\xc7~\x11\xf7\xbc\xa2;\x8f\xb3.\
L\xc5\x06\xa7\x1c\xcfj\x0frio\xf0\xbd\xac\xe4}\
\x07p\x18\x03+\xa0\x19p4\xb8K\x82\xbf\xd1,\xd3\
\x10\xbd~0\xb3\xe7\x0bS\x189\xe3\x8d\xd0a\x8b\x0f\
Y\xe4h\xc9\xcbM\xceaX\xfd\xdc):\x8f\x92}\
\xa2\xe3\xe1Qv\x14\xef\x10\x8d\xd9\xe3\xa2f\x07\x85=\
\xd9\x83\x99\xd4\x89A~\xc8\x17j\x7f\x0a\x87\x1es\x9a\
\xcc\xa8\xc6\xaf\xdf\x19\xbd\xf1/`\x0c\x8f\xee~\xf5\xe8\
\x9b\xb7G\xff\xfc\xe1\xd1\xa77G\xf7\xdf:z\xf0\xc9\
\xd1\x83\xcf\xd0\x9f>\xf8l\xfc\xb3\xdb\x87\x0f?\x90\xb3\
\xae>vb\xf6\x87q\xd5e\xee9\xfcL\xb36Y\
\xe6\x1c\xf1\x97-\x1a?)G\x93\xcd\x22\x93\xd8\xd6\xe9\
\xef\xae\xfd/\xfb\x06\x03\xad\
\x00\x01\x85\x13\
<\
\xb8d\x18\xca\xef\x9c\x95\xcd!\x1c\xbf`\xa1\xbd\xdd\xa7\
\x00\x00\x00\x05zh_TWB\x00\x00\x1eh\x00\x00\
\x05;\x00\x01G[\x00\x00\x05\xaf\x00\x00\x0c^\x00\x00\
F\x91\x00\x01\x5c\xed\x00\x00G\xa4\x00\x00\x1a\x82\x00\x00\
G\xa4\x00\x01\x13F\x00\x00H,\x00\x00|\xdf\x00\x00\
H,\x00\x00\x86\xc3\x00\x00U\x1e\x00\x00!\x83\x00\x00\
U\x1e\x00\x00\xc1a\x00\x00U\x1e\x00\x00\xf1\x14\x00\x00\
U\x1e\x00\x013\x10\x00\x00i\xf4\x00\x01\x5c\xbb\x00\x03\
iP\x00\x01^w\x00\x03{P\x00\x01^\xab\x00\x03\
\xa5P\x00\x01_\x5c\x00\x04\x8c\xaf\x00\x00\x01F\x00\x04\
\x8c\xaf\x00\x01]Q\x00\x04\x8c\xaf\x00\x01_\xfc\x00\x04\
\x96$\x00\x00}\xe7\x00\x04\x96\xa8\x00\x00\xb2\xcb\x00\x04\
\xa5\xa5\x00\x011\x96\x00\x04\xa6y\x00\x00\x85\x07\x00\x04\
\xa6y\x00\x00\x8f+\x00\x04\xa6y\x00\x00\xf9j\x00\x04\
\xa8\x8b\x00\x01\x02V\x00\x04\xbb\x04\x00\x00n[\x00\x04\
\xbb\x04\x00\x00\x7f\x1b\x00\x04\xc8\xa4\x00\x00.>\x00\x04\
\xcf\x04\x00\x013C\x00\x04\xcf\x04\x00\x01J@\x00\x04\
\xd9]\x00\x00\x09\xf8\x00\x04\xef\xd8\x00\x00-\xb5\x00\x05\
\x04\xcf\x00\x00\x87~\x00\x055\xe3\x00\x00\x87\xaa\x00\x05\
5\xe3\x00\x01(o\x00\x05U\xa5\x00\x00\x1b\x8a\x00\x05\
v\x94\x00\x00\x93\xe8\x00\x05v\x94\x00\x01\x0b\x09\x00\x05\
\x98\xc5\x00\x01\x18\x08\x00\x05\xa2\x00\x00\x00JL\x00\x05\
\xa2\x00\x00\x00X\xd2\x00\x05\xa2\x00\x00\x00\xa7\xba\x00\x05\
\xa3g\x00\x00.\x94\x00\x05\xa6\x94\x00\x01Ib\x00\x05\
\xab`\x00\x01\x09\x04\x00\x05\xac\xa4\x00\x01\x0b\xe8\x00\x05\
\xac\xf4\x00\x00\x82c\x00\x05\xc0e\x00\x00\xf2M\x00\x05\
\xcf\xc7\x00\x00\xa9y\x00\x06\xc3\xae\x00\x00/S\x00\x09\
%\xb5\x00\x00\x84\xce\x00\x0a\xed\xb3\x00\x00B\x82\x00\x0b\
%U\x00\x00\xee\xed\x00\x0d1\x89\x00\x01Mi\x00\x0d\
1\xa9\x00\x00\xab\x12\x00\x0fl5\x00\x01@\xbf\x00\x11\
\xf0\x89\x00\x00\xb2\x96\x00\x141\x85\x00\x00'$\x000\
3^\x00\x00\x8e\x9c\x004\x16N\x00\x00b\x9a\x004\
;P\x00\x01]\xb7\x006\x11\xc5\x00\x01Z\xca\x00A\
0G\x00\x00\x09\xa4\x00A0G\x00\x00V$\x00E\
.\x13\x00\x00c\xc3\x00G\x96\xc4\x00\x00\xa2\xc7\x00H\
P5\x00\x00Yo\x00HP5\x00\x00}\x07\x00H\
W\x03\x00\x00\x7f\xcc\x00H\xba\xff\x00\x00TD\x00H\
\xba\xff\x00\x00W\x13\x00J+\x82\x00\x00\x15K\x00J\
l\xc2\x00\x00T\xa7\x00Jl\xc2\x00\x01`\x98\x00J\
\xb9\xb7\x00\x00\x87$\x00L\x99b\x00\x00\x87Q\x00M\
\xc9\xbe\x00\x01 \xd9\x00R\xfd\xf4\x00\x01\x02\x86\x00T\
\xc9\xf3\x00\x00$\x19\x00T\xc9\xf3\x00\x00[Z\x00U\
j\xc3\x00\x00!\xaa\x00V\x89\x95\x00\x00w0\x00V\
\x89\x95\x00\x00\xf0w\x00V\x89\x95\x00\x00\xf4\xc1\x00V\
\x8c\x95\x00\x00L\x17\x00Zn\xa9\x00\x00(k\x00Z\
n\xa9\x00\x01\x03\xf2\x00Z\xec5\x00\x01\x03\xc1\x00[\
\x0b%\x00\x00\x22z\x00[\x0b%\x00\x00\xc1\x91\x00[\
\x0b%\x00\x00\xf2\x1d\x00[\x0b%\x00\x01I\xc5\x00[\
=\xc1\x00\x00\xfb\x8f\x00\x5c\xfa\xbf\x00\x00U\xb7\x00b\
^.\x00\x00\x06\x1e\x00p_\xc4\x00\x00+\xbf\x00p\
|5\x00\x01#\xe5\x00q\x9dI\x00\x00\xf7\x15\x00s\
\x17\x98\x00\x00y}\x00\x80\x80\xa3\x00\x00q-\x00\x8e\
&\xe5\x00\x01G\xff\x00\x93\xbf\xd3\x00\x00>\xc2\x00\x97\
\x96\x04\x00\x00\x8f\xc9\x00\x98\x15\xf4\x00\x00h,\x00\x9f\
\xf9\xc3\x00\x00{<\x00\xa1m\xde\x00\x01>q\x00\xa2\
[\xc9\x00\x01\x18\xe2\x00\xa7\xe7\xd5\x00\x01^1\x00\xad\
]\x02\x00\x00,\xd3\x00\xae\xb9\xc9\x00\x01X\xd1\x00\xcf\
=\xfe\x00\x009\x92\x00\xd4\xad\x1e\x00\x00\xa4\xab\x00\xdf\
\x1dN\x00\x00\xa2\xef\x00\xe4\x9e\xa2\x00\x01X\x18\x00\xe7\
\x86\xe5\x00\x01Y\x84\x00\xe8\xc6&\x00\x007\x92\x00\xe9\
W>\x00\x00w[\x00\xedM\xd9\x00\x00\x07\xda\x00\xf2\
\x92d\x00\x00\xa4<\x01\x00\x07\xa9\x00\x01\x1d]\x01\x06\
D>\x00\x01F\x93\x01\x06F\xd3\x00\x00\x1dR\x01\x0f\
\x08s\x00\x011\xcc\x01\x14\x82\x04\x00\x00\xf2\xf6\x01\x16\
\xa0s\x00\x00\xaf\xf3\x01\x16\xbe\x12\x00\x00\x19\x03\x01\x18\
\x0ds\x00\x00\xb7\x1f\x01\x1eD\xa9\x00\x00\x19\xe0\x01$\
\xdd\x1e\x00\x00\x8d\xd4\x01&\xc4C\x00\x01.\xe9\x01*\
\xd0\x97\x00\x00\xdf=\x01.\xb4B\x00\x00)\x12\x016\
\xa0s\x00\x01[|\x017\x93e\x00\x00d\xdd\x017\
\xac3\x00\x00% \x01D\xca\xd3\x00\x00/\xe2\x01E\
\xfd\x93\x00\x00\xb3U\x01L\x05\x03\x00\x00&\xe0\x01Z\
*\xce\x00\x00\xbb\xa3\x01\x5cHT\x00\x01\x12s\x01d\
\xfa\x0e\x00\x01\x114\x01h\xf6;\x00\x00I:\x01k\
l\xf3\x00\x00\xdf~\x01r\xc7\x12\x00\x00\xee\xb6\x01\x7f\
\xe7\xf9\x00\x00\x91[\x01\x83sr\x00\x00(\xaa\x01\x86\
'\x0e\x00\x00\x13\x8a\x01\x86\xb7\xee\x00\x01`&\x01\x9f\
5\xc4\x00\x01^\xe3\x01\xa3\x9cr\x00\x0023\x01\xa4\
\x92?\x00\x00\x01\xa7\x01\xaf{\xc4\x00\x00\xf4\xed\x01\xb2\
*\x09\x00\x00\xdb\x7f\x01\xc4O\x09\x00\x00n\x88\x01\xd0\
\x87\xb6\x00\x01/(\x01\xdc\x8f\x89\x00\x01`\xc5\x01\xe3\
\x9a^\x00\x00\x94\x94\x01\xe5\x8b\x03\x00\x00\xbat\x01\xe7\
\xf5T\x00\x01%u\x01\xf7\xa0>\x00\x01)\xc3\x02\x00\
\x06\xa9\x00\x00`-\x02\x03`\x93\x00\x00\xbb\x12\x02\x0b\
\xc0\x0d\x00\x00x\x0a\x02\x0b\xc0\x0d\x00\x01cS\x02\x0d\
V#\x00\x01]\xf0\x02\x105\x8e\x00\x00\x0c\x86\x02\x15\
[\x19\x00\x01\x0d\xa7\x02\x19E\xe7\x00\x00+\xf8\x02\x1e\
\x06n\x00\x00\xa7\xe1\x02\x1f\x8bY\x00\x00r|\x02%\
au\x00\x00ev\x02'SU\x00\x00v3\x02(\
\xd1d\x00\x01\x1c3\x021\xdf2\x00\x01\x00,\x022\
C\xf9\x00\x00\x0e\xd8\x02K\x12\xcd\x00\x01E\xac\x02N\
\xe1\x15\x00\x01\x19\xd3\x02P\xbe\x93\x00\x00:\x81\x02R\
fr\x00\x01P\x83\x02SP\xae\x00\x01=\xe7\x02T\
\x08\xf9\x00\x00\x08`\x02V\xd13\x00\x00\xb2L\x02X\
\xa6\x94\x00\x01\x1d\x22\x02X\xfa#\x00\x01\x0be\x02Z\
\xe7\xac\x00\x00\x91\xc2\x02\x5cm\xf9\x00\x00\xaf8\x02a\
\xeb\x99\x00\x00\x8d\x85\x02gV\xd4\x00\x01\x1cp\x02u\
\x1f\xf5\x00\x00s\x07\x02u\x1f\xf5\x00\x01\x17\xa0\x02u\
\xee\x05\x00\x01H\xae\x02u\xf9\xa5\x00\x00s;\x02u\
\xf9\xa5\x00\x01\x17\xd4\x02w\x0b5\x00\x01\x10\xb1\x02w\
0\x95\x00\x01G\xc3\x02{\x9fP\x00\x01[\xfb\x02\x7f\
\x1ar\x00\x00\xd6\xa2\x02\x87u\x99\x00\x00\x8bS\x02\x8a\
JU\x00\x01)/\x02\x98\xb0\xe4\x00\x00@]\x02\xa4\
\x11\xb5\x00\x00\xc3\x13\x02\xa4\x11\xb5\x00\x00\xd5\x9e\x02\xa5\
\xe1\x05\x00\x01U\xa1\x02\xa8\xa1c\x00\x01Y\xfe\x02\xa8\
\xd9$\x00\x00\xdcq\x02\xba\x93D\x00\x00\xfeA\x02\xbe\
\x0an\x00\x00\x22\xa3\x02\xbe\x0an\x00\x00Y\xcf\x02\xbe\
\x0an\x00\x01\x19&\x02\xbf\xc6\xed\x00\x00u#\x02\xc5\
\x01U\x00\x01N\x1e\x02\xccq\x04\x00\x01U\x08\x02\xcd\
\xd7n\x00\x00D\xa9\x02\xd9\x90\xde\x00\x00\x1e\xfd\x02\xd9\
\x90\xde\x00\x01\x22\xe7\x02\xdc\xb4\x9f\x00\x01\x1a\xc7\x02\xde\
\x9bE\x00\x00q\xc8\x02\xdf\x0dD\x00\x00\xc1\x17\x02\xe1\
<\xce\x00\x00\x8b\xd9\x02\xe3\xe7\x19\x00\x00\xad\x1f\x02\xe7\
-~\x00\x01?\x89\x02\xe8\xce\xa5\x00\x00p\xc3\x02\xf0\
@\xd4\x00\x01\x08\x85\x02\xf2\xc8\x96\x00\x00#;\x02\xf5\
,\xe2\x00\x01\x1au\x02\xf8\x15\xf4\x00\x00\x15\xee\x02\xfa\
2/\x00\x00\xae\xd1\x02\xfc\xb4\x9f\x00\x00$y\x03\x0e\
_\xfb\x00\x00\x10.\x03\x13\x87u\x00\x01V\xea\x03\x16\
\x17\xd5\x00\x00o\x96\x03\x16Jn\x00\x008\xef\x03\x16\
iD\x00\x00i\x8e\x03\x1c\xc2\x17\x00\x00J\xbf\x03 \
\x90>\x00\x00e\xbe\x03\x22\xe8\xd9\x00\x01,\xb4\x03)\
\xd5\xf5\x00\x01\x03/\x033\x84\xad\x00\x00\xefD\x03<\
;\xff\x00\x009<\x03<;\xff\x00\x00\xf9\x94\x03=\
\xb2>\x00\x01F@\x03?\xff\xa3\x00\x010\x8a\x03@\
\x9e\xb5\x00\x00i\xca\x03B<S\x00\x01!\x0b\x03K\
F\xe3\x00\x00N\x07\x03KF\xe3\x00\x00\xf3\x9a\x03U\
\xc5I\x00\x00\x08\x17\x03U\xc6\x0f\x00\x00\xaa\xce\x03Y\
V\x94\x00\x01\x08\x01\x03b\x1fr\x00\x00\x84\x90\x03f\
\xd1s\x00\x00=H\x03g;-\x00\x01\x09\xa1\x03g\
W.\x00\x00\x9b\x09\x03\x81\xe8\xd3\x00\x00\x0e}\x03\x8c\
\x98\xb5\x00\x00>B\x03\x8c\xdb\x87\x00\x00\xd8\x19\x03\x8d\
Y\xc4\x00\x01_&\x03\x8e\x12R\x00\x00\xf8\xb8\x03\x8f\
\x9f\x85\x00\x00r@\x03\x96\x9dY\x00\x000p\x03\x9e\
\xcfD\x00\x00h\xa5\x03\xb68\xc7\x00\x01\x0e\x99\x03\xbe\
\x185\x00\x00\x09,\x03\xc0Q\xab\x00\x00\x14\x96\x03\xc0\
\xa2\x1d\x00\x00a\xd3\x03\xc5\xde\x04\x00\x00\xda\x1a\x03\xcd\
Y\xc4\x00\x01_\x92\x03\xce^\xc4\x00\x00\x80h\x03\xcf\
Tm\x00\x00\x04\xa1\x03\xd2\xa7\x09\x00\x01\x00f\x03\xd3\
\x8fU\x00\x01A^\x03\xde\xe0\x1c\x00\x01\x12>\x03\xe6\
\xf0\x17\x00\x01&\xee\x03\xe9.\x85\x00\x00\xba6\x03\xf0\
\xf7s\x00\x00\x8d;\x03\xf7E\xf2\x00\x01\x00\xed\x03\xf8\
}\x19\x00\x00\x1e\x08\x03\xf9\xc5N\x00\x002\xcc\x03\xfa\
\x84\xc4\x00\x01eB\x03\xfb\x13\x04\x00\x00*\xaa\x04\x02\
9#\x00\x001\x0a\x04\x14\x80\xfe\x00\x00\xa6]\x04\x19\
\x18\xde\x00\x00j\xfe\x04\x1e\xf3\x8f\x00\x00\xb5\xa9\x04&\
\xf7\xb4\x00\x00\x22\x07\x04)|\xc5\x00\x01\x10p\x04-\
\x81\xa3\x00\x012|\x043\x18#\x00\x01\x04\xbb\x04<\
\x1b\xb7\x00\x01c\x06\x04J\xb2%\x00\x00F\xea\x04N\
\xf1\x99\x00\x01\x5cI\x04N\xf1\xb9\x00\x00\xb0$\x04V\
7\xe9\x00\x01\x1b\x00\x04Y\xa4\xa9\x00\x00H(\x04Y\
\xb5\xce\x00\x00e\x1f\x04d\x80d\x00\x01Q\x83\x04g\
-\x0d\x00\x00\x16p\x04lw\x90\x00\x01\x13\x1a\x04r\
\x80\xd4\x00\x00J\x88\x04r\x80\xd4\x00\x01>A\x04s\
\xf0#\x00\x00P\xc8\x04x\x89\xc9\x00\x00S\xdb\x04}\
k\xc5\x00\x00)\xc0\x04}\xb9D\x00\x00m-\x04\x81\
\xd4U\x00\x01Q\xc2\x04\x83\x10\xbe\x00\x00 \x0f\x04\x87\
S.\x00\x01#2\x04\x8b[Y\x00\x00~\x0d\x04\x8c\
8\xf4\x00\x01L\xb4\x04\x8cd\xa3\x00\x00\xac3\x04\x98\
I\xbc\x00\x01\x140\x04\x98I\xbc\x00\x01G%\x04\x9f\
\xec\xe2\x00\x01\x1c\xae\x04\xa5\xbf.\x00\x01\x183\x04\xac\
,\xa5\x00\x00K\xe8\x04\xac,\xa5\x00\x00n,\x04\xac\
,\xa5\x00\x01\x15H\x04\xac\xab]\x00\x00 C\x04\xb5\
1\x95\x00\x00n\xd7\x04\xb8:\x03\x00\x00[\xb4\x04\xbe\
\xc0]\x00\x00\x06\xec\x04\xc1 %\x00\x00r\x0a\x04\xc1\
\x94n\x00\x00fh\x04\xc4\x8d\x15\x00\x00A\xba\x04\xce\
'w\x00\x00C\x15\x04\xcf\xa6\xe5\x00\x00\xdb\xd9\x04\xd6\
\x93\x84\x00\x00\x80\xa2\x04\xdby\xd4\x00\x00\xbd\xeb\x04\xe0\
\xaf\xb2\x00\x00\x036\x04\xe2\x8c\x9f\x00\x000\xb8\x04\xe3\
%\xc7\x00\x00\xdd\x93\x04\xe6\x04\x8d\x00\x00\xf5\xc7\x04\xe6\
\x18^\x00\x00Y\x99\x04\xef2\x94\x00\x01\x02\xb7\x04\xf4\
\xc8\xc5\x00\x00\x05\xea\x04\xf4\xc8\xc5\x00\x01F\xec\x05\x00\
W\x99\x00\x00\x0f\x14\x05\x05\x9c\x94\x00\x00\x83>\x05\x09\
)n\x00\x01A\x1a\x05\x0a\x82\xf3\x00\x00~m\x05\x12\
\xb7\x03\x00\x00K\x98\x05\x16\x88\x85\x00\x00F\x94\x05\x17\
5\xb3\x00\x00\x85f\x05\x1b~C\x00\x00\x83o\x05\x1d\
\xb5\xef\x00\x00\xfb\x1c\x05\x1f\x15\xb3\x00\x01\x10\x0e\x05!\
2\x99\x00\x00\xf0\xd8\x05*k\x84\x00\x00U>\x055\
\x94\xfe\x00\x00\x8aI\x055\xe6\xc4\x00\x01\x08,\x05=\
&\xae\x00\x00\x95\x9d\x05=\xecd\x00\x00N\xcc\x05F\
\xcf\xc3\x00\x00[/\x05S\x05\xde\x00\x00\x8b\xa8\x05S\
\xfcY\x00\x01!E\x05V\x93|\x00\x00-\xe1\x05V\
\x93|\x00\x00.h\x05W&\xf7\x00\x00D\x07\x05X\
0\x09\x00\x00x\xba\x05]E\xd3\x00\x00\xd5\xda\x05_\
e\xe5\x00\x00,G\x05e\xeee\x00\x00~>\x05h\
\x99\xc2\x00\x00\xa7\x17\x05h\xc9\xb4\x00\x01Cp\x05n\
\xda\xc5\x00\x00\x19H\x05x\xbd\x08\x00\x00\x81\xd6\x05\x84\
\xb7)\x00\x00\x0a\x9a\x05\x8cF\xc5\x00\x00\x7f\xa1\x05\x8c\
F\xc5\x00\x00\x82\x05\x05\x8c\xac5\x00\x00L\xb2\x05\x90\
_\xe2\x00\x00v\xf1\x05\x90_\xe2\x00\x00{\xeb\x05\x90\
_\xe2\x00\x00\xfa\x0c\x05\x93\xd8\x84\x00\x01T\xc5\x05\x94\
\x8a\xde\x00\x00d\x0d\x05\x995\x93\x00\x00\xef\xee\x05\x99\
\x84\xe2\x00\x00\x93y\x05\x99\xae\x84\x00\x00h\xe8\x05\x9b\
\x88\x98\x00\x00\xf5\x9a\x05\x9b\x88\x98\x00\x01\x1f?\x05\x9c\
\x8f\xc3\x00\x00}1\x05\xa4\xab\xed\x00\x00Y\x0a\x05\xa5\
W\xb4\x00\x00\x8e\xdd\x05\xaa\x8b\xc3\x00\x00\x95\x13\x05\xab\
\xcd\x08\x00\x00\x824\x05\xb2G\xc4\x00\x01?\x09\x05\xb3\
a\xde\x00\x01\x16\x5c\x05\xb4\xea\x14\x00\x00\x8eO\x05\xb5\
\x0a\xae\x00\x00\x94J\x05\xb7P\x9e\x00\x00?\xc9\x05\xbd\
\xa2\x18\x00\x00y\xcd\x05\xbe@d\x00\x01\x1b{\x05\xc0\
\x17s\x00\x00\xb5o\x05\xc1\xa8\xe0\x00\x00\x162\x05\xc2\
\xf3S\x00\x00\x0f[\x05\xd4\xe7\xa7\x00\x01\x0c\xa3\x05\xd5\
T\x03\x00\x01\x0e^\x05\xdc\x1b\xb7\x00\x00w\x96\x05\xe2\
\x81E\x00\x01XV\x05\xe6\x11\xee\x00\x00DP\x05\xe7\
\x0c5\x00\x00r\xca\x05\xec\xf2\x94\x00\x01,\x22\x05\xfe\
\xd7\x87\x00\x00\xd7\x96\x06\x05\x06u\x00\x00\x0a\x22\x06\x06\
Tr\x00\x00-\x0e\x06\x1c-\xe9\x00\x00\xaf\xb4\x06\x22\
\x03\xf3\x00\x00=\xef\x06\x22\x03\xf3\x00\x01,h\x06%\
.d\x00\x01\x1c\xe8\x06*E\xe0\x00\x01c\x99\x06-\
\x07\xe5\x00\x00p\x0b\x06.\x90\xc7\x00\x01-\xb8\x064\
W\xfe\x00\x00k\xfa\x06;S4\x00\x01]\x16\x06?\
\xdf5\x00\x01]y\x06BD\x1e\x00\x01!\xe6\x06D\
~\xa3\x00\x002\x7f\x06G\x1a3\x00\x00\x00\xb3\x06I\
\xb3\x9e\x00\x00R\xf8\x06Q\xb7}\x00\x01 x\x06[\
\x01\x15\x00\x00C\xc7\x06[\x01\x15\x00\x00W\xfe\x06]\
\x82%\x00\x007V\x06a\xcd\x1d\x00\x00ut\x06l\
;\xf4\x00\x00f\xc0\x06m$\xfe\x00\x013\xab\x06p\
-\x87\x00\x01e\x84\x06r\x8b\x1c\x00\x01\x0f\xd7\x06t\
\x8c\x93\x00\x00\xdb4\x06z\xe0\xc4\x00\x00\xa3\xcb\x06\x80\
R\xed\x00\x00\xab\xca\x06\x83\x15\xe5\x00\x01=h\x06\x9c\
\x00\xb4\x00\x00\xa5\xa7\x06\x9d\xb6\xc4\x00\x00LE\x06\xa1\
%\x0e\x00\x01\x01)\x06\xaa\xd7\x1f\x00\x01K\x11\x06\xb5\
q\xf9\x00\x00\x18\x99\x06\xbb\x19\xe3\x00\x00\xffI\x06\xbc\
\xc6\x03\x00\x01\x01\x9d\x06\xc4{.\x00\x00\x025\x06\xcb\
\x10\x19\x00\x00\x1a\x1a\x06\xcc\x92\xd0\x00\x00.\x0f\x06\xd7\
\xe97\x00\x00\xfd\x04\x06\xde\xb7\xe4\x00\x00\x1b\xe8\x06\xde\
\xb7\xe4\x00\x01\x16\xc6\x06\xe0\x05^\x00\x00\x8fV\x06\xe4\
\xa5\xf4\x00\x01 \x0a\x06\xe51\xc4\x00\x01'*\x06\xe9\
\x80c\x00\x01\x1fj\x06\xe9\xb2-\x00\x01D\xfc\x06\xea\
s6\x00\x00x\x85\x06\xeb\xbd\xa4\x00\x00\x8e\x0b\x06\xec\
,c\x00\x00=\xa1\x06\xf0\xb2\x03\x00\x00/\x9e\x06\xf1\
\x5c\xae\x00\x00gQ\x06\xf70\xf2\x00\x00\x89\x94\x06\xf8\
\xc7u\x00\x00!\x16\x06\xfa\xc7u\x00\x01Q\x00\x06\xfe\
\x80\xa9\x00\x01\x0f\x90\x07\x0b>7\x00\x01'\xd4\x07\x0e\
\xb1\xa2\x00\x01W'\x07\x0f1\xf5\x00\x00t\xcb\x07\x15\
uU\x00\x00\x8c\xed\x07\x15\xd4C\x00\x00N\x8c\x07\x1a\
\xf3\xd0\x00\x01f\x01\x07-!\x83\x00\x00\xb4\xac\x07/\
\xd3e\x00\x01\x15\xb2\x076Z\xa3\x00\x00\x0d\xce\x076\
Z\xa3\x00\x00\xfc\x14\x07;\xfce\x00\x01\x14]\x07?\
\xb4\xeb\x00\x00\x10\xa3\x07FyE\x00\x011\x17\x07N\
o~\x00\x00\x8c)\x07\x5cPB\x00\x01\x5c\x83\x07\x5c\
\x7fB\x00\x01M\xe6\x07]>C\x00\x00F\x01\x07b\
\xe8\xe2\x00\x01\x1b\xf6\x07iI\xa4\x00\x01\x0b\xa7\x07u\
\xac=\x00\x00]\x82\x07w\xa5\x95\x00\x01O\x97\x07}\
\xbb4\x00\x00\x7fr\x07}\xbb4\x00\x00\x81\x03\x07\x80\
`\x85\x00\x01V\xaf\x07\x82kt\x00\x00\xd8\x8c\x07\x8c\
\xcf\x97\x00\x01\x1aE\x07\x8c\xcf\xb7\x00\x00\xb1_\x07\x95\
\xd0u\x00\x00$F\x07\x95\xd0u\x00\x00[\x84\x07\x95\
\xd0u\x00\x01\x08V\x07\x96\xfd\x05\x00\x00A\x10\x07\x9e\
4\x1e\x00\x01\x07[\x07\xa3\xe7.\x00\x00@\xa7\x07\xa3\
\xf9\xbe\x00\x00\xdau\x07\xa5\x0c0\x00\x01Q>\x07\xa5\
\xc3r\x00\x00\x8f\xfa\x07\xab\x06\x13\x00\x00\x1aS\x07\xab\
\x06\x13\x00\x00\xf0\xa6\x07\xab\x8c\xe3\x00\x01\x092\x07\xac\
\xb9\x07\x00\x00\xbd\x90\x07\xb0a\x1c\x00\x01\x0a\xb1\x07\xb4\
\xd5\x04\x00\x00bI\x07\xb5pN\x00\x00\x0f\xbe\x07\xb6\
[%\x00\x00\x816\x07\xbf\xca7\x00\x0060\x07\xca\
\x01\x99\x00\x00;\xb3\x07\xd1*\x03\x00\x00\x5c\x19\x07\xd3\
\xae\xf3\x00\x01\x1e\xf2\x07\xde0)\x00\x01N_\x07\xe1\
Oc\x00\x00\x0a[\x07\xefQ\xf4\x00\x00\xb6\xad\x07\xf0\
5\xa4\x00\x01Z\x8c\x07\xf9/\xee\x00\x00\x92\x91\x07\xfd\
\x81)\x00\x01\x06s\x08\x08\x0ao\x00\x01\x15u\x08\x1f\
\xa2\x82\x00\x01R\x03\x08 \xbf\x1e\x00\x00\x18\x5c\x08#\
\xce\xd4\x00\x01U[\x089\xe1\xde\x00\x00\xe6\xae\x08A\
\x97S\x00\x00\x86\xee\x08C\x03\xb9\x00\x01Wc\x08F\
\x8c\x15\x00\x00L}\x08GI\xb9\x00\x00\xde\x9f\x08K\
Gl\x00\x00\xc2j\x08K^\xf3\x00\x00\xff\xcd\x08N\
\xb2\xf5\x00\x01(>\x08N\xb2\xf5\x00\x012\xd8\x08]\
.\xb4\x00\x00g\xdb\x08hd9\x00\x00\xf6@\x08m\
P$\x00\x01\x17\x05\x08m\xa1.\x00\x01a\xb6\x08o\
\xffC\x00\x00Gz\x08p-C\x00\x01.\xa7\x08s\
%\xd7\x00\x00\xdd\x08\x08|e\xc9\x00\x01D(\x08\x85\
\x8e\x0e\x00\x00\xc2\xc8\x08\x85\x8e\x0e\x00\x00\xd5\x5c\x08\x85\
\x8e\x0e\x00\x01(\xf1\x08\x8f~\xe5\x00\x00v\x00\x08\x8f\
~\xe5\x00\x00\x83\x0d\x08\x94\xfe\xb4\x00\x00a\x1f\x08\x96\
\x1e\x8c\x00\x01I\x8f\x08\x98\xe4\x81\x00\x01\x14\xaa\x08\xa2\
8\xe4\x00\x00!K\x08\xa2\xb3\xc7\x00\x01J\xde\x08\xa6\
_D\x00\x01W\xd4\x08\xa9\x0c\xf4\x00\x00\xd6*\x08\xa9\
\xeb\x97\x00\x00}\xba\x08\xaa\xc9Y\x00\x00\xf5$\x08\xaa\
\xe3\xe4\x00\x01\x0a\xdd\x08\xae\x08\x15\x00\x00\xd8P\x08\xb2\
\x01\xc9\x00\x00\xae\x0a\x08\xbd\x8c\xc8\x00\x00|1\x08\xbd\
\x8c\xc8\x00\x00\x88\x19\x08\xbd\x91\xc6\x00\x00\x1d\xd3\x08\xbd\
\x91\xc6\x00\x0052\x08\xbd\x91\xc6\x00\x00\xd7\x07\x08\xbd\
\x91\xc6\x00\x00\xdc\xc9\x08\xbd\x91\xc6\x00\x01\x02\x1c\x08\xbd\
\x91\xc6\x00\x01\x06\x01\x08\xbd\x91\xc6\x00\x01&C\x08\xbd\
\x91\xc6\x00\x01-~\x08\xc2\xf59\x00\x01\x0f\x07\x08\xc4\
\x01s\x00\x00\x1c\x8f\x08\xcc2\xa9\x00\x01H\xe4\x08\xcc\
\xc9\xc5\x00\x00\xfa\x84\x08\xd1;\xa3\x00\x00z\x06\x08\xd3\
5\xa3\x00\x012 \x08\xd4Q\xa4\x00\x00]\x0f\x08\xed\
\x8e\xc3\x00\x00\xf7\xa1\x08\xed\xc0\x1e\x00\x00\x1e\xa9\x08\xf9\
\xdd\xa5\x00\x00\xb4\xf0\x09\x01\xc5\xb4\x00\x01Va\x09\x01\
\xebK\x00\x00Ax\x09\x01\xebK\x00\x01bT\x09\x01\
\xfct\x00\x00~\x95\x09\x17\xef#\x00\x00\x8c\x95\x09$\
\x82\xc3\x00\x01%\xd4\x09.\xd2\x05\x00\x00\x82\x90\x092\
h\x15\x00\x01I\xf7\x097\xf54\x00\x01\x12\xb8\x099\
\x16S\x00\x00\xf7\xf6\x099\x16S\x00\x00\xff\x03\x09<\
\xbc\xee\x00\x00\xf1B\x09K\x8e4\x00\x01\x16\x19\x09K\
\xba\xf4\x00\x00\x16\xc0\x09Mg\xfe\x00\x00p\xfb\x09M\
\xa3\x02\x00\x00\xfb[\x09P\xef\xe3\x00\x00\x136\x09Q\
\xa2\xae\x00\x01D\xb5\x09g\x19C\x00\x00\x01\x17\x09l\
\x08\x04\x00\x00hl\x09l\x08\x04\x00\x00\xa5\xe4\x09l\
\xff\xb2\x00\x00\x1b\xb6\x09p\xc8\xa5\x00\x00\xf1\xe4\x09y\
R\x9e\x00\x00i \x09{\xb29\x00\x01U\xf5\x09\x80\
\xade\x00\x01Y\xc3\x09\x83A\x89\x00\x00\xf1\xa8\x09\x88\
o\xdd\x00\x01\x10\xe8\x09\x8a\x1b\x05\x00\x00I\xe0\x09\x8c\
t\xd3\x00\x01a\x85\x09\x8e\xc5\x03\x00\x00#\xdc\x09\x97\
\x9dC\x00\x00+$\x09\xa5Ve\x00\x00\xf4\x1b\x09\xb1\
\x08s\x00\x00\x00w\x09\xb1\x08s\x00\x00U\x83\x09\xb4\
\x94d\x00\x00.\xbe\x09\xb5\xdf\xa7\x00\x00.\xed\x09\xba\
d\xc3\x00\x00\x0d\xa1\x09\xbc\x93\xe3\x00\x00[\xe4\x09\xbd\
\xde\x10\x00\x01O\xeb\x09\xc0\x04\xd7\x00\x01+\x80\x09\xc1\
\xbb5\x00\x01X\x93\x09\xc2&\xcd\x00\x00\xfaK\x09\xc4\
\xe8\xd7\x00\x01+N\x09\xc5 \xf3\x00\x00J\xf6\x09\xc9\
C\xf5\x00\x01\x0cq\x09\xc9{$\x00\x01Lb\x09\xd0\
\xbf\xb3\x00\x00f\xfb\x09\xd1\x94\x0d\x00\x00\xf9:\x09\xe2\
\x7f\xc4\x00\x00M>\x09\xf2*7\x00\x00\x93\xb4\x09\xf3\
\xff\xed\x00\x00\x91\x08\x09\xf9\x7f\xf3\x00\x004\xdb\x0a\x02\
\x09\x9e\x00\x01C9\x0a\x0bj/\x00\x001\xe6\x0a\x16\
2\xe4\x00\x01\x03\x83\x0a\x162\xe4\x00\x01)\x88\x0a\x19\
\x1c\xbb\x00\x00\xbej\x0a\x1e\x03\x05\x00\x00\x15\x13\x0a\x1e\
\x03\x05\x00\x00\xf2\xc0\x0a!d\x19\x00\x00\x95\xde\x0a(\
\x053\x00\x00V}\x0a(\xc7\x04\x00\x01RG\x0a)\
\x82\x89\x00\x00\xaaG\x0a/\x00R\x00\x00$\xb1\x0a/\
\x00R\x00\x00\x5cK\x0a2C~\x00\x01%\x0c\x0a9\
\xaat\x00\x00\xb1\x8c\x0a@\x22\xdd\x00\x00\x01\xeb\x0aJ\
E\xf5\x00\x00){\x0aO\x00R\x00\x00|\xa3\x0aO\
\x0c\xde\x00\x00\xbe\xda\x0aTT\xa9\x00\x00\xaa\x07\x0a^\
\xb1\xf4\x00\x01PF\x0abvc\x00\x00\x0e*\x0ag\
\xb4\xee\x00\x00\xa8\xcf\x0aid\xc9\x00\x01+\xb3\x0al\
\x99\x83\x00\x00\x22\xd9\x0al\x99\x83\x00\x00Y\xfe\x0ao\
vV\x00\x00\x1c\xca\x0aovV\x00\x00<\xb4\x0ao\
vV\x00\x00\xfe\x08\x0aovV\x00\x01\x0dp\x0ar\
&\xc3\x00\x00?8\x0avZ2\x00\x00\x05\xbb\x0a\x85\
8e\x00\x00\x00\x00\x0a\x858e\x00\x00T\xd7\x0a\x8b\
R\x19\x00\x01\x1d\xfa\x0a\x8e8n\x00\x00\xb9\x0a\x0a\x96\
\x0ee\x00\x00\x0b\xee\x0a\x99's\x00\x00\x85/\x0a\x9a\
\xf2\x9d\x00\x00\xb4\x22\x0a\xa5\xaf\x84\x00\x00?\x8b\x0a\xa8\
\x0e\xa3\x00\x00'\x86\x0a\xae\xbe\xae\x00\x01\x02\xf2\x0a\xb0\
\xe2\x8c\x00\x00\xc1\xc3\x0a\xb6\xc3\xb9\x00\x01\x0fH\x0a\xb6\
\xf0f\x00\x00\x804\x0a\xbc\x8ct\x00\x01\x15\x1a\x0a\xc1\
@\x9e\x00\x00l\x8f\x0a\xc3\x80\xb3\x00\x00|e\x0a\xc8\
\x97\xc5\x00\x01(\x0c\x0a\xc9t\x05\x00\x00~\xc2\x0a\xd7\
\x01\x0e\x00\x00\x88H\x0a\xed\xf6n\x00\x01?D\x0a\xfa\
\x8f\xbe\x00\x00m\xac\x0a\xff\x1e\xf3\x00\x00\xfcr\x0b\x01\
M\xae\x00\x01\x0c\x10\x0b\x03\xd2\xf3\x00\x00\x01p\x0b\x04\
\x80\x90\x00\x01S\xa8\x0b\x07\x83\xb9\x00\x00'\xda\x0b\x0b\
\xb0\xc5\x00\x01P\xc2\x0b\x0c?\xf3\x00\x00<C\x0b\x10\
\xefP\x00\x00\xb2\xf8\x0b\x12?\xf3\x00\x00%n\x0b\x13\
\x91%\x00\x01[\xb4\x0b\x19\x02#\x00\x00jw\x0b\x1f\
\x8aW\x00\x01b\x94\x0b)\xe5\xf5\x00\x001\x9e\x0b4\
\x06\x19\x00\x00\x87\xd6\x0b<\xbb\x0e\x00\x01Ji\x0bY\
.\x84\x00\x00\x1fF\x0bYu\xb4\x00\x00\xbc\x9a\x0be\
\x0dN\x00\x00\xcd\x18\x0bj^\x9d\x00\x00\x93\x0f\x0bo\
\xa5R\x00\x00\xa9\xa0\x0bz\x83\xb4\x00\x01T\x7f\x0b\x7f\
q\xf3\x00\x00H\xf0\x0b\x83\xb2~\x00\x00\xe3\x89\x0b\x84\
\x0e\x0c\x00\x01\x1f\xdc\x0b\x84\x0e\x0c\x00\x01G\x8d\x0b\x89\
Z\xae\x00\x00O*\x0b\x95\xd1\xfd\x00\x00pr\x0b\x9d\
\x0c\xfe\x00\x00\x1a\xad\x0b\x9d\x0c\xfe\x00\x00\x1c\xff\x0b\x9d\
\x0f\xcc\x00\x00\xc0`\x0b\x9d\x0f\xcc\x00\x00\xf9\x0b\x0b\x9d\
\x1e\x87\x00\x00&\xa4\x0b\xa2\x1b\xcd\x00\x00\xd9\x89\x0b\xa3\
\xdc\x0c\x00\x01 I\x0b\xa9?I\x00\x00t\x7f\x0b\xae\
L(\x00\x00z\xff\x0b\xb3.I\x00\x00*\x06\x0b\xb4\
\xa8\xf2\x00\x00\xd7?\x0b\xbb*t\x00\x00\x0b5\x0b\xc1\
\x0f\xcc\x00\x00\xfa\xb1\x0b\xc8M\xc4\x00\x00og\x0b\xc8\
M\xc4\x00\x01$O\x0b\xceF\xa4\x00\x01\x1b\xb8\x0b\xd5\
,-\x00\x01EF\x0b\xd8U\xd3\x00\x001\x5c\x0b\xd8\
[7\x00\x00t\x04\x0b\xdb\xb7\xe5\x00\x00\xef\xc1\x0b\xdc\
\xd4\x04\x00\x00B\x01\x0b\xde\xf6\x9d\x00\x00\xb3\xcd\x0b\xe1\
4\xe3\x00\x00\xbc\xe0\x0b\xe14\xe3\x00\x00\xfe\xb4\x0b\xe8\
\xcc\xe2\x00\x01$\x80\x0b\xec\xa3\xe3\x00\x00+w\x0b\xf4\
\xc2Y\x00\x00;\x1f\x0b\xfb~~\x00\x01\x18s\x0b\xfc\
E\x19\x00\x01\x05\x17\x0c\x08^\x84\x00\x01\x12\x09\x0c\x0b\
;\xb8\x00\x00P\x87\x0c\x11\x94\x0d\x00\x00\xfa\xe6\x0c\x12\
\x02\x83\x00\x01\x15\xe2\x0c\x12\xac\x99\x00\x00\xb7\x9e\x0c\x16\
\xcab\x00\x00\xf8A\x0c\x1b\xdcs\x00\x00x\xfa\x0c\x1c\
F4\x00\x00\x7f\xfa\x0c\x1d\x0f\xb7\x00\x00\x1c(\x0c\x1d\
\x88\x84\x00\x01\x0ar\x0c\x1f\x9dB\x00\x01\x09]\x0c\x1f\
\x9dB\x00\x01\x0d'\x0c!\x0aG\x00\x00\x0b\xb5\x0c!\
\x0aG\x00\x00\x18\x22\x0c&\x7f\xd0\x00\x00\xb5\xf1\x0c0\
\x93\xb3\x00\x00\xde\xed\x0c5\xd1\xc9\x00\x00<\xf9\x0c=\
\xd73\x00\x005k\x0c?Z\xc9\x00\x01\x06\xbd\x0cB\
\x87\x83\x00\x01Hp\x0cG\x1a3\x00\x00\x00\xe5\x0cG\
\x1c\xa5\x00\x01[B\x0cI\x03u\x00\x00\x94\x15\x0cR\
V\x8e\x00\x00\xaf\x0b\x0cRV\x8e\x00\x01\x0cF\x0c^\
a\x08\x00\x00\xd9\x1f\x0c^\xde\xa3\x00\x00v\xbd\x0cd\
\xa1u\x00\x00\x8a\x17\x0ci\xf4>\x00\x00\x11\x16\x0cj\
A]\x00\x01B&\x0cj\x84\x83\x00\x01+\x04\x0cj\
\x8a\x93\x00\x01*\x9a\x0cw\x02\xbe\x00\x01\x12\xec\x0cw\
\x7f\xb4\x00\x00\x7fD\x0cw\x7f\xb4\x00\x00\x80\xd1\x0cz\
Pi\x00\x00\x05\x85\x0czPi\x00\x01\x07\x1d\x0c}\
\xcdu\x00\x01_\xc8\x0c\x88\xac\xee\x00\x00 \xea\x0c\x88\
\xac\xee\x00\x00\xc0\xe2\x0c\x8c\x86\xf3\x00\x00\x95@\x0c\x8e\
\xca\xb4\x00\x00 \xaf\x0c\x95\x89\x13\x00\x01*\xce\x0c\x97\
\x12\xac\x00\x01I,\x0c\x97\x9fe\x00\x00/\x1c\x0c\x9c\
F\xa4\x00\x01[\x0a\x0c\x9e\xe6e\x00\x00FS\x0c\xa1\
\xe2C\x00\x00\xde\x1e\x0c\xa3\xec\x0c\x00\x01H9\x0c\xa5\
\x15T\x00\x005\xb7\x0c\xa7\xad\x91\x00\x00\x00:\x0c\xa7\
\xad\x91\x00\x00U\x09\x0c\xa7\xad\x91\x00\x00\xf9\xdc\x0c\xab\
\x7f9\x00\x01\x19Y\x0c\xab\x98\x09\x00\x00\xb6D\x0c\xab\
\xbcc\x00\x010#\x0c\xbb\x01s\x00\x00\xa7\x8f\x0c\xbb\
I\xbe\x00\x01C\xf2\x0c\xbd\xde\x1f\x00\x01\x19\x96\x0c\xc1\
\xb0\xa5\x00\x011X\x0c\xc4z>\x00\x01C\x9d\x0c\xd1\
\xe4\xe3\x00\x01-%\x0c\xd8:\x02\x00\x00)H\x0c\xd9\
\xf9\x1e\x00\x00\x1b\x01\x0c\xd9\xf9\x1e\x00\x01\x043\x0c\xda\
{\xa2\x00\x00(\xde\x0c\xda\xfeu\x00\x00\xdd\xd5\x0c\xde\
=5\x00\x00!\xd3\x0c\xe8Ge\x00\x00qg\x0c\xed\
\x8d\xb5\x00\x01Sb\x0c\xf1\xbbU\x00\x00\xf5^\x0c\xf4\
Q\xa8\x00\x01\x1d\xb5\x0c\xf7\x08\xf4\x00\x01@\x19\x0c\xf8\
\xe2\x98\x00\x00}\x5c\x0c\xfb\xb0\xc5\x00\x00-F\x0d\x09\
/5\x00\x00z\x92\x0d\x0c\xcc\xc3\x00\x00%\xad\x0d\x13\
\xfeu\x00\x00\xddJ\x0d\x1dDY\x00\x00\x07\x83\x0d!\
\x19\xaf\x00\x00W;\x0d,\xcf\xc9\x00\x00D\xfd\x0d-\
\xb6_\x00\x00%\xee\x0d<)\xfe\x00\x00j$\x0d<\
)\xfe\x00\x00\xa7@\x0dA\xee\x83\x00\x00\x19\x97\x0dC\
p/\x00\x01\x13p\x0dH\xf6\x83\x00\x00\xafw\x0dQ\
\x1eD\x00\x00_\xe5\x0dS\x18n\x00\x00\xb7\xd3\x0dT\
\xb7\x83\x00\x00Z\xf8\x0dV\xee\x04\x00\x01\x0a3\x0di\
FC\x00\x00#\x08\x0diFC\x00\x00Z^\x0di\
FC\x00\x00{{\x0diFC\x00\x00\xa4\x7f\x0dk\
\xab$\x00\x01\x17O\x0dm\xe1i\x00\x01\x05a\x0dn\
}\x09\x00\x00\x8a\xbe\x0do\xe8\xef\x00\x00\x90B\x0d\x81\
\xf4\x0e\x00\x00X:\x0d\x81\xf4\x0e\x00\x00w\xd4\x0d\x83\
Ct\x00\x00`u\x0d\x87\x9bD\x00\x010\xd8\x0d\x89\
P\x17\x00\x00\x89\x17\x0d\x8a\x9e\xe4\x00\x00}\x8e\x0d\x8a\
\xbe\x85\x00\x01Bx\x0d\x8a\xf5\x99\x00\x01'[\x0d\x8d\
\xdf\xf0\x00\x01d\xab\x0d\x9cg\x8e\x00\x01\x08\xc4\x0d\xad\
\x8f\x19\x00\x00\x88\x88\x0d\xaf\x9e\x19\x00\x00\xael\x0d\xb2\
:\xf4\x00\x01(\x9c\x0d\xb69\x84\x00\x00L\xe1\x0d\xbc\
\xdb\xb3\x00\x01\x05\xa3\x0d\xbfCa\x00\x00\xd4\xdd\x0d\xc3\
\x08\xa3\x00\x00\xb0\xda\x0d\xde\xc9c\x00\x00\xabE\x0d\xdf\
($\x00\x00\x8b\x0a\x0d\xdf\x88E\x00\x005\xf4\x0d\xe9\
\xb5G\x00\x00_~\x0d\xf0n\x9e\x00\x00\xe0\x0c\x0d\xf1\
\xefr\x00\x01\x1b>\x0d\xfb}~\x00\x00\xf3-\x0d\xfc\
\x9d~\x00\x00\x03h\x0e\x00\xfb\xe5\x00\x00\x89F\x0e\x01\
\xbd\x8e\x00\x01@\x88\x0e\x0c\xa4\xca\x00\x01L,\x0e\x0e\
\x00\x12\x00\x01`\x5c\x0e\x13BS\x00\x01!\xac\x0e\x19\
\xe9\xde\x00\x00\x08\xe7\x0e\x19\xe9\xde\x00\x00\xf2|\x0e\x1b\
\xe9\xde\x00\x00\xee{\x0e\x1c\x06\x89\x00\x00\xff\x88\x0e\x1c\
h)\x00\x01S\xf5\x0e-\x00\xfe\x00\x01+\xe7\x0e.\
\xfb\xe5\x00\x01R\xdb\x0e/\xb0\xf3\x00\x00\xb0W\x0e9\
\xfe\xb7\x00\x00\xbb\xef\x0eE\x5cY\x00\x00\xad\xae\x0eS\
\x1c\xd3\x00\x00\xa4\x10\x0eb\xef\xf5\x00\x00o\x19\x0ee\
\x1a3\x00\x00\x12u\x0eo\xbcE\x00\x01>\xab\x0er\
\x0d5\x00\x008\x8b\x0esO\xfe\x00\x00\xd3\xe4\x0ew\
X%\x00\x006\x87\x0e{G.\x00\x00kq\x0e}\
'\xfa\x00\x00U\xe7\x0e\x87\xa8\x03\x00\x00Tt\x0e\x8b\
^\x05\x00\x01OH\x0e\x8d<\x13\x00\x00$\xe8\x0e\x8d\
<\x13\x00\x00\x5c\x7f\x0e\x8e\xce\x87\x00\x01M\xa3\x0e\x95\
\xa8\xce\x00\x00\x17\xba\x0e\x97\x1c\xee\x00\x01\x0d\xe6\x0e\xa6\
}s\x00\x00KJ\x0e\xaa\xac\x07\x00\x013n\x0e\xaf\
o\xc3\x00\x00E\xc1\x0e\xafo\xc3\x00\x00q\x95\x0e\xaf\
o\xc3\x00\x00\xac\xed\x0e\xafo\xc3\x00\x00\xb4w\x0e\xaf\
o\xc3\x00\x00\xbc_\x0e\xafo\xc3\x00\x00\xd7\xe3\x0e\xaf\
o\xc3\x00\x01\x06;\x0e\xb9[\xbe\x00\x00\x17\x02\x0e\xba\
\xc1\xce\x00\x00\x96Q\x0e\xc4{\x99\x00\x00~\xed\x0e\xc8\
k\x9e\x00\x00\xac\xb4\x0e\xccjt\x00\x00\xbbb\x0e\xcf\
\x9du\x00\x00\x89\xd4\x0e\xd6os\x00\x00vp\x0e\xd9\
E\xe6\x00\x000*\x0e\xdd\xc5\xd3\x00\x00*Y\x0e\xdd\
\xc5\xd3\x00\x00\x8as\x0e\xe0\xdc\x03\x00\x00M\xc5\x0e\xe0\
\xdc\x03\x00\x01=\xae\x0e\xe8\xc0\x99\x00\x00xA\x0e\xe8\
\xc0\x99\x00\x01d\x09\x0e\xeb\x83\xc9\x00\x00\xaa\x88\x0e\xf2\
K\xc3\x00\x00Z*\x0e\xf2l^\x00\x00\x03\x01\x0e\xf2\
\xe2\x0e\x00\x00aY\x0f\x03-\x85\x00\x01R\x94\x0f\x05\
\xb7s\x00\x00\x86\x8b\x0f\x06\xc0W\x00\x00H\x8e\x0f\x0a\
\xb6\xd9\x00\x00#l\x0f\x0a\xb6\xd9\x00\x00Z\x8e\x0f\x0a\
\xb6\xd9\x00\x00{\xb3\x0f\x14\x08\x04\x00\x00\xfb\xc8\x0f\x17\
\x94\xa5\x00\x01O\x0a\x0f)yw\x00\x00\x5c\xb4\x0f.\
\xf7D\x00\x01$\xb1\x0f1\xdfo\x00\x00\xadz\x0f;\
\x13.\x00\x00\xc3X\x0f<a\xe7\x00\x00\xfd\x9f\x0fD\
C\xf2\x00\x00O\xe9\x0fG7E\x00\x01d\x5c\x0fK\
\xfd\xae\x00\x01?\xd0\x0fL\xf9\xee\x00\x00\x15y\x0fR\
\xa3E\x00\x00zM\x0fV\xf8\x85\x00\x007\x17\x0f^\
\x06\xe2\x00\x01fB\x0f`\xf7E\x00\x01J\xa5\x0fg\
3\x15\x00\x00\xef\x1b\x0ft\x86D\x00\x00\xbd3\x0fv\
\x87\x83\x00\x00so\x0fw\xf0\xbf\x00\x00#\x9f\x0fw\
\xf0\xbf\x00\x00Z\xbe\x0fw\xf0\xbf\x00\x00\x84L\x0f\x80\
\x01\x95\x00\x01S'\x0f\x87\x0b3\x00\x00\xc0\x96\x0f\x87\
\x0b3\x00\x00\xf3\xd5\x0f\x88\x15\x91\x00\x01&z\x0f\x8f\
ZI\x00\x01M\x0d\x0f\x9aq$\x00\x00X}\x0f\x9f\
.Y\x00\x00\x07A\x0f\xa7\x0f#\x00\x00NI\x0f\xaa\
\x1d.\x00\x00\x83\xc7\x0f\xad`\x0c\x00\x00\x0a\xf1\x0f\xb0\
\xd9\x05\x00\x01\x0b3\x0f\xb2\x5c\xc5\x00\x01\x0e'\x0f\xb3\
\xbb\x04\x00\x00 u\x0f\xb5\xf4\xf4\x00\x01@G\x0f\xb8\
\xc8\x85\x00\x01.\x12\x0f\xb9\xc8\x03\x00\x00\x81\x8c\x0f\xbb\
\xa3\xc1\x00\x00\xba\xcf\x0f\xc2\xc4\xf9\x00\x00QV\x0f\xcc\
5d\x00\x00\xa6\x19\x0f\xcf\x5c\x8e\x00\x01\x1eE\x0f\xcf\
\xec\x95\x00\x00P,\x0f\xd4\xf1\xde\x00\x00\xc4\x93\x0f\xdb\
MU\x00\x00`\xd0\x0f\xe2.\xf5\x00\x01\x1f\xa7\x0f\xe5\
tt\x00\x00\x08\xb3\x0f\xe8(r\x00\x01YH\x0f\xee\
\xf8M\x00\x00\x85\x95\x0f\xf1\xdf\xfe\x00\x00\x11\xbf\x0f\xf4\
\xc6#\x00\x00\x12\xdd\x0f\xfb\xff2\x00\x00f\x15\x0f\xff\
7\x13\x00\x00\xdc\x13i\x00\x01f\x87\x03\x00\x00\x00\x04\
_H^U\x08\x00\x00\x00\x00\x06\x00\x00\x00\x07Da\
nmaku\x07\x00\x00\x00\x1aADDITI\
ONAL_FILES_QUALI\
FIER\x01\x03\x00\x00\x00\x06QCexd\xda\
\x08\x00\x00\x00\x00\x06\x00\x00\x00\x08Metada\
ta\x07\x00\x00\x00\x1aADDITIONA\
L_FILES_QUALIFIE\
R\x01\x03\x00\x00\x00\x04[W^U\x08\x00\x00\x00\x00\
\x06\x00\x00\x00\x09Subtitles\x07\x00\
\x00\x00\x1aADDITIONAL_FI\
LES_QUALIFIER\x01\x03\x00\
\x00\x00\x08\x001\x003\x002\x00K\x08\x00\x00\x00\x00\
\x06\x00\x00\x00\x08132 kbps\x07\x00\x00\
\x00\x0dAUDIO_QUALITY\x01\
\x03\x00\x00\x00\x08\x001\x009\x002\x00K\x08\x00\x00\
\x00\x00\x06\x00\x00\x00\x08192 kbps\x07\
\x00\x00\x00\x0dAUDIO_QUALIT\
Y\x01\x03\x00\x00\x00\x06\x006\x004\x00K\x08\x00\x00\
\x00\x00\x06\x00\x00\x00\x0764 kbps\x07\x00\
\x00\x00\x0dAUDIO_QUALITY\
\x01\x03\x00\x00\x00\x04\x81\xeaR\xd5\x08\x00\x00\x00\x00\x06\
\x00\x00\x00\x04Auto\x07\x00\x00\x00\x0dAUD\
IO_QUALITY\x01\x03\x00\x00\x00\x0a\
g\x5ck\xd4Qhfo\x80r\x08\x00\x00\x00\x00\x06\
\x00\x00\x00\x0bDolby Atmos\x07\
\x00\x00\x00\x0dAUDIO_QUALIT\
Y\x01\x03\x00\x00\x00\x16\x00H\x00i\x00-\x00R\x00\
e\x00s\x00 q!d\x0d\x97\xf3\x8c\xea\x08\x00\x00\
\x00\x00\x06\x00\x00\x00\x0cHi-Res Au\
dio\x07\x00\x00\x00\x0dAUDIO_QU\
ALITY\x01\x03\x00\x00\x00\x1a\x95\xdce\xbc\x00\
 \x00{\x00a\x00p\x00p\x00_\x00n\x00a\x00\
m\x00e\x00}\x08\x00\x00\x00\x00\x06\x00\x00\x00\x10A\
bout {app_name}\x07\
\x00\x00\x00\x0bAboutDialog\x01\
\x03\x00\x00\x00r\x00C\x00o\x00p\x00y\x00r\x00\
i\x00g\x00h\x00t\x00 \x00\xa9\x00 \x002\x00\
0\x002\x002\x00-\x00{\x00y\x00e\x00a\x00\
r\x00}\x00 \x00S\x00c\x00o\x00t\x00t\x00\
 \x00S\x00l\x00o\x00a\x00n\x00.\x00 \x00\
A\x00l\x00l\x00 \x00R\x00i\x00g\x00h\x00\
t\x00s\x00 \x00R\x00e\x00s\x00e\x00r\x00\
v\x00e\x00d\x00.\x08\x00\x00\x00\x00\x06\x00\x00\x00\
:Copyright \xc2\xa9 20\
22-{year} Scott \
Sloan. All Right\
s Reserved.\x07\x00\x00\x00\x0b\
AboutDialog\x01\x03\x00\x00\x00\
\x08^kR\xa9e\x87N\xf6\x08\x00\x00\x00\x00\x06\x00\
\x00\x00\x0dDocumentation\
\x07\x00\x00\x00\x0bAboutDialog\
\x01\x03\x00\x00\x00\x0c\x00G\x00i\x00t\x00H\x00u\
\x00b\x08\x00\x00\x00\x00\x06\x00\x00\x00\x06Gith\
ub\x07\x00\x00\x00\x0bAboutDial\
og\x01\x03\x00\x00\x00l\x82\xe5kd\x5c\x08hH\
p\xba`\xa8{\xc0w\x01fB\x95\x93b\x16\x89\xe3\
lzUO\x98L\xff\x0cka\x8f\xce\x8d\x0aR\xa9\
O\x5c\x80\x05N\x00goT\x96Ua\xff\x0cN_\
R%_\xd8N\x86W(\x00 \x00G\x00i\x00t\
\x00H\x00u\x00b\x00 N\x0a\x9e\xdeP\x0b\x00 \
\x00S\x00t\x00a\x00r\x00 e/c\xf4\x95\x8b\
n\x90\xff\x01\x08\x00\x00\x00\x00\x06\x00\x00\x00\xadIf\
 this project sa\
ved you time or \
solved your prob\
lem, consider bu\
ying the author \
a coffee! Don't \
forget to star t\
he repository on\
 GitHub to suppo\
rt open-source d\
evelopment.\x07\x00\x00\x00\x0b\
AboutDialog\x01\x03\x00\x00\x00\
~W\xfae\xbc\x00 \x00Q\x00t\x00 \x00{\x00\
q\x00t\x00_\x00v\x00e\x00r\x00s\x00i\x00\
o\x00n\x00}\x00 S\xca\x00 \x00Q\x00F\x00\
l\x00u\x00e\x00n\x00t\x00W\x00i\x00d\x00\
g\x00e\x00t\x00s\x00 \x00{\x00q\x00f\x00\
l\x00u\x00e\x00n\x00t\x00w\x00i\x00d\x00\
g\x00e\x00t\x00s\x00_\x00v\x00e\x00r\x00\
s\x00i\x00o\x00n\x00}\x00 i\xcb^\xfa\x08\
\x00\x00\x00\x00\x06\x00\x00\x00FPowered\
 by Qt {qt_versi\
on} and QFluentW\
idgets {qfluentw\
idgets_version}\x07\
\x00\x00\x00\x0bAboutDialog\x01\
\x03\x00\x00\x00\x08\x96\xb1y\xc1e?{V\x08\x00\x00\
\x00\x00\x06\x00\x00\x00\x0ePrivacy P\
olicy\x07\x00\x00\x00\x0bAboutD\
ialog\x01\x03\x00\x00\x00\x08\x8d\x0aR\xa9O\
\x5c\x80\x05\x08\x00\x00\x00\x00\x06\x00\x00\x00\x07Spo\
nsor\x07\x00\x00\x00\x0bAboutDi\
alog\x01\x03\x00\x00\x00\x08O\x7fu(ST\
\x8bp\x08\x00\x00\x00\x00\x06\x00\x00\x00\x0cTerm\
s of Use\x07\x00\x00\x00\x0bAbo\
utDialog\x01\x03\x00\x00\x00Ng,\
\x8e\xdf\x9a\xd4p\xbaQM\x8c\xbb\x95\x8bn\x90\x8e\xdf\
\x9a\xd4\xff\x0cc\xa1u(\x00 \x00G\x00N\x00U\
\x00 \x90\x1au(Qlw>c\x88k\x0ah\x9d\
k>{,N\x09rH\xff\x08\x00G\x00P\x00L\
\x00v\x003\xff\x09c\x88k\x0a0\x02\x08\x00\x00\x00\
\x00\x06\x00\x00\x00`This softw\
are is free and \
open-source, lic\
ensed under the \
GNU General Publ\
ic License v3 (G\
PLv3).\x07\x00\x00\x00\x0bAbout\
Dialog\x01\x03\x00\x00\x00 rHg,\
\x00 \x00{\x00a\x00p\x00p\x00_\x00v\x00e\
\x00r\x00s\x00i\x00o\x00n\x00}\x08\x00\x00\x00\
\x00\x06\x00\x00\x00\x15Version {a\
pp_version}\x07\x00\x00\x00\x0b\
AboutDialog\x01\x03\x00\x00\x00\
\x10\x98oy:S@W\xdf\x00 \x00(\x00%\x00\
)\x08\x00\x00\x00\x00\x06\x00\x00\x00\x10Displ\
ay Area (%)\x07\x00\x00\x00\x0d\
AdvancedGroup\x01\x03\x00\
\x00\x00\x16g\x00\x5c\x0fl4n\x96\x95\x93\x8d\xdd\x00\
 \x00(P\xcf} \x00)\x08\x00\x00\x00\x00\x06\x00\
\x00\x00\x1fMinimum Horiz\
ontal Spacing (p\
x)\x07\x00\x00\x00\x0dAdvancedG\
roup\x01\x03\x00\x00\x00\x10N\x0d\x90\x0ff\x0e\
^\xa6\x00 \x00(\x00%\x00)\x08\x00\x00\x00\x00\x06\
\x00\x00\x00\x0bOpacity (%)\x07\
\x00\x00\x00\x0dAdvancedGrou\
p\x01\x03\x00\x00\x00\x14_H^Un\xfeR\xd5f\
B\x95w\x00 \x00(y\xd2\x00)\x08\x00\x00\x00\x00\
\x06\x00\x00\x00\x13Scroll Dura\
tion (s)\x07\x00\x00\x00\x0dAdv\
ancedGroup\x01\x03\x00\x00\x00\x1e\
\x98\x02\x90\xe8\x00/^\x95\x90\xe8_H^UP\x5c\
uYfB\x95w\x00 \x00(y\xd2\x00)\x08\x00\
\x00\x00\x00\x06\x00\x00\x00\x13Static D\
uration (s)\x07\x00\x00\x00\x0d\
AdvancedGroup\x01\x03\x00\
\x00\x00\x08\x5c\x0d\x9fJe\xb9_\x0f\x08\x00\x00\x00\x00\
\x06\x00\x00\x00\x09Alignment\x07\x00\
\x00\x00\x0eAlignmentGrou\
p\x01\x03\x00\x00\x00\x0c\x81\xeaR\xd5\x89\xe3g\x90R\
\x06\x98\x01\x08\x00\x00\x00\x00\x06\x00\x00\x00\x15Aut\
o-parse Paginati\
on\x07\x00\x00\x00\x0fAutoParse\
Dialog\x01\x03\x00\x00\x00\x1a\x89\xe3g\x90\
k\xcf\x98\x01_\x8c\x81\xeaR\xd5R\xa0QeN\x0b\
\x8f\x09n\x05U\xae\x08\x00\x00\x00\x00\x06\x00\x00\x00:\
Automatically ad\
d to download li\
st after parsing\
 each page\x07\x00\x00\x00\x0fA\
utoParseDialog\x01\x03\
\x00\x00\x00\x12\x81\xeaR\xd5\x98oy:kd\x5c\x0d\
\x8aqe\xb9XJ\x08\x00\x00\x00\x00\x06\x00\x00\x00\x1e\
Automatically sh\
ow this dialog\x07\x00\
\x00\x00\x0fAutoParseDial\
og\x01\x03\x00\x00\x00\x02_\x9e\x08\x00\x00\x00\x00\x06\
\x00\x00\x00\x04From\x07\x00\x00\x00\x0fAut\
oParseDialog\x01\x03\x00\x00\
\x00\x08q!eH{\xc4W\x0d\x08\x00\x00\x00\x00\x06\
\x00\x00\x00\x0dInvalid Rang\
e\x07\x00\x00\x00\x0fAutoParseD\
ialog\x01\x03\x00\x00\x00\x0c\x89\xe3g\x90Q\
h\x90\xe8R\x06\x98\x01\x08\x00\x00\x00\x00\x06\x00\x00\x00\
\x0fParse all pages\
\x07\x00\x00\x00\x0fAutoParseDi\
alog\x01\x03\x00\x00\x00\x1cP\xc5\x89\xe3g\x90\
{,\x00 \x00X\x00 \x98\x01\x81\xf3{,\x00 \
\x00Y\x00 \x98\x01\x08\x00\x00\x00\x00\x06\x00\x00\x00\x17\
Parse only pages\
 X to Y\x07\x00\x00\x00\x0fAuto\
ParseDialog\x01\x03\x00\x00\x00\
\x10\x89\xe3g\x90\x95\x93\x96\x94\x00 \x00(y\xd2\x00\
)\x08\x00\x00\x00\x00\x06\x00\x00\x00\x10Parsi\
ng Interval\x07\x00\x00\x00\x0f\
AutoParseDialog\x01\
\x03\x00\x00\x00\x1c\x8a\xcb\x90xd\xc7\x89\xe3g\x90{\
\xc4W\x0d\x82\x07_\x8c~\x8c\x86Ut\x06e\xb9_\
\x0f\x08\x00\x00\x00\x00\x06\x00\x00\x00@Pleas\
e select the par\
sing range and s\
ubsequent proces\
sing method\x07\x00\x00\x00\x0f\
AutoParseDialog\x01\
\x03\x00\x00\x00\x08\x95\x8bY\xcb\x89\xe3g\x90\x08\x00\x00\
\x00\x00\x06\x00\x00\x00\x0dStart Par\
sing\x07\x00\x00\x00\x0fAutoPar\
seDialog\x01\x03\x00\x00\x00\x14\x8dw\
Y\xcb\x98\x01N\x0d\x80\xfdY'e\xbc}Pg_\
\x98\x01\x08\x00\x00\x00\x00\x06\x00\x00\x008The \
starting page ca\
nnot be greater \
than the ending \
page\x07\x00\x00\x00\x0fAutoPar\
seDialog\x01\x03\x00\x00\x00\x02R0\
\x08\x00\x00\x00\x00\x06\x00\x00\x00\x02To\x07\x00\x00\x00\
\x0fAutoParseDialog\
\x01\x03\x00\x00\x00b\x8bfTJ\xff\x1au1e\xbc\
\x00 \x00B\x00i\x00l\x00i\x00b\x00i\x00l\
\x00i\x00 \x98\xa8c\xa7j_R6\xff\x0cR\x06\
\x98\x01\x90NY\x1a0\x01\x98;s\x87\x90N_\xeb\
S\xef\x80\xfd\x5c\x0e\x81\xf4\x89\xe3g\x90Y1eW\
N&\x5c\x01y\x81\x00 \x00I\x00P\xff\x0c\x8a\xcb\
\x8b9aNO\x7fu(\x08\x00\x00\x00\x00\x06\x00\x00\
\x00\x95Warning: Due t\
o Bilibili's ant\
i-abuse mechanis\
m, parsing too m\
any pages and re\
questing too fre\
quently may caus\
e failure and IP\
 ban. Use with c\
aution.\x07\x00\x00\x00\x0fAuto\
ParseDialog\x01\x03\x00\x00\x00\
\x02y\xd2\x08\x00\x00\x00\x00\x06\x00\x00\x00\x07sec\
onds\x07\x00\x00\x00\x0fAutoPar\
seDialog\x01\x03\x00\x00\x00\x14\x81\xea\
R\xd5\x90xd\xc7N\x0b\x8f\x09\x98\x05v\xee\x8a-\
[\x9a\x08\x00\x00\x00\x00\x06\x00\x00\x00#Auto\
-select Download\
 Items Settings\x07\
\x00\x00\x00\x10AutoSelectDi\
alog\x01\x03\x00\x00\x00\x10\x81\xeaR\xd5R\xfe\
\x90xb@g\x09\x98\x05v\xee\x08\x00\x00\x00\x00\x06\
\x00\x00\x00\x1eAutomaticall\
y select all ite\
ms\x07\x00\x00\x00\x10AutoSelec\
tDialog\x01\x03\x00\x00\x00\x0ec\x09h\
\x9dN\xf6\x81\xeaR\xd5R\xfe\x90x\x08\x00\x00\x00\x00\
\x06\x00\x00\x00(Automatical\
ly select based \
on conditions\x07\x00\x00\
\x00\x10AutoSelectDial\
og\x01\x03\x00\x00\x00\x08bKR\xd5\x90xd\xc7\
\x08\x00\x00\x00\x00\x06\x00\x00\x00\x0fChoose\
 manually\x07\x00\x00\x00\x10Au\
toSelectDialog\x01\x03\
\x00\x00\x00\x0c\x8b\x93b\x11bKR\xd5\x90xd\xc7\
\x08\x00\x00\x00\x00\x06\x00\x00\x00\x16Let me\
 choose manually\
\x07\x00\x00\x00\x10AutoSelectD\
ialog\x01\x03\x00\x00\x00\x18\x90xN-\x8a\
rR\x87\x96\xc6N-b@g\x09kcrGR\
\x87\x96\xc6\x08\x00\x00\x00\x00\x06\x00\x00\x00&Sel\
ect all main epi\
sodes in the ser\
ies\x07\x00\x00\x00\x10AutoSele\
ctDialog\x01\x03\x00\x00\x00\x1a\x90x\
N-R\x06\x00Pb\x16T\x08\x96\xc6N-v\x84\
b@g\x09_qrG\x08\x00\x00\x00\x00\x06\x00\x00\
\x001Select all vid\
eos in the multi\
-part or collect\
ion\x07\x00\x00\x00\x10AutoSele\
ctDialog\x01\x03\x00\x00\x00\x18\x90x\
N-\x90#}Pb@\x5c\x0da\xc9v\x84U\xae\
P\x0bR\x87\x96\xc6\x08\x00\x00\x00\x00\x06\x00\x00\x008\
Select only the \
single episode c\
orresponding to \
the link\x07\x00\x00\x00\x10Aut\
oSelectDialog\x01\x03\x00\
\x00\x00\x18\x90xN-\x90#}Pb@\x5c\x0da\
\xc9v\x84U\xaeP\x0b_qrG\x08\x00\x00\x00\x00\
\x06\x00\x00\x006Select only\
 the single vide\
o corresponding \
to the link\x07\x00\x00\x00\x10\
AutoSelectDialog\
\x01\x03\x00\x00\x00.\x8a-[\x9a\x89\xe3g\x90[\x8c\
b\x10_\x8c\xff\x0c\x89\xe3g\x90R\x17\x88hN-\
v\x84\x98\x05v\xeeY\x82OU\x81\xeaR\xd5R\xfe\
\x90x0\x02\x08\x00\x00\x00\x00\x06\x00\x00\x00VSe\
t how items in t\
he parsed list a\
re automatically\
 selected after \
parsing is compl\
ete.\x07\x00\x00\x00\x10AutoSel\
ectDialog\x01\x03\x00\x00\x00,P\
\xc5W(\x90xd\xc70\x0cc\x09h\x9dN\xf6\x81\
\xeaR\xd5R\xfe\x90x0\x0dfBS\xefO\xeee\
9N\xe5N\x0b\x89\x8fRG0\x02\x08\x00\x00\x00\x00\
\x06\x00\x00\x00eThe followi\
ng rules can onl\
y be modified wh\
en \x22Automaticall\
y select based o\
n conditions\x22 is\
 selected.\x07\x00\x00\x00\x10A\
utoSelectDialog\x01\
\x03\x00\x00\x00\x18\x89\xe3g\x90R\x87\x96\xc6\x98^b\
\x16\x8a\xb2z\x0b\x98^_qrGfB\x08\x00\x00\
\x00\x00\x06\x00\x00\x00+When pars\
ing episodic or \
course-type vide\
os\x07\x00\x00\x00\x10AutoSelec\
tDialog\x01\x03\x00\x00\x00\x12\x89\xe3g\
\x90QvN\xd6\x98^W\x8b_qrGfB\x08\
\x00\x00\x00\x00\x06\x00\x00\x00\x22When pa\
rsing other type\
s of videos\x07\x00\x00\x00\x10\
AutoSelectDialog\
\x01\x03\x00\x00\x00\x0e\x89\xe3g\x90b\x95z?_q\
rGfB\x08\x00\x00\x00\x00\x06\x00\x00\x00!Wh\
en parsing user-\
uploaded videos\x07\
\x00\x00\x00\x10AutoSelectDi\
alog\x01\x03\x00\x00\x00fc\x09\x00 \x00C\
\x00t\x00r\x00l\x00 \x00+\x00 \x00A\x00 \
Qh\x90x\xff\x0c\x00C\x00t\x00r\x00l\x00 \
\x00+\x00 \x00D\x00 S\xd6m\x88Qh\x90x\
\x00\x0aN_S\xefN\xe5c\x09OO\x00 \x00S\
\x00h\x00i\x00f\x00t\x00 N&\x9e\xded\xca\
N\xe5\x90xS\xd6\x90#~\x8c\x98\x05v\xee0\x02\
\x08\x00\x00\x00\x00\x06\x00\x00\x00\x7fPress \
Ctrl + A to sele\
ct all items, Ct\
rl + D to desele\
ct all items\x0aYou\
 can also press \
shift + click to\
 select a range \
of items.\x07\x00\x00\x00\x12BA\
TCH_SELECT_GUIDE\
\x01\x03\x00\x00\x00\x1e\x89\xe3g\x90k\xcfh\x9d\x90#\
}P_\x8c\x81\xeaR\xd5R\xa0QeN\x0b\x8f\x09\
n\x05U\xae\x08\x00\x00\x00\x00\x06\x00\x00\x00:Au\
tomatically add \
to download list\
 after parsing e\
ach link\x07\x00\x00\x00\x10Bat\
chParseDialog\x01\x03\x00\
\x00\x00\x08byk!\x89\xe3g\x90\x08\x00\x00\x00\x00\
\x06\x00\x00\x00\x0bBatch Parse\
\x07\x00\x00\x00\x10BatchParseD\
ialog\x01\x03\x00\x00\x00\x04n\x05\x96d\x08\
\x00\x00\x00\x00\x06\x00\x00\x00\x05Clear\x07\x00\
\x00\x00\x10BatchParseDia\
log\x01\x03\x00\x00\x00$v\xeeRMP\xc5e\
/c\xf4\x00 \x00a\x00v\x00 \x86_b\x16\x00\
 \x00B\x00V\x00 \x86_\x90#}P\x08\x00\x00\
\x00\x00\x06\x00\x00\x00,Currently\
 only av or BV l\
inks are support\
ed.\x07\x00\x00\x00\x10BatchPar\
seDialog\x01\x03\x00\x00\x00\x0c\x90#\
}Ph<_\x0f\x93/\x8a\xa4\x08\x00\x00\x00\x00\x06\
\x00\x00\x00\x13Invalid Link\
 Format\x07\x00\x00\x00\x10Batc\
hParseDialog\x01\x03\x00\x00\
\x00\x0c\x90#}Pex\x91\xcf\xff\x1a\x000\x08\x00\
\x00\x00\x00\x06\x00\x00\x00\x0dLink Cou\
nt: 0\x07\x00\x00\x00\x10BatchP\
arseDialog\x01\x03\x00\x00\x00\x18\
\x90#}Pex\x91\xcf\xff\x1a\x00{\x00c\x00o\
\x00u\x00n\x00t\x00}\x08\x00\x00\x00\x00\x06\x00\x00\
\x00\x13Link Count: {c\
ount}\x07\x00\x00\x00\x10BatchP\
arseDialog\x01\x03\x00\x00\x00\x0c\
\x90#}Pex\x91\xcfp\xbazz\x08\x00\x00\x00\
\x00\x06\x00\x00\x00\x11No Links P\
rovided\x07\x00\x00\x00\x10Batc\
hParseDialog\x01\x03\x00\x00\
\x00@W(kd\x8c\xbcN\x0a_qrG\x90#\
}P\xff\x0ck\xcf\x88LN\x00P\x0b\xff\x0cv\xee\
RMP\xc5e/c\xf4\x00 \x00a\x00v\x00 \
\x86_\x82\x07\x00 \x00B\x00V\x00 \x86_\x90#\
}P\x08\x00\x00\x00\x00\x06\x00\x00\x00SPast\
e video links he\
re, one per line\
. Currently only\
 av and BV links\
 are supported.\x07\
\x00\x00\x00\x10BatchParseDi\
alog\x01\x03\x00\x00\x00\x1a\x8a\xcbW(e\x87\
[We\xb9XJN-\x8c\xbcN\x0a_qrG\
\x90#}P\x08\x00\x00\x00\x00\x06\x00\x00\x00)Pl\
ease paste video\
 links in the te\
xt box.\x07\x00\x00\x00\x10Batc\
hParseDialog\x01\x03\x00\x00\
\x00\x08\x95\x8bY\xcb\x89\xe3g\x90\x08\x00\x00\x00\x00\x06\
\x00\x00\x00\x0dStart Parsin\
g\x07\x00\x00\x00\x10BatchParse\
Dialog\x01\x03\x00\x00\x00\x08byk!\
\x90xS\xd6\x08\x00\x00\x00\x00\x06\x00\x00\x00\x0fBa\
tch Selection\x07\x00\x00\
\x00\x11BatchSelectDia\
log\x01\x03\x00\x00\x00\x22\x8a\xcb\x8f8Qe\x88\
L\x86_\xff\x0cO\x8bY\x82\xff\x1a\x001\x00,\x00\
3\x00,\x005\x00-\x001\x000\x08\x00\x00\x00\x00\
\x06\x00\x00\x00\x22Enter line \
numbers (e.g. 1,\
3,5-10)\x07\x00\x00\x00\x11Batc\
hSelectDialog\x01\x03\x00\
\x00\x00\x0c\x88L\x86_h<_\x0f\x93/\x8a\xa4\x08\
\x00\x00\x00\x00\x06\x00\x00\x00\x13Invalid\
 line number\x07\x00\x00\x00\
\x11BatchSelectDial\
og\x01\x03\x00\x00\x00\x10\x88L\x86_{\xc4W\x0d\
h<_\x0f\x93/\x8a\xa4\x08\x00\x00\x00\x00\x06\x00\x00\
\x00\x19Invalid line n\
umber range\x07\x00\x00\x00\x11\
BatchSelectDialo\
g\x01\x03\x00\x00\x00\x0a\x8a\xcb\x8f8Qe\x88L\x86\
_\x08\x00\x00\x00\x00\x06\x00\x00\x00\x19Pleas\
e enter line num\
bers\x07\x00\x00\x00\x11BatchSe\
lectDialog\x01\x03\x00\x00\x00\x0e\
\x90\x8ahF\x00 \x00(P\xcf} \x00)\x08\x00\
\x00\x00\x00\x06\x00\x00\x00\x0cOutline \
(px)\x07\x00\x00\x00\x0bBorderG\
roup\x01\x03\x00\x00\x00\x0e\x96p_q\x00 \
\x00(P\xcf} \x00)\x08\x00\x00\x00\x00\x06\x00\x00\
\x00\x0bShadow (px)\x07\x00\x00\
\x00\x0bBorderGroup\x01\x03\x00\
\x00\x00\x04d\xcdO\x5c\x08\x00\x00\x00\x00\x06\x00\x00\x00\
\x07Actions\x07\x00\x00\x00\x0fCDN\
ServerDialog\x01\x03\x00\x00\
\x00\x04e\xb0X\x9e\x08\x00\x00\x00\x00\x06\x00\x00\x00\x03\
Add\x07\x00\x00\x00\x0fCDNServe\
rDialog\x01\x03\x00\x00\x00\x12\x81\xea\x8a\
\x02g\x0dR\xd9UF\x00 \x00C\x00D\x00N\x08\
\x00\x00\x00\x00\x06\x00\x00\x00\x1eCustomi\
ze Service Provi\
der CDN\x07\x00\x00\x00\x0fCDNS\
erverDialog\x01\x03\x00\x00\x00\
,b\xd6f\xf3n\x05U\xae\x98\x05v\xee\x8a\xbfe\
t\x98\x06^\x8f\xff\x0cOM\x7fn\x8d\x8aN\x0ae\
\xb9Q*QHk\x0a\x8d\x8a\x9a\xd80\x02\x08\x00\x00\
\x00\x00\x06\x00\x00\x009Drag item\
s to reorder. Hi\
gher items have \
higher priority.\
\x07\x00\x00\x00\x0fCDNServerDi\
alog\x01\x03\x00\x00\x00\x04{\xc0\x9e\xde\x08\x00\
\x00\x00\x00\x06\x00\x00\x00\x04Node\x07\x00\x00\x00\
\x0fCDNServerDialog\
\x01\x03\x00\x00\x00\x06g\x0dR\xd9UF\x08\x00\x00\x00\
\x00\x06\x00\x00\x00\x08Provider\x07\x00\
\x00\x00\x0fCDNServerDial\
og\x01\x03\x00\x00\x00\x0c\x91\xcd\x8a-p\xba\x98\x10\
\x8a-P<\x08\x00\x00\x00\x00\x06\x00\x00\x00\x10Re\
set to Default\x07\x00\
\x00\x00\x0fCDNServerDial\
og\x01\x03\x00\x00\x00\x1c\x8a\xbfetN\x0b\x8f\x09\
b@u(v\x84\x00 \x00C\x00D\x00N\x00 \
\x8a-[\x9a\x08\x00\x00\x00\x00\x06\x00\x00\x00(Ad\
just CDN setting\
s used for downl\
oading\x07\x00\x00\x00\x0eCDNSe\
ttingCard\x01\x03\x00\x00\x00\x0c\x00\
C\x00D\x00N\x00 \x8a-[\x9a\x08\x00\x00\x00\x00\
\x06\x00\x00\x00\x0cCDN Setting\
s\x07\x00\x00\x00\x0eCDNSetting\
Card\x01\x03\x00\x00\x00\x06\x8a-[\x9a &\
\x08\x00\x00\x00\x00\x06\x00\x00\x00\x0cConfig\
ure\xe2\x80\xa6\x07\x00\x00\x00\x0eCDNSe\
ttingCard\x01\x03\x00\x00\x00\x12\x81\
\xea\x8a\x02g\x0dR\xd9UF\x00 \x00C\x00D\x00\
N\x08\x00\x00\x00\x00\x06\x00\x00\x00\x1eCusto\
mize Service Pro\
vider CDN\x07\x00\x00\x00\x0eCD\
NSettingCard\x01\x03\x00\x00\
\x00&\x81\xea\x8a\x02g\x0dR\xd9UF\x00 \x00C\
\x00D\x00N\x00 n\x05U\xae\x82\x07Q*QH\
\x98\x06^\x8f\x8a-[\x9a\x08\x00\x00\x00\x00\x06\x00\x00\
\x008Customize the \
list and priorit\
y of service pro\
vider CDNs\x07\x00\x00\x00\x0eC\
DNSettingCard\x01\x03\x00\
\x00\x00\x06\x81\xea\x8a\x02 &\x08\x00\x00\x00\x00\x06\x00\
\x00\x00\x0cCustomize\xe2\x80\xa6\x07\
\x00\x00\x00\x0eCDNSettingCa\
rd\x01\x03\x00\x00\x002Q*QHO\x7fu(\
O:g\x0dVhO\x9ba\xc9UFc\xd0O\x9b\
v\x84\x00 \x00C\x00D\x00N\xff\x0cc\xd0SG\
N\x0b\x8f\x09zi[\x9a`'\x08\x00\x00\x00\x00\x06\
\x00\x00\x00LPrefer CDN p\
rovided by cloud\
 service provide\
rs to improve do\
wnload stability\
\x07\x00\x00\x00\x0eCDNSettingC\
ard\x01\x03\x00\x00\x00\x16Q*QHO\x7fu\
(g\x0dR\xd9UF\x00 \x00C\x00D\x00N\x08\
\x00\x00\x00\x00\x06\x00\x00\x00\x1bPrefer \
Service Provider\
 CDN\x07\x00\x00\x00\x0eCDNSett\
ingCard\x01\x03\x00\x00\x00\x0c\x90xd\
\xc7W0t\x06OM\x7fn\x08\x00\x00\x00\x00\x06\x00\
\x00\x00\x1aSelect Geogra\
phic Location\x07\x00\x00\
\x00\x0eCDNSettingCard\
\x01\x03\x00\x00\x00>\x90xd\xc7[\xe6\x96\x9bOM\
\x7fn\xff\x0cN\xe5\x81\xeaR\xd5S9\x91Mf\xf4\
T\x08\x90iv\x84\x00 \x00C\x00D\x00N\x00 \
O:g\x0dVhN&c\xd0SGN\x0b\x8f\x09\
\x90\x1f^\xa6\x08\x00\x00\x00\x00\x06\x00\x00\x00hSe\
lect your actual\
 location to aut\
omatically match\
 a more suitable\
 CDN server and \
improve download\
 speed\x07\x00\x00\x00\x0eCDNSe\
ttingCard\x01\x03\x00\x00\x00\x06\x96\
?\x91\xcc\x96\xf2\x08\x00\x00\x00\x00\x06\x00\x00\x00\x06A\
liyun\x07\x00\x00\x00\x13CDN_SE\
RVER_PROVIDER\x01\x03\x00\
\x00\x00\x04\x81\xea\x8a\x02\x08\x00\x00\x00\x00\x06\x00\x00\x00\
\x06Custom\x07\x00\x00\x00\x13CDN_\
SERVER_PROVIDER\x01\
\x03\x00\x00\x00\x06\x83\xefp\xba\x96\xf2\x08\x00\x00\x00\x00\
\x06\x00\x00\x00\x0cHuawei Clou\
d\x07\x00\x00\x00\x13CDN_SERVER\
_PROVIDER\x01\x03\x00\x00\x00\x06\x9a\
0\x8a\x0a\x96\xf2\x08\x00\x00\x00\x00\x06\x00\x00\x00\x0dT\
encent Cloud\x07\x00\x00\x00\
\x13CDN_SERVER_PROV\
IDER\x01\x03\x00\x00\x00\x04fB\x95w\x08\x00\
\x00\x00\x00\x06\x00\x00\x00\x08Duration\
\x07\x00\x00\x00\x0bCOLUMN_NAME\
\x01\x03\x00\x00\x00\x08e6\x85\xcffB\x95\x93\x08\x00\
\x00\x00\x00\x06\x00\x00\x00\x0dFavorite\
 Time\x07\x00\x00\x00\x0bCOLUMN\
_NAME\x01\x03\x00\x00\x00\x0cN\x0ak!\x89\
\xc0w\x0bfB\x95\x93\x08\x00\x00\x00\x00\x06\x00\x00\x00\
\x0cLast Watched\x07\x00\x00\
\x00\x0bCOLUMN_NAME\x01\x03\x00\
\x00\x00\x04^\x8f\x86_\x08\x00\x00\x00\x00\x06\x00\x00\x00\
\x03No.\x07\x00\x00\x00\x0bCOLUMN_\
NAME\x01\x03\x00\x00\x00\x04P\x99\x8a;\x08\x00\
\x00\x00\x00\x06\x00\x00\x00\x05Notes\x07\x00\x00\
\x00\x0bCOLUMN_NAME\x01\x03\x00\
\x00\x00\x08v|OHfB\x95\x93\x08\x00\x00\x00\x00\
\x06\x00\x00\x00\x0cPublish Tim\
e\x07\x00\x00\x00\x0bCOLUMN_NAM\
E\x01\x03\x00\x00\x00(v|OHfB\x95\x93\x00\
 \x00/\x00 e6\x85\xcffB\x95\x93\x00 \x00\
/\x00 N\x0ak!\x89\xc0w\x0bfB\x95\x93\x08\
\x00\x00\x00\x00\x06\x00\x00\x00+Publish\
 Time / Favorite\
 Time / Last Wat\
ched\x07\x00\x00\x00\x0bCOLUMN_\
NAME\x01\x03\x00\x00\x00\x04j\x19\x98L\x08\x00\
\x00\x00\x00\x06\x00\x00\x00\x05Title\x07\x00\x00\
\x00\x0bCOLUMN_NAME\x01\x03\x00\
\x00\x00\x08_qrGT\x08\x96\xc6\x08\x00\x00\x00\x00\
\x06\x00\x00\x00\x0aCollection\x07\
\x00\x00\x00\x0fCONVENTION_T\
YPE\x01\x03\x00\x00\x00\x04\x8a\xb2z\x0b\x08\x00\x00\
\x00\x00\x06\x00\x00\x00\x07Courses\x07\x00\
\x00\x00\x0fCONVENTION_TY\
PE\x01\x03\x00\x00\x00\x06e6\x85\xcfY>\x08\x00\
\x00\x00\x00\x06\x00\x00\x00\x09Favorite\
s\x07\x00\x00\x00\x0fCONVENTION\
_TYPE\x01\x03\x00\x00\x00\x04_q\x89\x96\x08\
\x00\x00\x00\x00\x06\x00\x00\x00\x09Film & \
TV\x07\x00\x00\x00\x0fCONVENTIO\
N_TYPE\x01\x03\x00\x00\x00\x08kwS\xf2\
\x8a\x18\x93\x04\x08\x00\x00\x00\x00\x06\x00\x00\x00\x07Hi\
story\x07\x00\x00\x00\x0fCONVEN\
TION_TYPE\x01\x03\x00\x00\x00\x08N\
\x92R\xd5_qrG\x08\x00\x00\x00\x00\x06\x00\x00\x00\
\x11Interactive Vid\
eo\x07\x00\x00\x00\x0fCONVENTIO\
N_TYPE\x01\x03\x00\x00\x00\x08R\x06\x00P\
_qrG\x08\x00\x00\x00\x00\x06\x00\x00\x00\x11Mu\
lti-part Series\x07\
\x00\x00\x00\x0fCONVENTION_T\
YPE\x01\x03\x00\x00\x00\x04\x97\xf3j\x02\x08\x00\x00\
\x00\x00\x06\x00\x00\x00\x05Music\x07\x00\x00\x00\
\x0fCONVENTION_TYPE\
\x01\x03\x00\x00\x00\x08P\x0bN\xbazz\x95\x93\x08\x00\
\x00\x00\x00\x06\x00\x00\x00\x07Profile\x07\
\x00\x00\x00\x0fCONVENTION_T\
YPE\x01\x03\x00\x00\x00\x08U\xaeP\x0b_qr\
G\x08\x00\x00\x00\x00\x06\x00\x00\x00\x0cSingl\
e Video\x07\x00\x00\x00\x0fCONV\
ENTION_TYPE\x01\x03\x00\x00\x00\
\x08z\x0d_\x8c\x89\xc0w\x0b\x08\x00\x00\x00\x00\x06\x00\
\x00\x00\x0bWatch Later\x07\x00\
\x00\x00\x0fCONVENTION_TY\
PE\x01\x03\x00\x00\x00\x08k\xcf\x901_\xc5w\x0b\
\x08\x00\x00\x00\x00\x06\x00\x00\x00\x0cWeekly\
 Picks\x07\x00\x00\x00\x0fCONVE\
NTION_TYPE\x01\x03\x00\x00\x00\x10\
\x8a\xbfetz\xe0{\xc0v\xf8\x95\xdc\x8a-[\x9a\
\x08\x00\x00\x00\x00\x06\x00\x00\x00\x17Adjust\
 chapter setting\
s\x07\x00\x00\x00\x12ChapterSet\
tingCard\x01\x03\x00\x00\x00\x08z\xe0\
{\xc0\x8a-[\x9a\x08\x00\x00\x00\x00\x06\x00\x00\x00\x10\
Chapter Settings\
\x07\x00\x00\x00\x12ChapterSett\
ingCard\x01\x03\x00\x00\x00\x0c]LQ\
ez\xe0{\xc0\x8c\xc7\x8a\x0a\x08\x00\x00\x00\x00\x06\x00\
\x00\x00\x0eEmbed Chapter\
s\x07\x00\x00\x00\x12ChapterSet\
tingCard\x01\x03\x00\x00\x006\x5c\x07\
_qrGv\x84R\x06k\xb5z\xe0{\xc0[\xeb\
Qe_qrGj\x94hH\xff\x0cP\xc5W(\
T\x08Ou_qrG\x82\x07\x97\xf3\x8a\x0afB\
u\x1feH\x08\x00\x00\x00\x00\x06\x00\x00\x00YEm\
bed the video ch\
apters into the \
video file, only\
 effective when \
merging video an\
d audio\x07\x00\x00\x00\x12Chap\
terSettingCard\x01\x03\
\x00\x00\x00\x08z\xcbSsj\xa2g\xe5\x08\x00\x00\x00\
\x00\x06\x00\x00\x00\x09Check Now\x07\
\x00\x00\x00\x16CheckUpdateS\
ettingCard\x01\x03\x00\x00\x00\x08\
j\xa2g\xe5f\xf4e\xb0\x08\x00\x00\x00\x00\x06\x00\x00\
\x00\x11Check for Upda\
tes\x07\x00\x00\x00\x16CheckUpd\
ateSettingCard\x01\x03\
\x00\x00\x00\x14j\xa2g\xe5f/T&g\x09e\xb0\
rHg,S\xefu(\x08\x00\x00\x00\x00\x06\x00\x00\
\x00#Check if a new\
 version is avai\
lable\x07\x00\x00\x00\x16CheckU\
pdateSettingCard\
\x01\x03\x00\x00\x00\x0eS\x05T+\x98\x10v|\x88L\
rHg,\x08\x00\x00\x00\x00\x06\x00\x00\x00\x1bIn\
clude Prerelease\
 Versions\x07\x00\x00\x00\x16Ch\
eckUpdateSetting\
Card\x01\x03\x00\x00\x00(W(f\xf4e\xb0\
j\xa2g\xe5N-S\x05T+\x98\x10v|\x88L\
rHg,\xff\x08S\xef\x80\xfdN\x0dzi[\x9a\
\xff\x09\x08\x00\x00\x00\x00\x06\x00\x00\x00>Incl\
ude prerelease v\
ersions in updat\
e checks (may be\
 unstable)\x07\x00\x00\x00\x16C\
heckUpdateSettin\
gCard\x01\x03\x00\x00\x00\x0c\x81\xea\x8a\x02Q\
*QH\x98\x06^\x8f\x08\x00\x00\x00\x00\x06\x00\x00\x00\
\x12Customize Prior\
ity\x07\x00\x00\x00\x0cChoiceWi\
dget\x01\x03\x00\x00\x00\x08\x90\x8ahF\x98O\
\x82r\x08\x00\x00\x00\x00\x06\x00\x00\x00\x0dOutl\
ine Color\x07\x00\x00\x00\x0aCo\
lorGroup\x01\x03\x00\x00\x00\x08N;\
\x89\x81\x98O\x82r\x08\x00\x00\x00\x00\x06\x00\x00\x00\x0d\
Primary Color\x07\x00\x00\
\x00\x0aColorGroup\x01\x03\x00\x00\
\x00\x08k!\x89\x81\x98O\x82r\x08\x00\x00\x00\x00\x06\
\x00\x00\x00\x0fSecondary Co\
lor\x07\x00\x00\x00\x0aColorGro\
up\x01\x03\x00\x00\x00\x08\x96p_q\x98O\x82r\
\x08\x00\x00\x00\x00\x06\x00\x00\x00\x0cShadow\
 Color\x07\x00\x00\x00\x0aColor\
Group\x01\x03\x00\x00\x00\x0c\x81\xea\x8a\x02_\
H^Uj#_\x0f\x08\x00\x00\x00\x00\x06\x00\x00\x00\
\x17Customize Danma\
ku Style\x07\x00\x00\x00\x0dCon\
tentWidget\x01\x03\x00\x00\x00\x0c\
\x81\xea\x8a\x02[W^Uj#_\x0f\x08\x00\x00\x00\
\x00\x06\x00\x00\x00\x18Customize \
Subtitle Style\x07\x00\
\x00\x00\x0dContentWidget\
\x01\x03\x00\x00\x00\x16\x00C\x00o\x00o\x00k\x00i\
\x00e\x00 N\x0d\x80\xfdp\xbazz\x08\x00\x00\x00\
\x00\x06\x00\x00\x00\x17Cookies ca\
nnot be empty\x07\x00\x00\
\x00\x11CookieLoginDia\
log\x01\x03\x00\x00\x00\x18O\x7fu(\x00 \x00\
C\x00o\x00o\x00k\x00i\x00e\x00 v{Q\
e\x08\x00\x00\x00\x00\x06\x00\x00\x00\x13Log i\
n with Cookies\x07\x00\
\x00\x00\x11CookieLoginDi\
alog\x01\x03\x00\x00\x00\x22e/c\x01\x00 \
\x00J\x00S\x00O\x00N\x00 h<_\x0fT\x8c\
R\x06\x86_R\x06\x96\x94_b_\x0f\x08\x00\x00\x00\
\x00\x06\x00\x00\x002Support JS\
ON format and se\
micolon-separate\
d format\x07\x00\x00\x00\x11Coo\
kieLoginDialog\x01\x03\
\x00\x00\x00\x10\x8a\xbfet\x5c\x01\x97bN\x0b\x8f\x09\
\x8a-[\x9a\x08\x00\x00\x00\x00\x06\x00\x00\x00\x1eAd\
just cover downl\
oad settings\x07\x00\x00\x00\
\x10CoverSettingCar\
d\x01\x03\x00\x00\x00\x0c\x5c\x01\x97bN\x0b\x8f\x09\x8a\
-[\x9a\x08\x00\x00\x00\x00\x06\x00\x00\x00\x17Cov\
er Download Sett\
ings\x07\x00\x00\x00\x10CoverSe\
ttingCard\x01\x03\x00\x00\x00\x08\x5c\
\x01\x97bh<_\x0f\x08\x00\x00\x00\x00\x06\x00\x00\x00\
\x0cCover Format\x07\x00\x00\
\x00\x10CoverSettingCa\
rd\x01\x03\x00\x00\x00\x0e]LQe_\x8cR*\
\x96d\x5c\x01\x97b\x08\x00\x00\x00\x00\x06\x00\x00\x00\x1c\
Delete Cover Aft\
er Embedding\x07\x00\x00\x00\
\x10CoverSettingCar\
d\x01\x03\x00\x00\x00\x22\x5c\x07\x5c\x01\x97b]LQ\
e_qrGj\x94hH_\x8cR*\x96dS\
\x9f\x5c\x01\x97bj\x94hH\x08\x00\x00\x00\x00\x06\x00\
\x00\x00EDelete the or\
iginal cover fil\
e after embeddin\
g it into the vi\
deo file\x07\x00\x00\x00\x10Cov\
erSettingCard\x01\x03\x00\
\x00\x00\x08N\x0b\x8f\x09\x5c\x01\x97b\x08\x00\x00\x00\x00\
\x06\x00\x00\x00\x0eDownload Co\
ver\x07\x00\x00\x00\x10CoverSet\
tingCard\x01\x03\x00\x00\x00\x08]L\
Qe\x5c\x01\x97b\x08\x00\x00\x00\x00\x06\x00\x00\x00\x0b\
Embed Cover\x07\x00\x00\x00\x10\
CoverSettingCard\
\x01\x03\x00\x00\x00\x1c\x5c\x07N\x0b\x8f\x09v\x84\x5c\x01\
\x97b]LQe\x81\xf3_qrGj\x94hH\
N-\x08\x00\x00\x00\x00\x06\x00\x00\x00.Embe\
d the downloaded\
 cover into the \
video file\x07\x00\x00\x00\x10C\
overSettingCard\x01\
\x03\x00\x00\x00\x04\x8f\x03Y\x1a\x08\x00\x00\x00\x00\x06\x00\
\x00\x00\x04High\x07\x00\x00\x00\x0fDANM\
AKU_DENSITY\x01\x03\x00\x00\x00\
\x04kc^8\x08\x00\x00\x00\x00\x06\x00\x00\x00\x06N\
ormal\x07\x00\x00\x00\x0fDANMAK\
U_DENSITY\x01\x03\x00\x00\x00\x04\x91\
\xcdu\x8a\x08\x00\x00\x00\x00\x06\x00\x00\x00\x07Ove\
rlap\x07\x00\x00\x00\x0fDANMAKU\
_DENSITY\x01\x03\x00\x00\x00\x04\x8f\x03\
_\xeb\x08\x00\x00\x00\x00\x06\x00\x00\x00\x04Fast\
\x07\x00\x00\x00\x0dDANMAKU_SPE\
ED\x01\x03\x00\x00\x00\x04kc^8\x08\x00\x00\x00\
\x00\x06\x00\x00\x00\x06Normal\x07\x00\x00\x00\
\x0dDANMAKU_SPEED\x01\x03\
\x00\x00\x00\x04\x8f\x03ab\x08\x00\x00\x00\x00\x06\x00\x00\
\x00\x04Slow\x07\x00\x00\x00\x0dDANMA\
KU_SPEED\x01\x03\x00\x00\x00\x04iu\
_\xeb\x08\x00\x00\x00\x00\x06\x00\x00\x00\x09Very\
 Fast\x07\x00\x00\x00\x0dDANMAK\
U_SPEED\x01\x03\x00\x00\x00\x04iua\
b\x08\x00\x00\x00\x00\x06\x00\x00\x00\x09Very \
Slow\x07\x00\x00\x00\x0dDANMAKU\
_SPEED\x01\x03\x00\x00\x00\x08e\xb0X\x9e\
\x89\x8fRG\x08\x00\x00\x00\x00\x06\x00\x00\x00\x08Ne\
w rule\x07\x00\x00\x00\x12DEFAU\
LT_RULE_NAMES\x01\x03\x00\
\x00\x00\x12\x98\x10\x8a-\x89\x8fRG\xff\x1a_qr\
GT\x08\x96\xc6\x08\x00\x00\x00\x00\x06\x00\x00\x00\x12P\
reset: Collectio\
n\x07\x00\x00\x00\x12DEFAULT_RU\
LE_NAMES\x01\x03\x00\x00\x00\x0e\x98\x10\
\x8a-\x89\x8fRG\xff\x1a\x8a\xb2z\x0b\x08\x00\x00\x00\
\x00\x06\x00\x00\x00\x0fPreset: Co\
urses\x07\x00\x00\x00\x12DEFAUL\
T_RULE_NAMES\x01\x03\x00\x00\
\x00\x10\x98\x10\x8a-\x89\x8fRG\xff\x1ae6\x85\xcf\
Y>\x08\x00\x00\x00\x00\x06\x00\x00\x00\x11Pres\
et: Favorites\x07\x00\x00\
\x00\x12DEFAULT_RULE_N\
AMES\x01\x03\x00\x00\x00\x0e\x98\x10\x8a-\x89\x8f\
RG\xff\x1a_q\x89\x96\x08\x00\x00\x00\x00\x06\x00\x00\
\x00\x11Preset: Film &\
 TV\x07\x00\x00\x00\x12DEFAULT_\
RULE_NAMES\x01\x03\x00\x00\x00\x12\
\x98\x10\x8a-\x89\x8fRG\xff\x1akwS\xf2\x8a\x18\
\x93\x04\x08\x00\x00\x00\x00\x06\x00\x00\x00\x0fPres\
et: History\x07\x00\x00\x00\x12\
DEFAULT_RULE_NAM\
ES\x01\x03\x00\x00\x00\x12\x98\x84\x8b\xbe\x89\xc4R\x19\
\xff\x1aN\x92R\xd5_qrG\x08\x00\x00\x00\x00\x06\
\x00\x00\x00\x19Preset: Inte\
ractive Video\x07\x00\x00\
\x00\x12DEFAULT_RULE_N\
AMES\x01\x03\x00\x00\x00\x12\x98\x10\x8a-\x89\x8f\
RG\xff\x1aR\x06\x00P_qrG\x08\x00\x00\x00\
\x00\x06\x00\x00\x00\x19Preset: Mu\
lti-part Series\x07\
\x00\x00\x00\x12DEFAULT_RULE\
_NAMES\x01\x03\x00\x00\x00\x0e\x98\x10\x8a-\
\x89\x8fRG\xff\x1a\x97\xf3j\x02\x08\x00\x00\x00\x00\x06\
\x00\x00\x00\x0dPreset: Musi\
c\x07\x00\x00\x00\x12DEFAULT_RU\
LE_NAMES\x01\x03\x00\x00\x00\x12\x98\x10\
\x8a-\x89\x8fRG\xff\x1aP\x0bN\xbazz\x95\x93\
\x08\x00\x00\x00\x00\x06\x00\x00\x00\x0fPreset\
: Profile\x07\x00\x00\x00\x12DE\
FAULT_RULE_NAMES\
\x01\x03\x00\x00\x00\x12\x98\x10\x8a-\x89\x8fRG\xff\x1a\
U\xaeP\x0b_qrG\x08\x00\x00\x00\x00\x06\x00\x00\
\x00\x14Preset: Single\
 Video\x07\x00\x00\x00\x12DEFAU\
LT_RULE_NAMES\x01\x03\x00\
\x00\x00\x12\x98\x10\x8a-\x89\x8fRG\xff\x1az\x0d_\
\x8c\x89\xc0w\x0b\x08\x00\x00\x00\x00\x06\x00\x00\x00\x13P\
reset: Watch Lat\
er\x07\x00\x00\x00\x12DEFAULT_R\
ULE_NAMES\x01\x03\x00\x00\x00\x12\x98\
\x10\x8a-\x89\x8fRG\xff\x1ak\xcf\x901_\xc5w\
\x0b\x08\x00\x00\x00\x00\x06\x00\x00\x00\x14Prese\
t: Weekly Picks\x07\
\x00\x00\x00\x12DEFAULT_RULE\
_NAMES\x01\x03\x00\x00\x00\xb6g,R\x9f\
\x80\xfd\x90\x0f\x90N_qrGU/N\x00\x8bX\
R%x\xbc\xff\x08Y\x82\x00 \x00B\x00V\x86_\
0\x01\x00a\x00v\x86_\xff\x09R$e\xb7f/\
T&\x91\xcd\x89\x07\xff\x0c\x82\x07j\x94hHT\x0d\
z1q!\x95\xdc0\x02\x00\x0a\x8a\xcbl\xe8a\x0f\
\xff\x0cN\x0b\x8f\x09}\x00\x93\x04f/\x8bXR%\
]\xf2N\x0b\x8f\x09_qrGv\x84U/N\x00\
O\x9dd\xda0\x02\x82\xe5n\x05\x96dN\x0b\x8f\x09\
}\x00\x93\x04\xff\x0c|\xfb}q\x5c\x07q!l\xd5\
\x8f\xa8\x8bX]\xf2N\x0b\x8f\x09Qg[\xb9\xff\x0c\
S\xef\x80\xfd\x5c\x0e\x81\xf4\x91\xcd\x89\x07N\x0b\x8f\x09\
0\x02\x08\x00\x00\x00\x00\x06\x00\x00\x01,This\
 feature detects\
 duplicates base\
d on unique vide\
o identifiers (e\
.g., BV/av IDs),\
 not filenames.\x0a\
Please note that\
 download histor\
y is the sole ba\
sis for recogniz\
ing downloaded v\
ideos. Clearing \
it will prevent \
the system from \
identifying exis\
ting downloads, \
which may result\
 in duplicate do\
wnloads.\x07\x00\x00\x00\x18DUP\
LICATE_DOWNLOAD_\
GUIDE\x01\x03\x00\x00\x00\x10\x8a\xbfet_\
H^UN\x0b\x8f\x09\x8a-[\x9a\x08\x00\x00\x00\x00\
\x06\x00\x00\x00 Adjust danm\
aku download set\
tings\x07\x00\x00\x00\x12Danmak\
uSettingCard\x01\x03\x00\x00\
\x00\x06\x81\xea\x8a\x02 &\x08\x00\x00\x00\x00\x06\x00\x00\
\x00\x0cCustomize\xe2\x80\xa6\x07\x00\
\x00\x00\x12DanmakuSettin\
gCard\x01\x03\x00\x00\x00\x0c_H^UN\
\x0b\x8f\x09\x8a-[\x9a\x08\x00\x00\x00\x00\x06\x00\x00\x00\
\x19Danmaku Downloa\
d Settings\x07\x00\x00\x00\x12D\
anmakuSettingCar\
d\x01\x03\x00\x00\x00\x08_H^Uh<_\x0f\x08\
\x00\x00\x00\x00\x06\x00\x00\x00\x0eDanmaku\
 Format\x07\x00\x00\x00\x12Danm\
akuSettingCard\x01\x03\
\x00\x00\x00\x08_H^Uj#_\x0f\x08\x00\x00\x00\
\x00\x06\x00\x00\x00\x0dDanmaku St\
yle\x07\x00\x00\x00\x12DanmakuS\
ettingCard\x01\x03\x00\x00\x00\x12\
]LQe_\x8cR*\x96d_H^Uj\x94\
hH\x08\x00\x00\x00\x00\x06\x00\x00\x00\x1eDele\
te Danmaku After\
 Embedding\x07\x00\x00\x00\x12D\
anmakuSettingCar\
d\x01\x03\x00\x00\x00\x22\x5c\x07_H^U]LQ\
e_qrGj\x94hH_\x8cR*\x96dS\
\x9f_H^Uj\x94hH\x08\x00\x00\x00\x00\x06\x00\
\x00\x00GDelete the or\
iginal danmaku f\
ile after embedd\
ing it into the \
video file\x07\x00\x00\x00\x12D\
anmakuSettingCar\
d\x01\x03\x00\x00\x00\x08N\x0b\x8f\x09_H^U\x08\
\x00\x00\x00\x00\x06\x00\x00\x00\x10Downloa\
d Danmaku\x07\x00\x00\x00\x12Da\
nmakuSettingCard\
\x01\x03\x00\x00\x00\x08]LQe_H^U\x08\x00\
\x00\x00\x00\x06\x00\x00\x00\x0dEmbed Da\
nmaku\x07\x00\x00\x00\x12Danmak\
uSettingCard\x01\x03\x00\x00\
\x00V\x5c\x07_H^UO\x5cp\xba[W^U\
\x8e\xcc]LQe\x81\xf3_qrGj\x94hH\
N-\xff\x0cP\xc5W(_H^Uh<_\x0f\
p\xba\x00 \x00A\x00S\x00S\x00 N\x14\x8f8\
Q\xfa[\xb9Vhp\xba\x00 \x00M\x00K\x00V\
\x00 fBS\xefu(\x08\x00\x00\x00\x00\x06\x00\x00\
\x00|Embed danmaku \
into the video f\
ile as a subtitl\
e track, only av\
ailable when the\
 format is ASS a\
nd the output co\
ntainer is MKV\x07\x00\
\x00\x00\x12DanmakuSettin\
gCard\x01\x03\x00\x00\x00\x18P\xc5\x00 \x00\
A\x00S\x00S\x00 h<_\x0f_H^Ug\
\x09eH\x08\x00\x00\x00\x00\x06\x00\x00\x00%Onl\
y effective for \
ASS format danma\
ku\x07\x00\x00\x00\x12DanmakuSe\
ttingCard\x01\x03\x00\x00\x00\x08N\
\x0dQ\x8dc\xd0y:\x08\x00\x00\x00\x00\x06\x00\x00\x00\
\x15Don't show this\
 again\x07\x00\x00\x00\x1bDownl\
oadAsSingleVideo\
Dialog\x01\x03\x00\x00\x00\x0eN\x0b\x8f\x09\
p\xbaU\xaeP\x0b_qrG\x08\x00\x00\x00\x00\x06\
\x00\x00\x00\x18Download as \
Single Video\x07\x00\x00\x00\
\x1bDownloadAsSingl\
eVideoDialog\x01\x03\x00\x00\
\x00F\x8ard\xcdO\x5cg\x03v\xf4c\xa5N\xe5\
_qrGj\x19\x98LO\x5cp\xbaj\x94hH\
T\x0dz1Q2[X\xff\x0cN\x0dS\xd7O`\
\x8a-[\x9av\x84j\x94hHT}T\x0d\x89\x8f\
RG}\x04g_0\x02\x08\x00\x00\x00\x00\x06\x00\x00\
\x00yThis will save\
 the file direct\
ly using the vid\
eo's title as it\
s name, without \
applying your co\
nfigured file na\
ming rules.\x07\x00\x00\x00\x1b\
DownloadAsSingle\
VideoDialog\x01\x03\x00\x00\x00\
,\x8a\xbfetk\xcfP\x0bN\xfbR\xd9v\x84W\
\xf7\x88L}\xd2ex0\x01T\x0cfBN\x0b\x8f\
\x09ex\x82\x07\x90\x1f^\xa6\x96PR6\x08\x00\x00\
\x00\x00\x06\x00\x00\x00?Adjust pe\
r-task threads, \
concurrent downl\
oads, and speed \
limits\x07\x00\x00\x00\x1eDownl\
oadConcurrencySe\
ttingCard\x01\x03\x00\x00\x00 \x8a\
\xbfetT\x0cfBN\x0b\x8f\x09v\x84N\xfbR\
\xd9ex\xff\x0c\x98\x10\x8a-p\xba\x00 \x001\x08\
\x00\x00\x00\x00\x06\x00\x00\x00AAdjust \
the number of ta\
sks downloaded s\
imultaneously (d\
efault: 1)\x07\x00\x00\x00\x1eD\
ownloadConcurren\
cySettingCard\x01\x03\x00\
\x00\x00&\x8a\xbfetU\xaeN\x00N\xfbR\xd9O\
\x7fu(v\x84W\xf7\x88L}\xd2ex\xff\x0c\x98\
\x10\x8a-p\xba\x00 \x004\x08\x00\x00\x00\x00\x06\x00\
\x00\x007Adjust the nu\
mber of threads \
used per task (d\
efault: 4)\x07\x00\x00\x00\x1eD\
ownloadConcurren\
cySettingCard\x01\x03\x00\
\x00\x00\x12\x8a-[\x9aN\x0b\x8f\x09v\x84\x90\x1f^\
\xa6\x96PR6\x08\x00\x00\x00\x00\x06\x00\x00\x00,C\
onfigure speed l\
imit settings fo\
r downloads\x07\x00\x00\x00\x1e\
DownloadConcurre\
ncySettingCard\x01\x03\
\x00\x00\x00\x06\x8a-[\x9a &\x08\x00\x00\x00\x00\x06\
\x00\x00\x00\x0cConfigure\xe2\x80\xa6\
\x07\x00\x00\x00\x1eDownloadCon\
currencySettingC\
ard\x01\x03\x00\x00\x00\x08N\x0b\x8f\x09N&\x88\
L\x08\x00\x00\x00\x00\x06\x00\x00\x00\x14Downl\
oad Concurrency\x07\
\x00\x00\x00\x1eDownloadConc\
urrencySettingCa\
rd\x01\x03\x00\x00\x00\x0a^s\x88LN\x0b\x8f\x09\
ex\x08\x00\x00\x00\x00\x06\x00\x00\x00\x1cNumb\
er of Parallel D\
ownloads\x07\x00\x00\x00\x1eDow\
nloadConcurrency\
SettingCard\x01\x03\x00\x00\x00\
\x0aY\x1aW\xf7\x88L}\xd2ex\x08\x00\x00\x00\x00\
\x06\x00\x00\x00\x11Number of T\
hreads\x07\x00\x00\x00\x1eDownl\
oadConcurrencySe\
ttingCard\x01\x03\x00\x00\x00\x0c\x90\
\x1f^\xa6\x96PR6\x8a-[\x9a\x08\x00\x00\x00\x00\
\x06\x00\x00\x00\x14Speed Limit\
 Settings\x07\x00\x00\x00\x1eDo\
wnloadConcurrenc\
ySettingCard\x01\x03\x00\x00\
\x00\x1e\x90xd\xc7g\x00}B\x8f8Q\xfa_q\
rGj\x94hHv\x84[\xb9Vhh<_\x0f\
\x08\x00\x00\x00\x00\x06\x00\x00\x00;Choose\
 the container f\
ormat for the fi\
nal output video\
 file\x07\x00\x00\x00\x12Downlo\
adFormatCard\x01\x03\x00\x00\
\x00\x1a\x8a-[\x9aN\x0b\x8f\x09j\x94hHv\x84\
\x8f8Q\xfah<_\x0f\x90x\x98\x05\x08\x00\x00\x00\
\x00\x06\x00\x00\x005Configure \
output format se\
ttings for downl\
oaded files\x07\x00\x00\x00\x12\
DownloadFormatCa\
rd\x01\x03\x00\x00\x00\x1a\x5c\x07\x00 \x00M\x004\
\x00A\x00 \x8fIc\xdbp\xba\x00 \x00M\x00P\
\x003\x08\x00\x00\x00\x00\x06\x00\x00\x00\x12Conv\
ert M4A to MP3\x07\x00\
\x00\x00\x12DownloadForma\
tCard\x01\x03\x00\x00\x00\x08N\x0b\x8f\x09h\
<_\x0f\x08\x00\x00\x00\x00\x06\x00\x00\x00\x0fDow\
nload Format\x07\x00\x00\x00\
\x12DownloadFormatC\
ard\x01\x03\x00\x00\x00\x18P\xc5e\xbcN\x0b\x8f\
\x09}\x14\x97\xf3\x8a\x0aN2mAfBg\x09e\
H\x08\x00\x00\x00\x00\x06\x00\x00\x00UOnly \
applies when dow\
nloading audio-o\
nly streams. Dis\
abled if video i\
s also selected.\
\x07\x00\x00\x00\x12DownloadFor\
matCard\x01\x03\x00\x00\x00\x0c\x8f8Q\
\xfa[\xb9Vhh<_\x0f\x08\x00\x00\x00\x00\x06\x00\
\x00\x00\x17Output Contai\
ner Format\x07\x00\x00\x00\x12D\
ownloadFormatCar\
d\x01\x03\x00\x00\x00\x16\x95\xdce\xbc\x91\xcd\x89\x07N\
\x0b\x8f\x09\x86Ut\x06v\x84\x8a\xaaf\x0e\x08\x00\x00\
\x00\x00\x06\x00\x00\x00#About Dup\
licate Download \
Resolution\x07\x00\x00\x00\x1bD\
ownloadHandlingS\
ettingCard\x01\x03\x00\x00\x00\x1a\
\x95\xdce\xbc\x98\x10QHR\x06\x91Mj\x94hH\
zz\x95\x93v\x84\x8a\xaaf\x0e\x08\x00\x00\x00\x00\x06\
\x00\x00\x00\x1eAbout Preall\
ocating File Spa\
ce\x07\x00\x00\x00\x1bDownloadH\
andlingSettingCa\
rd\x01\x03\x00\x00\x00\x08~=f/\x8abUO\
\x08\x00\x00\x00\x00\x06\x00\x00\x00\x0aAlways\
 ask\x07\x00\x00\x00\x1bDownloa\
dHandlingSetting\
Card\x01\x03\x00\x00\x00\x0c\x81\xeaR\xd5\x91\xcd\
e\xb0T}T\x0d\x08\x00\x00\x00\x00\x06\x00\x00\x00\x0b\
Auto-rename\x07\x00\x00\x00\x1b\
DownloadHandling\
SettingCard\x01\x03\x00\x00\x00\
\x1a\x90xd\xc7Pun,R0\x91\xcd\x89\x07N\
\x0b\x8f\x09fBv\x84d\xcdO\x5c\x08\x00\x00\x00\x00\
\x06\x00\x00\x007Choose the \
action when a du\
plicate download\
 is detected\x07\x00\x00\x00\
\x1bDownloadHandlin\
gSettingCard\x01\x03\x00\x00\
\x00$\x90xd\xc7uvv\xeej\x19OM\x7fn\
]\xf2[XW(T\x0cT\x0dj\x94hHfB\
v\x84d\xcdO\x5c\x08\x00\x00\x00\x00\x06\x00\x00\x00?\
Choose the actio\
n when a file wi\
th the same name\
 already exists\x07\
\x00\x00\x00\x1bDownloadHand\
lingSettingCard\x01\
\x03\x00\x00\x00*\x8a-[\x9aN\x0b\x8f\x09c\xd0y\
:0\x01\x90\x1aw\xe50\x01\x81\xeaR\xd5\x91\xcd\x8a\
fS\xcaT\x0cT\x0dj\x94hH\x86Ut\x06\x08\
\x00\x00\x00\x00\x06\x00\x00\x00XConfigu\
re download prom\
pts, notificatio\
ns, automatic re\
tries, and file \
conflict handlin\
g\x07\x00\x00\x00\x1bDownloadHa\
ndlingSettingCar\
d\x01\x03\x00\x00\x00\x08~|~\x8cN\x0b\x8f\x09\x08\
\x00\x00\x00\x00\x06\x00\x00\x00\x08Continu\
e\x07\x00\x00\x00\x1bDownloadHa\
ndlingSettingCar\
d\x01\x03\x00\x00\x00\x08N\x0b\x8f\x09\x86Ut\x06\x08\
\x00\x00\x00\x00\x06\x00\x00\x00\x11Downloa\
d Handling\x07\x00\x00\x00\x1bD\
ownloadHandlingS\
ettingCard\x01\x03\x00\x00\x00\x0c\
\x91\xcd\x89\x07N\x0b\x8f\x09\x86Ut\x06\x08\x00\x00\x00\
\x00\x06\x00\x00\x00\x1dDuplicate \
Download Resolut\
ion\x07\x00\x00\x00\x1bDownload\
HandlingSettingC\
ard\x01\x03\x00\x00\x00\x0cT\x0cT\x0dj\x94h\
H\x86Ut\x06\x08\x00\x00\x00\x00\x06\x00\x00\x00\x18F\
ile Conflict Res\
olution\x07\x00\x00\x00\x1bDown\
loadHandlingSett\
ingCard\x01\x03\x00\x00\x00:\x90#~\
\x8c\x91\xcd\x8af\x90\x19\x9e\xbcY\x1ak!N\xcdg\
*b\x10R\x9f_\x8c\xff\x0ce>h\xc4N&{\
I_\x85bKR\xd5\x86Ut\x06\xff\x08\x98\x10\x8a\
-\xff\x1a\x005\xff\x09\x08\x00\x00\x00\x00\x06\x00\x00\x00\
ZGive up and wai\
t for manual act\
ion after this m\
any consecutive \
failed retries (\
default: 5)\x07\x00\x00\x00\x1b\
DownloadHandling\
SettingCard\x01\x03\x00\x00\x00\
\x04\x8a\xaaf\x0e\x08\x00\x00\x00\x00\x06\x00\x00\x00\x0cI\
nstructions\x07\x00\x00\x00\x1b\
DownloadHandling\
SettingCard\x01\x03\x00\x00\x00\
\x0cg\x00Y'\x91\xcd\x8afk!ex\x08\x00\x00\
\x00\x00\x06\x00\x00\x00\x16Maximum R\
etry Attempts\x07\x00\x00\
\x00\x1bDownloadHandli\
ngSettingCard\x01\x03\x00\
\x00\x00\x08\x89\x86\x84\xcbj\x94hH\x08\x00\x00\x00\x00\
\x06\x00\x00\x00\x09Overwrite\x07\x00\
\x00\x00\x1bDownloadHandl\
ingSettingCard\x01\x03\
\x00\x00\x00\x10\x98\x10QH\x91M\x7fnj\x94hH\
zz\x95\x93\x08\x00\x00\x00\x00\x06\x00\x00\x00\x16Pr\
eallocate File S\
pace\x07\x00\x00\x00\x1bDownloa\
dHandlingSetting\
Card\x01\x03\x00\x00\x00 N\x0b\x8f\x09RM\
\x98\x10QH\x91M\x7fnj\x94hHzz\x95\x93\
N\xe5c\xd0SGeH\x80\xfd\x08\x00\x00\x00\x00\x06\
\x00\x00\x00@Preallocate \
file space befor\
e downloading to\
 improve perform\
ance\x07\x00\x00\x00\x1bDownloa\
dHandlingSetting\
Card\x01\x03\x00\x00\x00.}\xb2\x8d\xef\x93/\
\x8a\xa4\x5c\x0e\x81\xf4Y1eW_\x8c\xff\x0c\x95\x93\
\x96\x94\x90\x10k!^\xf6\x95wW0\x91\xcde\xb0\
c\x92\x96\x8aN\x0b\x8f\x09\x08\x00\x00\x00\x00\x06\x00\x00\
\x00PRe-queue a tas\
k after a networ\
k error, with an\
 increasing dela\
y between attemp\
ts\x07\x00\x00\x00\x1bDownloadH\
andlingSettingCa\
rd\x01\x03\x00\x00\x00\x12N\x0b\x8f\x09Y1eW\
_\x8c\x81\xeaR\xd5\x91\xcd\x8af\x08\x00\x00\x00\x00\x06\
\x00\x00\x00$Retry Failed\
 Downloads Autom\
atically\x07\x00\x00\x00\x1bDow\
nloadHandlingSet\
tingCard\x01\x03\x00\x00\x00\x16N\x0b\
\x8f\x09fB\x98oy:\x90x\x98\x05\x5c\x0d\x8aq\
e\xb9XJ\x08\x00\x00\x00\x00\x06\x00\x00\x00\x1cSh\
ow Download Opti\
ons Dialog\x07\x00\x00\x00\x1bD\
ownloadHandlingS\
ettingCard\x01\x03\x00\x00\x00\x08\
\x98oy:\x90\x1aw\xe5\x08\x00\x00\x00\x00\x06\x00\x00\
\x00\x12Show Notificat\
ions\x07\x00\x00\x00\x1bDownloa\
dHandlingSetting\
Card\x01\x03\x00\x00\x00(\x95\x8bY\xcbN\x0b\
\x8f\x09RM\x8d\xf3Q\xfa\x5c\x0d\x8aqe\xb9XJ\
N\xe5\x81\xea\x8a\x02g,k!N\x0b\x8f\x09\x8a-\
[\x9a\x08\x00\x00\x00\x00\x06\x00\x00\x00NShow\
 a dialog before\
 starting the do\
wnload to custom\
ize settings for\
 this task\x07\x00\x00\x00\x1bD\
ownloadHandlingS\
ettingCard\x01\x03\x00\x00\x00\x12\
N\x0b\x8f\x09[\x8cb\x10fB\x98oy:\x90\x1a\
w\xe5\x08\x00\x00\x00\x00\x06\x00\x00\x00*Show\
 notifications w\
hen downloads co\
mplete\x07\x00\x00\x00\x1bDownl\
oadHandlingSetti\
ngCard\x01\x03\x00\x00\x00\x08\x8d\xf3\x90N\
N\x0b\x8f\x09\x08\x00\x00\x00\x00\x06\x00\x00\x00\x04Sk\
ip\x07\x00\x00\x00\x1bDownloadH\
andlingSettingCa\
rd\x01\x03\x00\x00\x00\x08N\x0b\x8f\x09[\x8cb\x10\
\x08\x00\x00\x00\x00\x06\x00\x00\x00\x09Comple\
ted\x07\x00\x00\x00\x11Download\
Interface\x01\x03\x00\x00\x00\x06N\
\x0b\x8f\x09N-\x08\x00\x00\x00\x00\x06\x00\x00\x00\x0bD\
ownloading\x07\x00\x00\x00\x11D\
ownloadInterface\
\x01\x03\x00\x00\x00\x10g\xe5\x8abN\x0b\x8f\x09N\xfb\
R\xd9Y1eW\x08\x00\x00\x00\x00\x06\x00\x00\x00\x1e\
Failed to query \
download tasks\x07\x00\
\x00\x00\x11DownloadInter\
face\x01\x03\x00\x00\x00\x12q!]\xf2[\x8c\
b\x10v\x84N\x0b\x8f\x09N\xfbR\xd9\x08\x00\x00\x00\
\x00\x06\x00\x00\x00\x16No complet\
ed downloads\x07\x00\x00\x00\
\x11DownloadInterfa\
ce\x01\x03\x00\x00\x00\x12q!\x902\x88LN-\
v\x84N\x0b\x8f\x09N\xfbR\xd9\x08\x00\x00\x00\x00\x06\
\x00\x00\x00\x18No downloads\
 in progress\x07\x00\x00\x00\
\x11DownloadInterfa\
ce\x01\x03\x00\x00\x00\x04R*\x96d\x08\x00\x00\x00\
\x00\x06\x00\x00\x00\x06Delete\x07\x00\x00\x00\
\x10DownloadListVie\
w\x01\x03\x00\x00\x00\x04f\xabP\x5c\x08\x00\x00\x00\x00\
\x06\x00\x00\x00\x05Pause\x07\x00\x00\x00\x10D\
ownloadListView\x01\
\x03\x00\x00\x00\x08\x91\xcde\xb0N\x0b\x8f\x09\x08\x00\x00\
\x00\x00\x06\x00\x00\x00\x0bRe-downlo\
ad\x07\x00\x00\x00\x10DownloadL\
istView\x01\x03\x00\x00\x00\x08\x91\xcde\
\xb0\x89\xe3g\x90\x08\x00\x00\x00\x00\x06\x00\x00\x00\x08R\
e-parse\x07\x00\x00\x00\x10Down\
loadListView\x01\x03\x00\x00\
\x00\x04~|~\x8c\x08\x00\x00\x00\x00\x06\x00\x00\x00\x06\
Resume\x07\x00\x00\x00\x10Downl\
oadListView\x01\x03\x00\x00\x00\
\x16\x90x[\x9av\x84N\xfbR\xd9\x95\x8bY\xcb\x91\
\xcde\xb0N\x0b\x8f\x09\x08\x00\x00\x00\x00\x06\x00\x00\x00\
\x22Selected task w\
ill be redownloa\
ded\x07\x00\x00\x00\x10Download\
ListView\x01\x03\x00\x00\x00,\x86U\
e\xbc\x00 \x00F\x00F\x00m\x00p\x00e\x00g\
\x00 \x86Ut\x06N-v\x84N\xfbR\xd9q!\
l\xd5\x91\xcde\xb0N\x0b\x8f\x09\x08\x00\x00\x00\x00\x06\
\x00\x00\x006Tasks being \
processed by FFm\
peg cannot be re\
downloaded\x07\x00\x00\x00\x10D\
ownloadListView\x01\
\x03\x00\x00\x00\x08\x96DR\xa0j\x94hH\x08\x00\x00\
\x00\x00\x06\x00\x00\x00\x10Additiona\
l Files\x07\x00\x00\x00\x15Down\
loadOptionsDialo\
g\x01\x03\x00\x00\x00\x08N\x0b\x8f\x09\x90x\x98\x05\x08\
\x00\x00\x00\x00\x06\x00\x00\x00\x10Downloa\
d Options\x07\x00\x00\x00\x15Do\
wnloadOptionsDia\
log\x01\x03\x00\x00\x00\x08N\x0b\x8f\x09\x8a-[\
\x9a\x08\x00\x00\x00\x00\x06\x00\x00\x00\x11Downl\
oad Settings\x07\x00\x00\x00\
\x15DownloadOptions\
Dialog\x01\x03\x00\x00\x00\x08Z\x92\x9a\xd4\
\x8a-[\x9a\x08\x00\x00\x00\x00\x06\x00\x00\x00\x0eMe\
dia Settings\x07\x00\x00\x00\
\x15DownloadOptions\
Dialog\x01\x03\x00\x00\x00\x16g*\x90x\
S\xd6N\xfbOU\x89\x81N\x0b\x8f\x09v\x84j\x94\
hH\x08\x00\x00\x00\x00\x06\x00\x00\x00\x1eNo f\
iles selected fo\
r download\x07\x00\x00\x00\x15D\
ownloadOptionsDi\
alog\x01\x03\x00\x00\x008\x8a\xcb\x81\xf3\x5c\x11\
\x90xd\xc7N\x0b\x8f\x09shz\xcb_qrG\
N2mA0\x01\x97\xf3\x8a\x0aN2mAb\x16\
\x96DR\xa0j\x94hHN-v\x84N\x00\x98\x05\
0\x02\x08\x00\x00\x00\x00\x06\x00\x00\x00]Plea\
se select at lea\
st one of the fo\
llowing: video s\
tream, audio str\
eam, or addition\
al files.\x07\x00\x00\x00\x15Do\
wnloadOptionsDia\
log\x01\x03\x00\x00\x00\x0a\x90xS\xd6\x8c\xc7e\
\x99Y>\x08\x00\x00\x00\x00\x06\x00\x00\x00\x0dCho\
ose folder\x07\x00\x00\x00\x17D\
ownloadPathSetti\
ngCard\x01\x03\x00\x00\x00\x10N\x0b\x8f\x09\
v\xee\x93\x04q!l\xd5[XS\xd6\x08\x00\x00\x00\
\x00\x06\x00\x00\x00\x1fDownload D\
irectory Inacces\
sible\x07\x00\x00\x00\x17Downlo\
adPathSettingCar\
d\x01\x03\x00\x00\x00\x08N\x0b\x8f\x09\x8d\xef_\x91\x08\
\x00\x00\x00\x00\x06\x00\x00\x00\x0dDownloa\
d Path\x07\x00\x00\x00\x17Downl\
oadPathSettingCa\
rd\x01\x03\x00\x00\x00 b@\x90x\x8d\xef_\x91\
v\x84j\x94hH|\xfb}qN\x0de/c\xf4\
z\x00u\x8fj\x94hH\x08\x00\x00\x00\x00\x06\x00\x00\
\x00BThe file syste\
m of the selecte\
d path does not \
support sparse f\
iles\x07\x00\x00\x00\x17Downloa\
dPathSettingCard\
\x01\x03\x00\x00\x00\x98v\xeeRMb@\x90xN\x0b\
\x8f\x09\x8d\xef_\x91v\x84j\x94hH|\xfb}q\
\x98^W\x8bp\xba\x00 \x00{\x00f\x00s\x00}\
\xff\x0ckdj\x94hH|\xfb}qN\x0de/\
c\xf4z\x00u\x8fj\x94hH0\x02\x00\x0a\x00\x0a\
\x82\xe5\x89\x81~|~\x8cO\x7fu(\xff\x0c\x8a\xcb\
\x95\xdc\x95\x890\x0c\x98\x10QH\x91M\x7fnj\x94\
hHzz\x95\x930\x0d\x90x\x98\x050\x02\xff\x08\
\x8a-[\x9a\x00 !\x92\x00 \x88Lp\xba\x00 \
!\x92\x00 N\x0b\x8f\x09\x86Ut\x06\xff\x09\x08\x00\
\x00\x00\x00\x06\x00\x00\x00\xdeThe file\
 system type of \
the currently se\
lected download \
path is {fs}, wh\
ich does not sup\
port sparse file\
s.\x0a\x0aIf you conti\
nue, please disa\
ble the \x22Preallo\
cate file space\x22\
 option. (Settin\
gs \xe2\x86\x92 Behavior \
\xe2\x86\x92 Download Han\
dling)\x07\x00\x00\x00\x17Downl\
oadPathSettingCa\
rd\x01\x03\x00\x00\x00>b@\x90xN\x0b\x8f\x09\
v\xee\x93\x04q!l\xd5[XS\xd6b\x16l\x92\
g\x09[\xebQek\x0a\x96P\xff\x0c\x8a\xcbj\xa2\
g\xe5_\x8c\x91\xcde\xb0\x90xd\xc7QvN\xd6\
v\xee\x93\x040\x02\x08\x00\x00\x00\x00\x06\x00\x00\x00y\
The selected dow\
nload directory \
is inaccessible \
or lacks write p\
ermission. Pleas\
e check and choo\
se a different d\
irectory.\x07\x00\x00\x00\x17Do\
wnloadPathSettin\
gCard\x01\x03\x00\x00\x00$\x00{\x00p\x00\
a\x00t\x00h\x00}\x00 \x00(\x00{\x00f\x00\
r\x00e\x00e\x00}\x00 S\xefu(\x00)\x08\
\x00\x00\x00\x00\x06\x00\x00\x00\x19{path} \
({free} availabl\
e)\x07\x00\x00\x00\x17DownloadP\
athSettingCard\x01\x03\
\x00\x00\x00\x04\x97\xf3\x8a\x0a\x08\x00\x00\x00\x00\x06\x00\x00\
\x00\x05Audio\x07\x00\x00\x00\x12Down\
loadPreviewBar\x01\x03\
\x00\x00\x00\x04z\xe0{\xc0\x08\x00\x00\x00\x00\x06\x00\x00\
\x00\x08Chapters\x07\x00\x00\x00\x12D\
ownloadPreviewBa\
r\x01\x03\x00\x00\x00\x04\x5c\x01\x97b\x08\x00\x00\x00\x00\
\x06\x00\x00\x00\x05Cover\x07\x00\x00\x00\x12D\
ownloadPreviewBa\
r\x01\x03\x00\x00\x00\x04_H^U\x08\x00\x00\x00\x00\
\x06\x00\x00\x00\x07Danmaku\x07\x00\x00\x00\
\x12DownloadPreview\
Bar\x01\x03\x00\x00\x00\x06QCexd\xda\x08\
\x00\x00\x00\x00\x06\x00\x00\x00\x08Metadat\
a\x07\x00\x00\x00\x12DownloadPr\
eviewBar\x01\x03\x00\x00\x00\x0eg*\
\x90xd\xc7N\xfbOUQg[\xb9\x08\x00\x00\x00\
\x00\x06\x00\x00\x00\x10Nothing se\
lected\x07\x00\x00\x00\x12Downl\
oadPreviewBar\x01\x03\x00\
\x00\x00\x04[W^U\x08\x00\x00\x00\x00\x06\x00\x00\x00\
\x09Subtitles\x07\x00\x00\x00\x12D\
ownloadPreviewBa\
r\x01\x03\x00\x00\x00\x04_qrG\x08\x00\x00\x00\x00\
\x06\x00\x00\x00\x05Video\x07\x00\x00\x00\x12D\
ownloadPreviewBa\
r\x01\x03\x00\x00\x00\x08\x5c\x07N\x0b\x8f\x09\xff\x1a\x08\
\x00\x00\x00\x00\x06\x00\x00\x00\x0eWill do\
wnload:\x07\x00\x00\x00\x12Down\
loadPreviewBar\x01\x03\
\x00\x00\x00\x12\x81\xeaR\xd5\x98oy:kd\x5c\x0d\
\x8aqe\xb9XJ\x08\x00\x00\x00\x00\x06\x00\x00\x00\x1e\
Automatically sh\
ow this dialog\x07\x00\
\x00\x00\x14DownloadSetti\
ngsPage\x01\x03\x00\x00\x00&\x95\x8bY\
\xcbN\x0b\x8f\x09RM\x81\xeaR\xd5\x98oy:k\
d\x5c\x0d\x8aqe\xb9XJN\xe5\x81\xea\x8a\x02\x8a\
-[\x9a\x08\x00\x00\x00\x00\x06\x00\x00\x00GAut\
omatically show \
this dialog befo\
re downloading t\
o customize sett\
ings\x07\x00\x00\x00\x14Downloa\
dSettingsPage\x01\x03\x00\
\x00\x00\x04\x97\xf3\x8a\x0a\x08\x00\x00\x00\x00\x06\x00\x00\x00\
\x05Audio\x07\x00\x00\x00\x0aDownl\
oader\x01\x03\x00\x00\x004Pun,R\
0N\x0b\x8f\x09n\x05U\xaeN-]\xf2[XW\
(v\xf8T\x0cv\x84N\x0b\x8f\x09N\xfbR\xd9\xff\
\x0cf/T&~|~\x8cN\x0b\x8f\x09\xff\x1f\x08\
\x00\x00\x00\x00\x06\x00\x00\x00cA dupli\
cate download ta\
sk already exist\
s in the downloa\
d list. Do you w\
ant to continue \
downloading?\x07\x00\x00\x00\
\x17DuplicateDownlo\
adDialog\x01\x03\x00\x00\x00\x08~|\
~\x8cN\x0b\x8f\x09\x08\x00\x00\x00\x00\x06\x00\x00\x00\x08\
Continue\x07\x00\x00\x00\x17Dup\
licateDownloadDi\
alog\x01\x03\x00\x00\x00\x08N\x0dQ\x8d\x8ab\
UO\x08\x00\x00\x00\x00\x06\x00\x00\x00\x0fDon'\
t ask again\x07\x00\x00\x00\x17\
DuplicateDownloa\
dDialog\x01\x03\x00\x00\x00\x0ePun\
,R0\x91\xcd\x89\x07N\x0b\x8f\x09\x08\x00\x00\x00\x00\
\x06\x00\x00\x00\x1bDuplicate D\
ownload Detected\
\x07\x00\x00\x00\x17DuplicateDo\
wnloadDialog\x01\x03\x00\x00\
\x00\x08\x8d\xf3\x90NN\x0b\x8f\x09\x08\x00\x00\x00\x00\x06\
\x00\x00\x00\x04Skip\x07\x00\x00\x00\x17Dup\
licateDownloadDi\
alog\x01\x03\x00\x00\x00\x22N\xfbR\xd9T\x0d\
z1\xff\x1a\x00{\x00t\x00a\x00s\x00k\x00_\
\x00t\x00i\x00t\x00l\x00e\x00}\x08\x00\x00\x00\
\x00\x06\x00\x00\x00\x17Task Name:\
 {task_title}\x07\x00\x00\
\x00\x17DuplicateDownl\
oadDialog\x01\x03\x00\x00\x00\x04R\
\xd5uk\x08\x00\x00\x00\x00\x06\x00\x00\x00\x05Ani\
me\x07\x00\x00\x00\x0cEPISODE_T\
YPE\x01\x03\x00\x00\x00\x04W\x0bRu\x08\x00\x00\
\x00\x00\x06\x00\x00\x00\x11Chinese A\
nimation\x07\x00\x00\x00\x0cEPI\
SODE_TYPE\x01\x03\x00\x00\x00\x04T\
\x08\x96\xc6\x08\x00\x00\x00\x00\x06\x00\x00\x00\x0aCol\
lection\x07\x00\x00\x00\x0cEPIS\
ODE_TYPE\x01\x03\x00\x00\x00\x04\x8a\xb2\
z\x0b\x08\x00\x00\x00\x00\x06\x00\x00\x00\x07Cour\
ses\x07\x00\x00\x00\x0cEPISODE_\
TYPE\x01\x03\x00\x00\x00\x06}\x00\x93\x04rG\
\x08\x00\x00\x00\x00\x06\x00\x00\x00\x0dDocume\
ntaries\x07\x00\x00\x00\x0cEPIS\
ODE_TYPE\x01\x03\x00\x00\x00\x06e6\
\x85\xcfY>\x08\x00\x00\x00\x00\x06\x00\x00\x00\x09Fa\
vorites\x07\x00\x00\x00\x0cEPIS\
ODE_TYPE\x01\x03\x00\x00\x00\x08kw\
S\xf2\x8a\x18\x93\x04\x08\x00\x00\x00\x00\x06\x00\x00\x00\x07\
History\x07\x00\x00\x00\x0cEPIS\
ODE_TYPE\x01\x03\x00\x00\x00\x08N\x92\
R\xd5_qrG\x08\x00\x00\x00\x00\x06\x00\x00\x00\x11\
Interactive Vide\
o\x07\x00\x00\x00\x0cEPISODE_TY\
PE\x01\x03\x00\x00\x00\x0ag\x03T\xe1\x8c\xfc\x8a\xb2\
z\x0b\x08\x00\x00\x00\x00\x06\x00\x00\x00\x0cMall\
 Courses\x07\x00\x00\x00\x0cEPI\
SODE_TYPE\x01\x03\x00\x00\x00\x04\x96\
\xfb_q\x08\x00\x00\x00\x00\x06\x00\x00\x00\x06Mov\
ies\x07\x00\x00\x00\x0cEPISODE_\
TYPE\x01\x03\x00\x00\x00\x04\x97\xf3j\x02\x08\x00\
\x00\x00\x00\x06\x00\x00\x00\x05Music\x07\x00\x00\
\x00\x0cEPISODE_TYPE\x01\x03\
\x00\x00\x00\x08P\x0bN\xbazz\x95\x93\x08\x00\x00\x00\
\x00\x06\x00\x00\x00\x07Profile\x07\x00\x00\
\x00\x0cEPISODE_TYPE\x01\x03\
\x00\x00\x00\x06\x96\xfb\x89\x96R\x87\x08\x00\x00\x00\x00\x06\
\x00\x00\x00\x09TV Dramas\x07\x00\x00\
\x00\x0cEPISODE_TYPE\x01\x03\
\x00\x00\x00\x08b\x95z?_qrG\x08\x00\x00\x00\
\x00\x06\x00\x00\x00\x0cUser Uploa\
ds\x07\x00\x00\x00\x0cEPISODE_T\
YPE\x01\x03\x00\x00\x00\x04}\x9c\x85\xdd\x08\x00\x00\
\x00\x00\x06\x00\x00\x00\x0dVariety S\
hows\x07\x00\x00\x00\x0cEPISODE\
_TYPE\x01\x03\x00\x00\x00\x08z\x0d_\x8c\x89\
\xc0w\x0b\x08\x00\x00\x00\x00\x06\x00\x00\x00\x0bWat\
ch Later\x07\x00\x00\x00\x0cEPI\
SODE_TYPE\x01\x03\x00\x00\x00\x08k\
\xcf\x901_\xc5w\x0b\x08\x00\x00\x00\x00\x06\x00\x00\x00\
\x0cWeekly Picks\x07\x00\x00\
\x00\x0cEPISODE_TYPE\x01\x03\
\x00\x00\x00\x10N\xd8\x8c\xbbQg[\xb9\x97\x00\x89\x81\
\x8c\xfc\x8c\xb7\x08\x00\x00\x00\x00\x06\x00\x00\x00 Pa\
id content requi\
res purchasing\x07\x00\
\x00\x00\x16ERROR_CODE_EX\
PLANATION\x01\x03\x00\x00\x00\x1e\x8a\
\xcblB\x90m\x5c\x01\x93\x96\xff\x0cu(b6z\
\xef\x00I\x00P]\xf2\x88\xaby\x81kb\x08\x00\x00\
\x00\x00\x06\x00\x00\x00*Request b\
locked, client I\
P has been banne\
d\x07\x00\x00\x00\x16ERROR_CODE\
_EXPLANATION\x01\x03\x00\x00\
\x00\xc4\x89\xe3g\x90\x90Nz\x0bN-v|u\x1f\
\x93/\x8a\xa4\xff\x0c]\xf2P\x5ckb\x89\xe3g\x90\
0\x02v\xeeRM]\xf2\x89\xe3g\x90\x81\xf3{,\
\x00 \x00{\x00p\x00a\x00g\x00e\x00}\x00 \
\x98\x010\x02\x00\x0a\x00\x0aQ\x8dk!c\xd0\x91\x92\
\xff\x1au1e\xbc\x00 \x00B\x00i\x00l\x00i\
\x00b\x00i\x00l\x00i\x00 \x98\xa8c\xa7j_\
R6\xff\x0cR\x06\x98\x01\x90NY\x1ab\x16\x8a\xcb\
lB\x98;s\x87\x90N\x9a\xd8S\xef\x80\xfd\x5c\x0e\
\x81\xf4\x89\xe3g\x90Y1eWN&\x5c\x01y\x81\
\x00 \x00I\x00P\xff\x0c\x8a\xcb\x8b9aNO\x7f\
u(\xff\x01\x00\x0a\x00\x0a\x00{\x00e\x00r\x00r\
\x00o\x00r\x00}\x08\x00\x00\x00\x00\x06\x00\x00\x01\x15\
An error occurre\
d during parsing\
, and the proces\
s has been stopp\
ed. Parsing was \
completed up to \
page {page}.\x0a\x0aRe\
minder: Due to B\
ilibili's anti-a\
buse mechanism, \
parsing too many\
 pages or at too\
 high a frequenc\
y may result in \
failure and IP b\
an. Please use w\
ith caution!\x0a\x0a{e\
rror}\x07\x00\x00\x00\x0eERROR_\
MESSAGES\x01\x03\x00\x00\x00\x1eT|\
S\xeb\x00 \x00F\x00F\x00m\x00p\x00e\x00g\
\x00 fBv|u\x1f\x93/\x8a\xa4\x08\x00\x00\x00\
\x00\x06\x00\x00\x00&An error o\
ccurred while ru\
nning FFmpeg\x07\x00\x00\x00\
\x0eERROR_MESSAGES\x01\
\x03\x00\x00\x00\x0cv|u\x1fg*w\xe5\x93/\x8a\
\xa4\x08\x00\x00\x00\x00\x06\x00\x00\x00\x19An un\
known error occu\
rred\x07\x00\x00\x00\x0eERROR_M\
ESSAGES\x01\x03\x00\x00\x00\x10q!l\
\xd5\x90#}\xda\x00 \x00B\x00 z\xd9\x08\x00\x00\
\x00\x00\x06\x00\x00\x00\x15Cannot re\
ach Bilibili\x07\x00\x00\x00\
\x0eERROR_MESSAGES\x01\
\x03\x00\x00\x00\x1a\x00C\x00o\x00o\x00k\x00i\x00\
e\x00 q!eHb\x16]\xf2\x90Ng\x1f\x08\
\x00\x00\x00\x00\x06\x00\x00\x00\x1eCookies\
 are invalid or \
expired\x07\x00\x00\x00\x0eERRO\
R_MESSAGES\x01\x03\x00\x00\x00\x10\
q!l\xd5^\xfaz\xcb\x8f8Q\xfaj\x94hH\
\x08\x00\x00\x00\x00\x06\x00\x00\x00\x1cCould \
not create outpu\
t file\x07\x00\x00\x00\x0eERROR\
_MESSAGES\x01\x03\x00\x00\x00\x08N\
\x0b\x8f\x09Y1eW\x08\x00\x00\x00\x00\x06\x00\x00\x00\
\x0fDownload failed\
\x07\x00\x00\x00\x0eERROR_MESSA\
GES\x01\x03\x00\x00\x00\x1cN\x0b\x8f\x09j\x94h\
H]\xf2d\x0dk\xc0\xff\x0c\x8a\xcb\x91\xcde\xb0N\
\x0b\x8f\x090\x02\x08\x00\x00\x00\x00\x06\x00\x00\x00;D\
ownloaded file i\
s corrupted, ple\
ase try download\
ing again.\x07\x00\x00\x00\x0eE\
RROR_MESSAGES\x01\x03\x00\
\x00\x000T|S\xeb\x00 \x00F\x00F\x00m\x00\
p\x00e\x00g\x00 fBv|u\x1f\x93/\x8a\
\xa4\x00 \x00(\x00{\x00c\x00o\x00d\x00e\x00\
}\x00)\x08\x00\x00\x00\x00\x06\x00\x00\x00#FFm\
peg failed with \
exit code {code}\
\x07\x00\x00\x00\x0eERROR_MESSA\
GES\x01\x03\x00\x00\x00\x16\x00F\x00F\x00m\x00\
p\x00e\x00g\x00 \x86Ut\x06Y1eW\x08\
\x00\x00\x00\x00\x06\x00\x00\x00\x18FFmpeg \
processing faile\
d\x07\x00\x00\x00\x0eERROR_MESS\
AGES\x01\x03\x00\x00\x00X\x00F\x00F\x00m\
\x00p\x00e\x00g\x00 q!V\xdea\xc9\xff\x0c\
]\xf2}Bkb0\x02\x8f8Q\xfaj\x94hH\
S\xef\x80\xfd\x88\xabQvN\xd6z\x0b_\x0f\xff\x08\
Y\x82\x962k\xd2\x8e\xdf\x9a\xd4\xff\x09S`u(\
\xff\x0cb\x16v\xeej\x19x\xc1x\x9fN\x0dS\xef\
u(\x08\x00\x00\x00\x00\x06\x00\x00\x00\xaeFFmp\
eg stopped respo\
nding and has be\
en terminated. T\
he output file m\
ay be locked by \
another program \
(such as antivir\
us software), or\
 the destination\
 drive may be un\
available.\x07\x00\x00\x00\x0eE\
RROR_MESSAGES\x01\x03\x00\
\x00\x00\x0cj\xa2g\xe5f\xf4e\xb0Y1eW\x08\
\x00\x00\x00\x00\x06\x00\x00\x00\x1bFailed \
to check for upd\
ates\x07\x00\x00\x00\x0eERROR_M\
ESSAGES\x01\x03\x00\x00\x008g*\x80\
\xfdS\xd6_\x97|=T\x0d[\xc6\x94p\xff\x0cq\
!l\xd5[\x8cb\x10\x8a\xcblB|=T\x0d\xff\
\x0c\x8a\xcbj\xa2g\xe5}\xb2\x8d\xef\x90#}\xda_\
\x8c\x91\xcd\x8af\x08\x00\x00\x00\x00\x06\x00\x00\x00uF\
ailed to obtain \
the signature ke\
y, the request c\
annot be signed.\
 Please check yo\
ur network conne\
ction and try ag\
ain.\x07\x00\x00\x00\x0eERROR_M\
ESSAGES\x01\x03\x00\x00\x00\x0cq!l\
\xd5\x95\x8bU_j\x94hH\x08\x00\x00\x00\x00\x06\x00\
\x00\x00\x13Failed to ope\
n file\x07\x00\x00\x00\x0eERROR\
_MESSAGES\x01\x03\x00\x00\x00\x10q\
!l\xd5\x89\xe3g\x90N\x0b\x8f\x09OMW@\x08\
\x00\x00\x00\x00\x06\x00\x00\x00$Failed \
to parse downloa\
d information\x07\x00\x00\
\x00\x0eERROR_MESSAGES\
\x01\x03\x00\x00\x00\x10\x91\xcde\xb0T}T\x0dj\x94\
hHY1eW\x08\x00\x00\x00\x00\x06\x00\x00\x00\x15\
Failed to rename\
 file\x07\x00\x00\x00\x0eERROR_\
MESSAGES\x01\x03\x00\x00\x00\x10S\xd6\
_\x97Z\x92\x9a\xd4\x8c\xc7\x8a\x0aY1eW\x08\x00\
\x00\x00\x00\x06\x00\x00\x00$Failed t\
o retrieve media\
 information\x07\x00\x00\x00\
\x0eERROR_MESSAGES\x01\
\x03\x00\x00\x00\x12S\xd6_\x97O\x7fu(\x80\x05\x98\
-P\xcfY1eW\x08\x00\x00\x00\x00\x06\x00\x00\x00\
\x1eFailed to retri\
eve user avatar\x07\
\x00\x00\x00\x0eERROR_MESSAG\
ES\x01\x03\x00\x00\x00\x12S\xd6_\x97O\x7fu(\
\x80\x05\x8c\xc7\x8a\x0aY1eW\x08\x00\x00\x00\x00\x06\
\x00\x00\x00#Failed to re\
trieve user info\
rmation\x07\x00\x00\x00\x0eERRO\
R_MESSAGES\x01\x03\x00\x00\x00\x0a\
j\x94hHN\x0d[XW(\x08\x00\x00\x00\x00\x06\
\x00\x00\x00\x0eFile Not Fou\
nd\x07\x00\x00\x00\x0eERROR_MES\
SAGES\x01\x03\x00\x00\x00\x12j\x94hH\x88\
\xabQvN\xd6z\x0b^\x8fOTu(\x08\x00\x00\
\x00\x00\x06\x00\x00\x00!File is i\
n use by another\
 process\x07\x00\x00\x00\x0eERR\
OR_MESSAGES\x01\x03\x00\x00\x00\
$x\xc1x\x9fzz\x95\x93N\x0d\x8d\xb3\xff\x0c\x8a\
\xcb\x9a0Q\xfa\x8d\xb3Y v\x84zz\x95\x93_\
\x8cQ\x8d\x8af\x08\x00\x00\x00\x00\x06\x00\x00\x00CI\
nsufficient disk\
 space, please f\
ree up enough sp\
ace and try agai\
n.\x07\x00\x00\x00\x0eERROR_MES\
SAGES\x01\x03\x00\x00\x00\x18\x00C\x00o\x00\
o\x00k\x00i\x00e\x00 h<_\x0fN\x0dT\
\x08l\xd5\x08\x00\x00\x00\x00\x06\x00\x00\x00\x16Inv\
alid Cookies for\
mat\x07\x00\x00\x00\x0eERROR_ME\
SSAGES\x01\x03\x00\x00\x00\x0aq!eH\
v\x84\x90#}P\x08\x00\x00\x00\x00\x06\x00\x00\x00\x13\
Invalid link for\
mat\x07\x00\x00\x00\x0eERROR_ME\
SSAGES\x01\x03\x00\x00\x00\x08\x97\x00\x89\x81\
v{Qe\x08\x00\x00\x00\x00\x06\x00\x00\x00\x0eLo\
gin Required\x07\x00\x00\x00\
\x0eERROR_MESSAGES\x01\
\x03\x00\x00\x00\x0cv{Qer\xc0aKY1e\
H\x08\x00\x00\x00\x00\x06\x00\x00\x00\x14Login\
 status expired\x07\
\x00\x00\x00\x0eERROR_MESSAG\
ES\x01\x03\x00\x00\x00\x08v{Q\xfaY1eW\
\x08\x00\x00\x00\x00\x06\x00\x00\x00\x0dLogout\
 failed\x07\x00\x00\x00\x0eERRO\
R_MESSAGES\x01\x03\x00\x00\x00$\
b~N\x0dR0u(e\xbc\x8fIc\xdbv\x84\
\x00 \x00m\x004\x00a\x00 \x97\xf3\x8a\x0aj\x94\
hH0\x02\x08\x00\x00\x00\x00\x06\x00\x00\x00'M4\
A audio file not\
 found for conve\
rsion\x07\x00\x00\x00\x0eERROR_\
MESSAGES\x01\x03\x00\x00\x00\x0a]\xf2\
P\x5ckb\x89\xe3g\x90\x08\x00\x00\x00\x00\x06\x00\x00\
\x00\x0fParsing stoppe\
d\x07\x00\x00\x00\x0eERROR_MESS\
AGES\x01\x03\x00\x00\x00\x10l\x92g\x09k\x0a\
\x96P[\xebQej\x94hH\x08\x00\x00\x00\x00\x06\
\x00\x00\x00'Permission d\
enied: cannot wr\
ite to file\x07\x00\x00\x00\x0e\
ERROR_MESSAGES\x01\x03\
\x00\x00\x00\x0c\x8a\xcbQHv{Qe^3\x86_\
\x08\x00\x00\x00\x00\x06\x00\x00\x00$Please\
 log in to your \
account first.\x07\x00\
\x00\x00\x0eERROR_MESSAGE\
S\x01\x03\x00\x00\x006\x8c\xbcN\x0av\x84\x00 \x00\
C\x00o\x00o\x00k\x00i\x00e\x00 N-g\
*b~R0\x00 \x00S\x00E\x00S\x00S\x00\
D\x00A\x00T\x00A\x00 k\x04OM\x08\x00\x00\
\x00\x00\x06\x00\x00\x00.SESSDATA \
field not found \
in the pasted Co\
okies\x07\x00\x00\x00\x0eERROR_\
MESSAGES\x01\x03\x00\x00\x00 \x00b\
\x002\x003\x00.\x00t\x00vw\xed\x90#}P\
q!eHb\x16]\xf2\x90Ng\x1f0\x02\x08\x00\
\x00\x00\x00\x06\x00\x00\x000The b23.\
tv short link is\
 invalid or has \
expired.\x07\x00\x00\x00\x0eERR\
OR_MESSAGES\x01\x03\x00\x00\x00\
$j\x94hHS\xef\x80\xfd]\xf2\x88\xaby\xfbR\
\xd5b\x16R*\x96d\xff\x0c\x8a\xcb\x91\xcde\xb0N\
\x0b\x8f\x090\x02\x08\x00\x00\x00\x00\x06\x00\x00\x00BT\
he file may have\
 been moved or d\
eleted. Please d\
ownload it again\
.\x07\x00\x00\x00\x0eERROR_MESS\
AGES\x01\x03\x00\x00\x00.N\x0aN\x00P\x0b\
\x00 \x00F\x00F\x00m\x00p\x00e\x00g\x00 \
N\xfbR\xd9\x5c\x1ag*\x90\x00Q\xfa\xff\x0c\x8a\xcb\
z\x0d_\x8c\x91\xcd\x8af\x08\x00\x00\x00\x00\x06\x00\x00\
\x00DThe previous F\
Fmpeg task has n\
ot exited yet. P\
lease try again \
later.\x07\x00\x00\x00\x0eERROR\
_MESSAGES\x01\x03\x00\x00\x00,j\
\x94hHN\x0d[XW(b\x16\x8d\xef_\x91\x93\
/\x8a\xa4\xff\x0cO`S\xef\x80\xfd\x97\x00\x89\x81Q\
\x8dk!N\x0b\x8f\x09[\x830\x02\x08\x00\x00\x00\x00\
\x06\x00\x00\x00OThe specifi\
ed file or folde\
r does not exist\
, you may need t\
o download it ag\
ain.\x07\x00\x00\x00\x0eERROR_M\
ESSAGES\x01\x03\x00\x00\x00\x1eq!l\
\xd5\x8bXR%\x8arh\x9dv\xeev\x84\x98^W\
\x8b\xff\x0cq!l\xd5N\x0b\x8f\x09\x08\x00\x00\x00\x00\
\x06\x00\x00\x00>This item's\
 type is not rec\
ognized, so it c\
annot be downloa\
ded\x07\x00\x00\x00\x0eERROR_ME\
SSAGES\x01\x03\x00\x00\x00\x22v\xeeRM\
^3\x86_v{Qer\xc0aK]\xf2Y1\
eH\xff\x0c\x8a\xcb\x91\xcde\xb0v{Qe\x08\x00\
\x00\x00\x00\x06\x00\x00\x00;Your acc\
ount login statu\
s has expired. P\
lease log in aga\
in.\x07\x00\x00\x00\x0eERROR_ME\
SSAGES\x01\x03\x00\x00\x00\x04R*\x96d\
\x08\x00\x00\x00\x00\x06\x00\x00\x00\x06Delete\
\x07\x00\x00\x00\x10EditActionW\
idget\x01\x03\x00\x00\x00\x04}\xe8\x8f/\x08\
\x00\x00\x00\x00\x06\x00\x00\x00\x04Edit\x07\x00\x00\
\x00\x10EditActionWidg\
et\x01\x03\x00\x00\x00\x14\x00C\x00D\x00N\x00 \
{\xc0\x9e\xdeN\x0d\x80\xfdp\xbazz\x08\x00\x00\x00\
\x00\x06\x00\x00\x00\x18CDN node c\
annot be empty\x07\x00\
\x00\x00\x0eEditHostDialo\
g\x01\x03\x00\x00\x00\x12}\xe8\x8f/\x00 \x00C\x00\
D\x00N\x00 {\xc0\x9e\xde\x08\x00\x00\x00\x00\x06\x00\
\x00\x00\x0dEdit CDN Node\
\x07\x00\x00\x00\x0eEditHostDia\
log\x01\x03\x00\x00\x00\x14\x8a\xcb\x8f8Qe\x00\
 \x00C\x00D\x00N\x00 {\xc0\x9e\xde\x08\x00\x00\
\x00\x00\x06\x00\x00\x00\x17Please en\
ter a CDN node\x07\x00\
\x00\x00\x0eEditHostDialo\
g\x01\x03\x00\x00\x00\x04\x902\x96\x8e\x08\x00\x00\x00\x00\
\x06\x00\x00\x00\x08Advanced\x07\x00\x00\
\x00\x0eEditRuleDialog\
\x01\x03\x00\x00\x00\x1cS\xef\x90xk\xb5N-_\xc5\
\x98\x08\x81\xf3\x5c\x11S\x05T+N\x00P\x0b\x8b\x8a\
ex\x08\x00\x00\x00\x00\x06\x00\x00\x006An o\
ptional segment \
must contain at \
least one variab\
le\x07\x00\x00\x00\x0eEditRuleD\
ialog\x01\x03\x00\x00\x00\x14\x8ar\x98^W\
\x8bN\x0b]\xf2g\x09T\x0cT\x0d\x89\x8fRG\x08\
\x00\x00\x00\x00\x06\x00\x00\x000Another\
 rule of this ty\
pe already uses \
this name\x07\x00\x00\x00\x0eEd\
itRuleDialog\x01\x03\x00\x00\
\x00\x1c]\xf2\x89\x07\x88\xfd\xff\x1a\x00{\x00v\x00a\
\x00r\x00i\x00a\x00b\x00l\x00e\x00}\x08\x00\
\x00\x00\x00\x06\x00\x00\x00\x12Copied: \
{variable}\x07\x00\x00\x00\x0eE\
ditRuleDialog\x01\x03\x00\
\x00\x00\x08\x89\x07\x88\xfd\x8b\x8aex\x08\x00\x00\x00\x00\
\x06\x00\x00\x00\x0dCopy Variab\
le\x07\x00\x00\x00\x0eEditRuleD\
ialog\x01\x03\x00\x00\x00\x04a\x0f\x7f\xa9\x08\
\x00\x00\x00\x00\x06\x00\x00\x00\x0bDescrip\
tion\x07\x00\x00\x00\x0eEditRul\
eDialog\x01\x03\x00\x00\x00\x08e>h\
\xc4O\xeee9\x08\x00\x00\x00\x00\x06\x00\x00\x00\x0fD\
iscard changes\x07\x00\
\x00\x00\x0eEditRuleDialo\
g\x01\x03\x00\x00\x00\x04{\xc4O\x8b\x08\x00\x00\x00\x00\
\x06\x00\x00\x00\x07Example\x07\x00\x00\x00\
\x0eEditRuleDialog\x01\
\x03\x00\x00\x00\x04\x8a\xaaf\x0e\x08\x00\x00\x00\x00\x06\x00\
\x00\x00\x0cInstructions\x07\
\x00\x00\x00\x0eEditRuleDial\
og\x01\x03\x00\x00\x00\x0cT}T\x0d\x89\x8fRG\
q!eH\x08\x00\x00\x00\x00\x06\x00\x00\x00\x13In\
valid naming rul\
e\x07\x00\x00\x00\x0eEditRuleDi\
alog\x01\x03\x00\x00\x00\x08T}T\x0d\x89\x8f\
RG\x08\x00\x00\x00\x00\x06\x00\x00\x00\x0bNami\
ng Rule\x07\x00\x00\x00\x0eEdit\
RuleDialog\x01\x03\x00\x00\x00\x08\
|!\x89\x81\x8a\xaaf\x0e\x08\x00\x00\x00\x00\x06\x00\x00\
\x00\x11Naming Rule Gu\
ide\x07\x00\x00\x00\x0eEditRule\
Dialog\x01\x03\x00\x00\x00\x10T}T\x0d\
\x89\x8fRGN\x0dS\xefp\xbazz\x08\x00\x00\x00\
\x00\x06\x00\x00\x00\x1bNaming rul\
e cannot be empt\
y\x07\x00\x00\x00\x0eEditRuleDi\
alog\x01\x03\x00\x00\x00\x0c\x95\x8bU_^k\
R\xa9\x98\x01\x97b\x08\x00\x00\x00\x00\x06\x00\x00\x00\x0e\
Open help page\x07\x00\
\x00\x00\x0eEditRuleDialo\
g\x01\x03\x00\x00\x00\x08\x89\x8fRGT\x0dz1\x08\
\x00\x00\x00\x00\x06\x00\x00\x00\x09Rule Na\
me\x07\x00\x00\x00\x0eEditRuleD\
ialog\x01\x03\x00\x00\x00\x08\x89\x8fRG\x98\
^W\x8b\x08\x00\x00\x00\x00\x06\x00\x00\x00\x09Rul\
e Type\x07\x00\x00\x00\x0eEditR\
uleDialog\x01\x03\x00\x00\x002T\
}T\x0d\x89\xc4R\x19S\x05T+\x97^l\xd5[\
W{&\xff\x1a\x00<\x00>\x00:\x00\x5c\x00\x22\x00\
|\x00?\x00*\x00 b\x16c\xa7R6[W{\
&\x08\x00\x00\x00\x00\x06\x00\x00\x00@Rule \
contains illegal\
 characters: <>:\
\x5c\x22|?* or control\
 characters\x07\x00\x00\x00\x0e\
EditRuleDialog\x01\x03\
\x00\x00\x00.T}T\x0d\x89\xc4R\x19N\x0d\x80\xfd\
N\xe5\x00 \x00'\x00/\x00'\x00 b\x16\x00 \
\x00'\x00.\x00'\x00 _\x00Y4b\x16~\xd3\
\x5c>\x08\x00\x00\x00\x00\x06\x00\x00\x00*Rule\
 must not start \
or end with '/' \
or '.'\x07\x00\x00\x00\x0eEditR\
uleDialog\x01\x03\x00\x00\x00\x10\x89\
\x8fRGT\x0dz1N\x0dS\xefp\xbazz\x08\
\x00\x00\x00\x00\x06\x00\x00\x00\x19Rule na\
me cannot be emp\
ty\x07\x00\x00\x00\x0eEditRuleD\
ialog\x01\x03\x00\x00\x00\x14\x8a-p\xba\x8a\
r\x98^W\x8bv\x84\x98\x10\x8a-\x89\x8fRG\x08\
\x00\x00\x00\x00\x06\x00\x00\x00!Set as \
default rule for\
 this type\x07\x00\x00\x00\x0eE\
ditRuleDialog\x01\x03\x00\
\x00\x00\x16g*w\xe5\x8b\x8aex\xff\x1a\x00{\x00\
n\x00a\x00m\x00e\x00}\x08\x00\x00\x00\x00\x06\x00\
\x00\x00\x18Unknown varia\
ble: {name}\x07\x00\x00\x00\x0e\
EditRuleDialog\x01\x03\
\x00\x00\x00>OM\x7fn\x00 \x00{\x00p\x00o\
\x00s\x00i\x00t\x00i\x00o\x00n\x00}\x00 \
\x86Uv\x84\x00 \x00'\x00<\x00'\x00 b\x16\
\x00 \x00'\x00>\x00'\x00 l\x92g\x09\x91M\
\x5c\x0d\x08\x00\x00\x00\x00\x06\x00\x00\x00+Unma\
tched '<' or '>'\
 at position {po\
sition}\x07\x00\x00\x00\x0eEdit\
RuleDialog\x01\x03\x00\x00\x00\x08\
\x8b\x8aexT\x0dz1\x08\x00\x00\x00\x00\x06\x00\x00\
\x00\x08Variable\x07\x00\x00\x00\x0eE\
ditRuleDialog\x01\x03\x00\
\x00\x00\x08\x8b\x8aexS\xc3\x80\x03\x08\x00\x00\x00\x00\
\x06\x00\x00\x00\x12Variable re\
ference\x07\x00\x00\x00\x0eEdit\
RuleDialog\x01\x03\x00\x00\x00\x16\
\x00{\x00c\x00o\x00u\x00n\x00t\x00}\x00 \
P\x0b\x98\x05v\xee\x08\x00\x00\x00\x00\x06\x00\x00\x00\x0d\
{count} items\x07\x00\x00\
\x00\x15EntryListItemD\
elegate\x01\x03\x00\x00\x00\x08f\xabq\
!Qg[\xb9\x08\x00\x00\x00\x00\x06\x00\x00\x00\x0aN\
o entries\x07\x00\x00\x00\x0dEn\
tryListView\x01\x03\x00\x00\x00\
\x0ee\xbcp\x0f\x89\xbdVhN-\x95\x8bU_\x08\
\x00\x00\x00\x00\x06\x00\x00\x00\x0fOpen in\
 Browser\x07\x00\x00\x00\x0dEnt\
ryListView\x01\x03\x00\x00\x00\x04\
\x89\xe3g\x90\x08\x00\x00\x00\x00\x06\x00\x00\x00\x05Pa\
rse\x07\x00\x00\x00\x0dEntryLis\
tView\x01\x03\x00\x00\x00\x0c\x90xd\xc7N\
\x00P\x0bd\xcdO\x5c\x08\x00\x00\x00\x00\x06\x00\x00\x00\
\x10Choose an actio\
n\x07\x00\x00\x00\x0aExitDialog\
\x01\x03\x00\x00\x00\x0a\x95\xdc\x95\x89N;\x89\x96z\x97\
\x08\x00\x00\x00\x00\x06\x00\x00\x00\x15Close \
the main window\x07\
\x00\x00\x00\x0aExitDialog\x01\x03\
\x00\x00\x00\x08N\x0dQ\x8d\x8abUO\x08\x00\x00\x00\
\x00\x06\x00\x00\x00\x0fDon't ask \
again\x07\x00\x00\x00\x0aExitDi\
alog\x01\x03\x00\x00\x00\x08}Pg_z\x0b\
_\x0f\x08\x00\x00\x00\x00\x06\x00\x00\x00\x10Exit\
 the program\x07\x00\x00\x00\
\x0aExitDialog\x01\x03\x00\x00\x00\
\x0eg\x00\x5c\x0fS\x16\x81\xf3|\xfb}qS#\x08\
\x00\x00\x00\x00\x06\x00\x00\x00\x17Minimiz\
e to system tray\
\x07\x00\x00\x00\x0aExitDialog\x01\
\x03\x00\x00\x00\x06p\x0f\x89\xbd &\x08\x00\x00\x00\x00\
\x06\x00\x00\x00\x09Browse\xe2\x80\xa6\x07\x00\
\x00\x00\x11FFmpegSetting\
Card\x01\x03\x00\x00\x00\x08z\x0b_\x0fQg\
^\xfa\x08\x00\x00\x00\x00\x06\x00\x00\x00\x12Bund\
led (with app)\x07\x00\
\x00\x00\x11FFmpegSetting\
Card\x01\x03\x00\x00\x00&\x8a-[\x9au(\
e\xbcT\x08Ou\x82\x07\x8fIc\xdb_qrG\
v\x84\x00 \x00F\x00F\x00m\x00p\x00e\x00g\
\x08\x00\x00\x00\x00\x06\x00\x00\x007Config\
ure FFmpeg used \
for merging and \
converting video\
s\x07\x00\x00\x00\x11FFmpegSett\
ingCard\x01\x03\x00\x00\x00\x18\x81\xea\x8a\
\x02\x00 \x00F\x00F\x00m\x00p\x00e\x00g\x00\
 \x8d\xef_\x91\x08\x00\x00\x00\x00\x06\x00\x00\x00\x12C\
ustom FFmpeg Pat\
h\x07\x00\x00\x00\x11FFmpegSett\
ingCard\x01\x03\x00\x00\x00\x08\x81\xea\x8a\
\x02\x8d\xef_\x91\x08\x00\x00\x00\x00\x06\x00\x00\x00\x0bC\
ustom path\x07\x00\x00\x00\x11F\
FmpegSettingCard\
\x01\x03\x00\x00\x00\x12\x00F\x00F\x00m\x00p\x00e\
\x00g\x00 \x8a-[\x9a\x08\x00\x00\x00\x00\x06\x00\x00\
\x00\x0fFFmpeg Setting\
s\x07\x00\x00\x00\x11FFmpegSett\
ingCard\x01\x03\x00\x00\x00\x12\x00F\x00\
F\x00m\x00p\x00e\x00g\x00 O\x86n\x90\x08\
\x00\x00\x00\x00\x06\x00\x00\x00\x0dFFmpeg \
Source\x07\x00\x00\x00\x11FFmpe\
gSettingCard\x01\x03\x00\x00\
\x00$\x90xd\xc7\x89\x81O\x7fu(v\x84\x00 \
\x00F\x00F\x00m\x00p\x00e\x00g\x00 S\xef\
W\xf7\x88Lj\x94\x08\x00\x00\x00\x00\x06\x00\x00\x00#\
Select the FFmpe\
g executable to \
use\x07\x00\x00\x00\x11FFmpegSe\
ttingCard\x01\x03\x00\x00\x00\x0c|\
\xfb}qt\xb0X\x83\x8b\x8aex\x08\x00\x00\x00\x00\
\x06\x00\x00\x00\x0bSystem PATH\
\x07\x00\x00\x00\x11FFmpegSetti\
ngCard\x01\x03\x00\x00\x00\x08\x8f\xfduj\
\x8f\xfdR\x87\x08\x00\x00\x00\x00\x06\x00\x00\x00\x0eAn\
ime & Series\x07\x00\x00\x00\
\x14FavoriteFlyoutW\
idget\x01\x03\x00\x00\x00\x06e6\x85\xcfY\
>\x08\x00\x00\x00\x00\x06\x00\x00\x00\x09Favor\
ites\x07\x00\x00\x00\x14Favorit\
eFlyoutWidget\x01\x03\x00\
\x00\x00\x08kwS\xf2\x8a\x18\x93\x04\x08\x00\x00\x00\x00\
\x06\x00\x00\x00\x07History\x07\x00\x00\x00\
\x14FavoriteFlyoutW\
idget\x01\x03\x00\x00\x00\x0ee\xbcp\x0f\x89\
\xbdVhN-\x95\x8bU_\x08\x00\x00\x00\x00\x06\x00\
\x00\x00\x0fOpen in Brows\
er\x07\x00\x00\x00\x14FavoriteF\
lyoutWidget\x01\x03\x00\x00\x00\
\x04R7e\xb0\x08\x00\x00\x00\x00\x06\x00\x00\x00\x07R\
efresh\x07\x00\x00\x00\x14Favor\
iteFlyoutWidget\x01\
\x03\x00\x00\x00\x08\x8a\x02\x95\xb1T\x08\x96\xc6\x08\x00\x00\
\x00\x00\x06\x00\x00\x00\x0dSubscript\
ions\x07\x00\x00\x00\x14Favorit\
eFlyoutWidget\x01\x03\x00\
\x00\x00\x08z\x0d_\x8c\x89\xc0w\x0b\x08\x00\x00\x00\x00\
\x06\x00\x00\x00\x0bWatch later\
\x07\x00\x00\x00\x14FavoriteFly\
outWidget\x01\x03\x00\x00\x00\x04Q\
h\x90\xe8\x08\x00\x00\x00\x00\x06\x00\x00\x00\x03All\
\x07\x00\x00\x00\x0cFollowWidge\
t\x01\x03\x00\x00\x00\x04\x8f\xfduj\x08\x00\x00\x00\x00\
\x06\x00\x00\x00\x05Anime\x07\x00\x00\x00\x0cF\
ollowWidget\x01\x03\x00\x00\x00\
\x04\x8f\xfdR\x87\x08\x00\x00\x00\x00\x06\x00\x00\x00\x06S\
eries\x07\x00\x00\x00\x0cFollow\
Widget\x01\x03\x00\x00\x00\x04`\xf3w\x0b\
\x08\x00\x00\x00\x00\x06\x00\x00\x00\x0dWant t\
o watch\x07\x00\x00\x00\x0cFoll\
owWidget\x01\x03\x00\x00\x00\x04w\x0b\
\x90N\x08\x00\x00\x00\x00\x06\x00\x00\x00\x07Watc\
hed\x07\x00\x00\x00\x0cFollowWi\
dget\x01\x03\x00\x00\x00\x04W(w\x0b\x08\x00\
\x00\x00\x00\x06\x00\x00\x00\x08Watching\
\x07\x00\x00\x00\x0cFollowWidge\
t\x01\x03\x00\x00\x00\x04|\x97\x9a\xd4\x08\x00\x00\x00\x00\
\x06\x00\x00\x00\x04Bold\x07\x00\x00\x00\x09Fo\
ntGroup\x01\x03\x00\x00\x00\x08[WW\
\x8bT\x0dz1\x08\x00\x00\x00\x00\x06\x00\x00\x00\x0bF\
ont Family\x07\x00\x00\x00\x09F\
ontGroup\x01\x03\x00\x00\x00\x08[W\
W\x8bY'\x5c\x0f\x08\x00\x00\x00\x00\x06\x00\x00\x00\x09\
Font Size\x07\x00\x00\x00\x09Fo\
ntGroup\x01\x03\x00\x00\x00\x04e\x9c\x9a\
\xd4\x08\x00\x00\x00\x00\x06\x00\x00\x00\x06Itali\
c\x07\x00\x00\x00\x09FontGroup\x01\
\x03\x00\x00\x00\x06R*\x96d}\xda\x08\x00\x00\x00\x00\
\x06\x00\x00\x00\x09Strikeout\x07\x00\
\x00\x00\x09FontGroup\x01\x03\x00\x00\
\x00\x04^\x95}\xda\x08\x00\x00\x00\x00\x06\x00\x00\x00\x09\
Underline\x07\x00\x00\x00\x09Fo\
ntGroup\x01\x03\x00\x00\x00\x06\xff\x08z\
z\xff\x09\x08\x00\x00\x00\x00\x06\x00\x00\x00\x07(em\
pty)\x07\x00\x00\x00\x0cFragmen\
tChip\x01\x03\x00\x00\x00\x04}\xe8\x8f/\x08\
\x00\x00\x00\x00\x06\x00\x00\x00\x04Edit\x07\x00\x00\
\x00\x0cFragmentChip\x01\x03\
\x00\x00\x00\x04]\xe6y\xfb\x08\x00\x00\x00\x00\x06\x00\x00\
\x00\x09Move left\x07\x00\x00\x00\x0c\
FragmentChip\x01\x03\x00\x00\
\x00\x04S\xf3y\xfb\x08\x00\x00\x00\x00\x06\x00\x00\x00\x0a\
Move right\x07\x00\x00\x00\x0cF\
ragmentChip\x01\x03\x00\x00\x00\
\x04y\xfb\x96d\x08\x00\x00\x00\x00\x06\x00\x00\x00\x06R\
emove\x07\x00\x00\x00\x0cFragme\
ntChip\x01\x03\x00\x00\x00\x04S\x9fj#\
\x08\x00\x00\x00\x00\x06\x00\x00\x00\x05As is\x07\
\x00\x00\x00\x10FragmentEdit\
View\x01\x03\x00\x00\x00\x08\x81\xea\x8a\x02h<\
_\x0f\x08\x00\x00\x00\x00\x06\x00\x00\x00\x0dCust\
om format\x07\x00\x00\x00\x10Fr\
agmentEditView\x01\x03\
\x00\x00\x00\x06\x81\xea\x8a\x02 &\x08\x00\x00\x00\x00\x06\
\x00\x00\x00\x09Custom\xe2\x80\xa6\x07\x00\x00\
\x00\x10FragmentEditVi\
ew\x01\x03\x00\x00\x00\x08}\xe8\x8f/rGk\xb5\
\x08\x00\x00\x00\x00\x06\x00\x00\x00\x0dEdit f\
ragment\x07\x00\x00\x00\x10Frag\
mentEditView\x01\x03\x00\x00\
\x00\x04h<_\x0f\x08\x00\x00\x00\x00\x06\x00\x00\x00\x06\
Format\x07\x00\x00\x00\x10Fragm\
entEditView\x01\x03\x00\x00\x00\
\x04]\xe6y\xfb\x08\x00\x00\x00\x00\x06\x00\x00\x00\x09M\
ove left\x07\x00\x00\x00\x10Fra\
gmentEditView\x01\x03\x00\
\x00\x00\x04S\xf3y\xfb\x08\x00\x00\x00\x00\x06\x00\x00\x00\
\x0aMove right\x07\x00\x00\x00\x10\
FragmentEditView\
\x01\x03\x00\x00\x00\x12\x8ar\x8b\x8aexl\x92g\x09\
S\xef\x90xh<_\x0f\x08\x00\x00\x00\x00\x06\x00\x00\
\x00\x1fNot available \
for this variabl\
e\x07\x00\x00\x00\x10FragmentEd\
itView\x01\x03\x00\x00\x00\x0cQv\x99\x18\
S\xefu(\x8b\x8aex\x08\x00\x00\x00\x00\x06\x00\x00\
\x00\x19Other availabl\
e variables\x07\x00\x00\x00\x10\
FragmentEditView\
\x01\x03\x00\x00\x00\x04RM}\xb4\x08\x00\x00\x00\x00\x06\
\x00\x00\x00\x06Prefix\x07\x00\x00\x00\x10F\
ragmentEditView\x01\
\x03\x00\x00\x00\x04y\xfb\x96d\x08\x00\x00\x00\x00\x06\x00\
\x00\x00\x06Remove\x07\x00\x00\x00\x10Fr\
agmentEditView\x01\x03\
\x00\x00\x00\x04_\x8c}\xb4\x08\x00\x00\x00\x00\x06\x00\x00\
\x00\x06Suffix\x07\x00\x00\x00\x10Fra\
gmentEditView\x01\x03\x00\
\x00\x00\x04e\x87[W\x08\x00\x00\x00\x00\x06\x00\x00\x00\
\x04Text\x07\x00\x00\x00\x10Fragme\
ntEditView\x01\x03\x00\x00\x00\x1e\
\x8b\x8aexp\xbazzfB\xff\x0cRM}\xb4\
\x82\x07_\x8c}\xb4N\x00Oum\x88Y1\x08\x00\
\x00\x00\x00\x06\x00\x00\x00:The pref\
ix and suffix di\
sappear together\
 with the variab\
le\x07\x00\x00\x00\x10FragmentE\
ditView\x01\x03\x00\x00\x00\x04\x8b\x8ae\
x\x08\x00\x00\x00\x00\x06\x00\x00\x00\x08Varia\
ble\x07\x00\x00\x00\x10Fragment\
EditView\x01\x03\x00\x00\x00\x04c\xd2\
Qe\x08\x00\x00\x00\x00\x06\x00\x00\x00\x06Inse\
rt\x07\x00\x00\x00\x12InsertAct\
ionWidget\x01\x03\x00\x00\x00\x10\x81\
\xeaR\xd5\x89\xe3g\x90b@g\x09{\xc0\x9e\xde\x08\
\x00\x00\x00\x00\x06\x00\x00\x00\x1dAutomat\
ically parse all\
 nodes\x07\x00\x00\x00\x16Inter\
activeVideoDialo\
g\x01\x03\x00\x00\x00 Pun,R0N\x92R\
\xd5_\x0f_qrG\xff\x0c\x8a\xcb\x90xd\xc7N\
\x00\x98\x05d\xcdO\x5c\x08\x00\x00\x00\x00\x06\x00\x00\x00\
:Detection of in\
teractive video,\
 please select a\
n operation\x07\x00\x00\x00\x16\
InteractiveVideo\
Dialog\x01\x03\x00\x00\x00\x08N\x92R\xd5\
_qrG\x08\x00\x00\x00\x00\x06\x00\x00\x00\x11In\
teractive Video\x07\
\x00\x00\x00\x16InteractiveV\
ideoDialog\x01\x03\x00\x00\x00\x08\
\x8f8Qe\x98\x01x\xbc\x08\x00\x00\x00\x00\x06\x00\x00\
\x00\x11Enter page num\
ber\x07\x00\x00\x00\x10JumpToPa\
geDialog\x01\x03\x00\x00\x00\x08\x8d\xf3\
\x81\xf3\x98\x01\x97b\x08\x00\x00\x00\x00\x06\x00\x00\x00\x0c\
Jump To Page\x07\x00\x00\x00\
\x10JumpToPageDialo\
g\x01\x03\x00\x00\x00\x04\x89\x07\x88\xfd\x08\x00\x00\x00\x00\
\x06\x00\x00\x00\x04Copy\x07\x00\x00\x00\x0bLo\
gListView\x01\x03\x00\x00\x00\x0ce\
\xe5\x8a\x8c\x8as}0\x8c\xc7e\x99\x08\x00\x00\x00\x00\
\x06\x00\x00\x00\x0bLog Details\
\x07\x00\x00\x00\x0bLogListView\
\x01\x03\x00\x00\x00\x08l\x92g\x09e\xe5\x8a\x8c\x08\x00\
\x00\x00\x00\x06\x00\x00\x00\x07No logs\x07\
\x00\x00\x00\x0bLogListView\x01\
\x03\x00\x00\x00\x82fB\x95\x93b3\x8a\x18\xff\x1a\x00\
{\x00t\x00i\x00m\x00e\x00s\x00t\x00a\x00\
m\x00p\x00}\x00\x0a\x5cd}\x1a\xff\x1a\x00{\x00\
l\x00e\x00v\x00e\x00l\x00}\x00\x0aT\x0dz\
1\xff\x1a\x00{\x00n\x00a\x00m\x00e\x00}\x00\
 \x00(\x00{\x00c\x00a\x00l\x00l\x00s\x00\
i\x00t\x00e\x00}\x00)\x00\x0a\x00\x0a\x8a\x0a`\
o\xff\x1a\x00\x0a\x00{\x00m\x00e\x00s\x00s\x00\
a\x00g\x00e\x00}\x08\x00\x00\x00\x00\x06\x00\x00\x00\
TTimestamp: {tim\
estamp}\x0aLevel: {\
level}\x0aName: {na\
me} ({callsite})\
\x0a\x0aMessage: \x0a{mes\
sage}\x07\x00\x00\x00\x0bLogLis\
tView\x01\x03\x00\x00\x00\x0cj\xa2\x89\x96\x8a\
s}0\x8c\xc7e\x99\x08\x00\x00\x00\x00\x06\x00\x00\x00\
\x0cView Details\x07\x00\x00\
\x00\x0bLogListView\x01\x03\x00\
\x00\x00\x04Qh\x90\xe8\x08\x00\x00\x00\x00\x06\x00\x00\x00\
\x03All\x07\x00\x00\x00\x0fLogView\
erDialog\x01\x03\x00\x00\x00\x08n\x05\
\x96de\xe5\x8a\x8c\x08\x00\x00\x00\x00\x06\x00\x00\x00\x0a\
Clear Logs\x07\x00\x00\x00\x0fL\
ogViewerDialog\x01\x03\
\x00\x00\x00\x04\x8a\xbf\x8af\x08\x00\x00\x00\x00\x06\x00\x00\
\x00\x05Debug\x07\x00\x00\x00\x0fLogV\
iewerDialog\x01\x03\x00\x00\x00\
\x04\x93/\x8a\xa4\x08\x00\x00\x00\x00\x06\x00\x00\x00\x05E\
rror\x07\x00\x00\x00\x0fLogView\
erDialog\x01\x03\x00\x00\x00\x04\x8c\xc7\
\x8a\x0a\x08\x00\x00\x00\x00\x06\x00\x00\x00\x04Info\
\x07\x00\x00\x00\x0fLogViewerDi\
alog\x01\x03\x00\x00\x00\x04e\xe5\x8a\x8c\x08\x00\
\x00\x00\x00\x06\x00\x00\x00\x04Logs\x07\x00\x00\x00\
\x0fLogViewerDialog\
\x01\x03\x00\x00\x00\x0c\x95\x8bU_e\xe5\x8a\x8cv\xee\
\x93\x04\x08\x00\x00\x00\x00\x06\x00\x00\x00\x13Open\
 Logs Directory\x07\
\x00\x00\x00\x0fLogViewerDia\
log\x01\x03\x00\x00\x00\x04R7e\xb0\x08\x00\x00\
\x00\x00\x06\x00\x00\x00\x07Refresh\x07\x00\
\x00\x00\x0fLogViewerDial\
og\x01\x03\x00\x00\x00\x0ed\x1c\x5c\x0be\xe5\x8a\x8c\
\x00.\x00.\x00.\x08\x00\x00\x00\x00\x06\x00\x00\x00\x0e\
Search logs...\x07\x00\
\x00\x00\x0fLogViewerDial\
og\x01\x03\x00\x00\x00,c\xd0y:\xff\x1a\x9e\xde\
d\xcae\xe5\x8a\x8ch\x9dv\xeeg\xe5w\x0b\x8as\
}0\x8c\xc7e\x99\xff\x0cS\xf3\x93u\x9e\xded\xca\
\x89\x07\x88\xfd\x08\x00\x00\x00\x00\x06\x00\x00\x00?Ti\
ps: Click on a l\
og entry to view\
 details, right-\
click to copy\x07\x00\x00\
\x00\x0fLogViewerDialo\
g\x01\x03\x00\x00\x00\x04\x8bfTJ\x08\x00\x00\x00\x00\
\x06\x00\x00\x00\x07Warning\x07\x00\x00\x00\
\x0fLogViewerDialog\
\x01\x03\x00\x00\x00\x12\x8a\xcbe\xbc\x88\xdd\x7fnz\xef\
x\xba\x8a\x8dv{Qe\x08\x00\x00\x00\x00\x06\x00\x00\
\x00\x1cConfirm login \
on your device\x07\x00\
\x00\x00\x0bLoginDialog\x01\x03\
\x00\x00\x00\x0e\x8a\xcb\x8f8QebKj_\x86_\
x\xbc\x08\x00\x00\x00\x00\x06\x00\x00\x00\x12Ente\
r phone number\x07\x00\
\x00\x00\x0bLoginDialog\x01\x03\
\x00\x00\x00\x0c\x8a\xcb\x8f8Qe\x9aW\x8bIx\xbc\
\x08\x00\x00\x00\x00\x06\x00\x00\x00\x17Enter \
verification cod\
e\x07\x00\x00\x00\x0bLoginDialo\
g\x01\x03\x00\x00\x00\x0aS\xd6_\x97\x9aW\x8bIx\
\xbc\x08\x00\x00\x00\x00\x06\x00\x00\x00\x08Get C\
ode\x07\x00\x00\x00\x0bLoginDia\
log\x01\x03\x00\x00\x00\x04v{Qe\x08\x00\x00\
\x00\x00\x06\x00\x00\x00\x06Log In\x07\x00\x00\
\x00\x0bLoginDialog\x01\x03\x00\
\x00\x00\x18O\x7fu(\x00 \x00C\x00o\x00o\x00\
k\x00i\x00e\x00 v{Qe\x08\x00\x00\x00\x00\
\x06\x00\x00\x00\x13Log in with\
 Cookies\x07\x00\x00\x00\x0bLog\
inDialog\x01\x03\x00\x00\x00\x10bK\
j_\x86_x\xbcN\x0dS\xefp\xbazz\x08\x00\
\x00\x00\x00\x06\x00\x00\x00\x1cPhone nu\
mber cannot be e\
mpty\x07\x00\x00\x00\x0bLoginDi\
alog\x01\x03\x00\x00\x00\x16\x00Q\x00R\x00 \
\x00C\x00o\x00d\x00e\x00 ]\xf2\x90Ng\x1f\
\x08\x00\x00\x00\x00\x06\x00\x00\x00\x13QR cod\
e has expired\x07\x00\x00\
\x00\x0bLoginDialog\x01\x03\x00\
\x00\x00\x22\x91\xcde\xb0P\xb3\x90\x01\x00(\x00{\x00\
c\x00o\x00u\x00n\x00t\x00d\x00o\x00w\x00\
n\x00}\x00)\x08\x00\x00\x00\x00\x06\x00\x00\x00\x13R\
esend({countdown\
})\x07\x00\x00\x00\x0bLoginDial\
og\x01\x03\x00\x00\x00\x08|!\x8a\x0av{Qe\
\x08\x00\x00\x00\x00\x06\x00\x00\x00\x09SMS Lo\
gin\x07\x00\x00\x00\x0bLoginDia\
log\x01\x03\x00\x00\x00\x1ac\x83c\xcf\x00 \x00\
Q\x00R\x00 \x00C\x00o\x00d\x00e\x00 v\
{Qe\x08\x00\x00\x00\x00\x06\x00\x00\x00\x16Sca\
n QR Code to Log\
 In\x07\x00\x00\x00\x0bLoginDia\
log\x01\x03\x00\x00\x00(\x8a\xcbO\x7fu(\x00\
 \x00B\x00i\x00l\x00i\x00b\x00i\x00l\x00\
i\x00 [\xa2b6z\xefc\x83x\xbcv{Q\
e\x08\x00\x00\x00\x00\x06\x00\x00\x00$Scan \
with the Bilibil\
i app to log in\x07\
\x00\x00\x00\x0bLoginDialog\x01\
\x03\x00\x00\x00\x16\x00C\x00o\x00o\x00k\x00i\x00\
e\x00 v{Qeb\x10R\x9f\x08\x00\x00\x00\x00\
\x06\x00\x00\x00\x22Successfull\
y logged in via \
Cookies\x07\x00\x00\x00\x0bLogi\
nDialog\x01\x03\x00\x00\x00\x0cc\x83x\
\xbcv{Qeb\x10R\x9f\x08\x00\x00\x00\x00\x06\x00\
\x00\x00\x22Successfully \
logged in via QR\
 code\x07\x00\x00\x00\x0bLoginD\
ialog\x01\x03\x00\x00\x00\x0c|!\x8a\x0av\
{Qeb\x10R\x9f\x08\x00\x00\x00\x00\x06\x00\x00\x00\
\x1eSuccessfully lo\
gged in via SMS\x07\
\x00\x00\x00\x0bLoginDialog\x01\
\x03\x00\x00\x00\x0e\x9aW\x8bIx\xbcN\x0dS\xefp\
\xbazz\x08\x00\x00\x00\x00\x06\x00\x00\x00!Ver\
ification code c\
annot be empty\x07\x00\
\x00\x00\x0bLoginDialog\x01\x03\
\x00\x00\x00\x08[XS\xd6k\x0agV\x08\x00\x00\x00\
\x00\x06\x00\x00\x00\x0cAccess Tok\
en\x07\x00\x00\x00\x0eMCPSettin\
gCard\x01\x03\x00\x00\x00\x0e]\xf2\x89\x07\x88\
\xfd[XS\xd6k\x0agV\x08\x00\x00\x00\x00\x06\x00\
\x00\x00\x13Access token \
copied\x07\x00\x00\x00\x0eMCPSe\
ttingCard\x01\x03\x00\x00\x00\x12]\
\xf2\x91\xcde\xb0u\x22u\x1f[XS\xd6k\x0ag\
V\x08\x00\x00\x00\x00\x06\x00\x00\x00\x18Acces\
s token regenera\
ted\x07\x00\x00\x00\x0eMCPSetti\
ngCard\x01\x03\x00\x00\x00\x0au(b6\
z\xef\x8a-[\x9a\x08\x00\x00\x00\x00\x06\x00\x00\x00\x14\
Client Configura\
tion\x07\x00\x00\x00\x0eMCPSett\
ingCard\x01\x03\x00\x00\x00\x10]\xf2\x89\
\x07\x88\xfdu(b6z\xef\x8a-[\x9a\x08\x00\x00\
\x00\x00\x06\x00\x00\x00\x1bClient co\
nfiguration copi\
ed\x07\x00\x00\x00\x0eMCPSettin\
gCard\x01\x03\x00\x00\x00\x04\x89\x07\x88\xfd\x08\
\x00\x00\x00\x00\x06\x00\x00\x00\x04Copy\x07\x00\x00\
\x00\x0eMCPSettingCard\
\x01\x03\x00\x00\x00$\x89\x07\x88\xfdS\xefv\xf4c\xa5\
O\x7fu(v\x84\x00 \x00M\x00C\x00P\x00 \
u(b6z\xef\x8a-[\x9a\x08\x00\x00\x00\x00\x06\
\x00\x00\x00,Copy a ready\
-to-use MCP clie\
nt configuration\
\x07\x00\x00\x00\x0eMCPSettingC\
ard\x01\x03\x00\x00\x00\x06]\xf2\x95\xdc\x95\x89\x08\
\x00\x00\x00\x00\x06\x00\x00\x00\x08Disable\
d\x07\x00\x00\x00\x0eMCPSetting\
Card\x01\x03\x00\x00\x00\x14U_u(\x00 \
\x00M\x00C\x00P\x00 O:g\x0dVh\x08\x00\
\x00\x00\x00\x06\x00\x00\x00\x11Enable M\
CP Server\x07\x00\x00\x00\x0eMC\
PSettingCard\x01\x03\x00\x00\
\x00Ds\xfeg\x09\x00 \x00A\x00I\x00 u(\
b6z\xef\x5c\x07q!l\xd5~|~\x8cO\x7f\
u(\xff\x0c\x97\x00\x89\x81O\x7fu(e\xb0k\x0a\
gV\x91\xcde\xb0\x8a-[\x9a0\x02f/T&\
~|~\x8c\xff\x1f\x08\x00\x00\x00\x00\x06\x00\x00\x00_\
Existing AI clie\
nts will stop wo\
rking until they\
 are reconfigure\
d with the new t\
oken. Continue?\x07\
\x00\x00\x00\x0eMCPSettingCa\
rd\x01\x03\x00\x00\x00\x18U_R\xd5Y1eW\
\xff\x1a\x00{\x00e\x00r\x00r\x00o\x00r\x00}\
\x08\x00\x00\x00\x00\x06\x00\x00\x00\x18Failed\
 to start: {erro\
r}\x07\x00\x00\x00\x0eMCPSettin\
gCard\x01\x03\x00\x00\x00,\x00H\x00T\x00\
T\x00P\x00 v\xf4\x90#\xff\x08\x00C\x00l\x00\
a\x00u\x00d\x00e\x00 \x00C\x00o\x00d\x00\
e\x00 {I\xff\x09\x08\x00\x00\x00\x00\x06\x00\x00\x00\
\x18HTTP (Claude Co\
de, etc.)\x07\x00\x00\x00\x0eMC\
PSettingCard\x01\x03\x00\x00\
\x00Z\x8b\x93\x00 \x00A\x00I\x00 u(b6\
z\xef\x90\x0f\x90N\x00 \x00M\x00o\x00d\x00e\
\x00l\x00 \x00C\x00o\x00n\x00t\x00e\x00x\
\x00t\x00 \x00P\x00r\x00o\x00t\x00o\x00c\
\x00o\x00l\x00 \x89\xe3g\x90\x90#}PN&\
{\xa1t\x06N\x0b\x8f\x09N\xfbR\xd9\x08\x00\x00\x00\
\x00\x06\x00\x00\x00RLet AI cli\
ents parse links\
 and manage down\
loads through th\
e Model Context \
Protocol\x07\x00\x00\x00\x0eMCP\
SettingCard\x01\x03\x00\x00\x00\
\x1cP\xc5v\xe3\x80}g,j_V\xdet\xb0O\
MW@\xff\x0c\x98\x10\x8a-\x95\xdc\x95\x89\x08\x00\x00\
\x00\x00\x06\x00\x00\x00?Listen on\
 the local loopb\
ack address only\
. Disabled by de\
fault.\x07\x00\x00\x00\x0eMCPSe\
ttingCard\x01\x03\x00\x00\x00*k\
cW(v\xe3\x80}\x00 \x001\x002\x007\x00\
.\x000\x00.\x000\x00.\x001\x00:\x00{\x00\
p\x00o\x00r\x00t\x00}\x08\x00\x00\x00\x00\x06\x00\
\x00\x00\x1dListening on \
127.0.0.1:{port}\
\x07\x00\x00\x00\x0eMCPSettingC\
ard\x01\x03\x00\x00\x00\x0e\x00M\x00C\x00P\x00\
 O:g\x0dVh\x08\x00\x00\x00\x00\x06\x00\x00\x00\
\x0aMCP Server\x07\x00\x00\x00\x0e\
MCPSettingCard\x01\x03\
\x00\x00\x00\x06g*W\xf7\x88L\x08\x00\x00\x00\x00\x06\
\x00\x00\x00\x0bNot running\x07\
\x00\x00\x00\x0eMCPSettingCa\
rd\x01\x03\x00\x00\x00\x06\x90#c\xa5W\xe0\x08\x00\
\x00\x00\x00\x06\x00\x00\x00\x04Port\x07\x00\x00\x00\
\x0eMCPSettingCard\x01\
\x03\x00\x00\x00\x08\x91\xcde\xb0u\x22u\x1f\x08\x00\x00\
\x00\x00\x06\x00\x00\x00\x0aRegenerat\
e\x07\x00\x00\x00\x0eMCPSetting\
Card\x01\x03\x00\x00\x00\x10\x91\xcde\xb0u\x22\
u\x1f[XS\xd6k\x0agV\x08\x00\x00\x00\x00\x06\
\x00\x00\x00\x17Regenerate A\
ccess Token\x07\x00\x00\x00\x0e\
MCPSettingCard\x01\x03\
\x00\x00\x00(k\xcfk!\x8a\xcblB\x90\xfd\x97\x00\
\x89\x81c\xd0O\x9b\xff\x0c\x8a\xcbP\xcf[\xc6x\xbc\
N\x00j#Y\xa5U\x84O\xdd{\xa1\x08\x00\x00\x00\
\x00\x06\x00\x00\x004Required b\
y every request.\
 Treat it like a\
 password.\x07\x00\x00\x00\x0eM\
CPSettingCard\x01\x03\x00\
\x00\x00\x04r\xc0aK\x08\x00\x00\x00\x00\x06\x00\x00\x00\
\x06Status\x07\x00\x00\x00\x0eMCPS\
ettingCard\x01\x03\x00\x00\x00\x14\
\x91\xcde\xb0U_R\xd5O:g\x0dVh_\x8c\
u\x1feH\x08\x00\x00\x00\x00\x06\x00\x00\x00&Ta\
kes effect after\
 the server rest\
arts\x07\x00\x00\x00\x0eMCPSett\
ingCard\x01\x03\x00\x00\x00\x0cj\xa2\x89\
\x96^kR\xa9e\x87N\xf6\x08\x00\x00\x00\x00\x06\x00\
\x00\x00\x12View Document\
ation\x07\x00\x00\x00\x0eMCPSet\
tingCard\x01\x03\x00\x00\x004\x00s\
\x00t\x00d\x00i\x00o\x00 jKc\xa5\xff\x08\
\x00C\x00l\x00a\x00u\x00d\x00e\x00 \x00D\
\x00e\x00s\x00k\x00t\x00o\x00p\x00 {I\
\xff\x09\x08\x00\x00\x00\x00\x06\x00\x00\x00\x1cstdi\
o (Claude Deskto\
p, etc.)\x07\x00\x00\x00\x0eMCP\
SettingCard\x01\x03\x00\x00\x01\
\xdckd\x86U\x98oy:v\x84Z\x92\x9a\xd4\x8c\
\xc7\x8a\x0aS\xeaS\xd6\x81\xea\x89\xe3g\x90}Pg\
\x9cN-v\x84N\x00P\x0b_qrG\xff\x1a\x90\
#}Pc\x07T\x11T\xeaP\x0b\x5c1S\xd6T\
\xeaP\x0b\xff\x0cg*c\x07T\x11ry[\x9a_\
qrGfBRGS\xd6{,N\x00P\x0b0\
\x02\x82\xe5\x8ar_qrGv\x84Z\x92\x9a\xd4\x8c\
\xc7\x8a\x0aq!l\xd5S\xd6_\x97\xff\x08O\x8bY\
\x82QE\x96\xfb\x5c\x08\x5cl0\x01N\xd8\x8c\xbbQ\
g[\xb9\xff\x09\xff\x0cg\x03\x81\xeaR\xd5e9u\
(QvN\xd6_qrG0\x02[\xe6\x96\x9bS\
\xd6\x81\xeaT\xeaP\x0b_qrG\xff\x0cS\xefW\
(N\x0ae\xb9v\x840\x0cZ\x92\x9a\xd4\x8c\xc7\x8a\
\x0aO\x86n\x900\x0dN-g\xe5w\x0b0\x02\x00\
\x0a\x00\x0a\x82\xe5[XW(Y\x1aP\x0b_qr\
G\xff\x0cb@\x5cUy:v\x84\x8c\xc7\x8a\x0aS\
\xef\x80\xfd\x82\x07g\x00}BN\x0b\x8f\x09v\x84_\
qrGN\x0d[\x8cQhN\x00\x81\xf4\xff\x0cP\
\xc5O\x9bS\xc3\x80\x030\x02\x00\x0a\x00\x0aY\x82\x97\
\x00g\xe5w\x0bry[\x9a_qrGv\x84\x8a\
s}0Z\x92\x9a\xd4\x8c\xc7\x8a\x0a\xff\x0c\x8a\xcbW\
(\x89\xe3g\x90R\x17\x88hN-\x5c\x0da\xc9\x98\
\x05v\xeeN\x0ac\x09S\xf3\x93u\xff\x0c\x90xd\
\xc70\x0cf\xf4e\xb0Z\x92\x9a\xd4\x8c\xc7\x8a\x0a0\
\x0d0\x02\x00\x0a\x00\x0al\xe8a\x0f\xff\x1aS\xd7\x00\
 \x00D\x00R\x00M\x00 R\xa0[\xc6O\xdd\x8b\
wv\x84_qrG\xff\x0cg\x00\x9a\xd8P\xc5e\
/c\xf4N\x0b\x8f\x09\x00 \x001\x000\x008\x00\
0\x00P\x00 uk\x8c\xea\xff\x0cf\xf4\x9a\xd8u\
k\x8c\xeaq!l\xd5O\x7fu(0\x02\x08\x00\x00\
\x00\x00\x06\x00\x00\x02\xb7The media\
 info shown here\
 comes from a si\
ngle video in th\
e parsed results\
: the one the li\
nk points to, or\
 the first one w\
hen the link doe\
sn't point to a \
specific video. \
If that video's \
media info canno\
t be retrieved\xe2\x80\
\x94charge-exclusiv\
e or paid conten\
t, for example\xe2\x80\
\x94another video i\
s used instead. \
\x22Source Video\x22 a\
bove shows which\
 one it came fro\
m.\x0a\x0aIf multiple \
videos are avail\
able, this infor\
mation may not e\
xactly match the\
 one you downloa\
d\xe2\x80\x94use it for r\
eference only.\x0a\x0a\
To view detailed\
 media info for \
a specific video\
, right-click it\
s entry in the p\
arse list and se\
lect \x22Update Med\
ia Info\x22.\x0a\x0aNote:\
 Videos protecte\
d by DRM can onl\
y be downloaded \
up to 1080P; hig\
her qualities ar\
e unavailable.\x07\x00\
\x00\x00\x10MEDIA_INFO_GU\
IDE\x01\x03\x00\x00\x02\xfeZ\x92\x9a\xd4\x90x\x98\
\x05u(e\xbcc\xa7R6_qrGN2m\
A\x82\x07\x97\xf3\x8a\x0aN2mAv\x84N\x0b\x8f\
\x09e\xb9_\x0f\xff\x0cN\xe5S\xcaf/T&W\
(N\x0b\x8f\x09[\x8cb\x10_\x8c\x81\xeaR\xd5T\
\x08Ou0\x02\x00\x0a\x00B\x00i\x00l\x00i\x00\
b\x00i\x00l\x00i\x00 v\x84_qrG\x90\
\x1a^8\x5c\x07_qrGN2mA\x82\x07\x97\
\xf3\x8a\x0aN2mAR\x06\x95\x8bQ2[X\x82\
\x07P\xb3\x8f8\xff\x0cN\x0b\x8f\x09fB\x97\x00R\
\x06R%S\xd6_\x97\x90\x19Qi\x90\xe8R\x06\xff\
\x0cN&S\xefW([\x8cb\x10_\x8c\x90\x0f\x90\
N\x00 \x00F\x00F\x00m\x00p\x00e\x00g\x00\
 T\x08Oup\xbaN\x00P\x0b[\x8cetv\
\x84_qrGj\x94hH0\x02kd\x86Uv\
\x84\x8a-[\x9a\x5c\x07lz[\x9aN\x0b\x8f\x09T\
\xeaN\x9bN2mA\xff\x0cN\xe5S\xcaf/T\
&O\xdduYT\x08OuRMv\x84S\x9fY\
\xcbj\x94hH0\x02\x00\x0a\x00\x0a\x001\x00.\x00\
 N\x0b\x8f\x09_qrGN2mA\x82\x07\x97\
\xf3\x8a\x0aN2mA\xff\x1aP\xc5N\x0b\x8f\x09_\
qrGN2mAfB\xff\x0cg\x00}Bj\
\x94hH\x5c\x07q!\x80r\x97\xf3\xff\x1bP\xc5N\
\x0b\x8f\x09\x97\xf3\x8a\x0aN2mAfB\xff\x0cP\
\xc5g\x03S\xd6_\x97\x97\xf3\x8a\x0aj\x94hH0\
\x02U/g\x09T\x0cfBN\x0b\x8f\x09_qr\
G\x82\x07\x97\xf3\x8a\x0aN2mA\xff\x0cbM\x80\
\xfd\x902\x88L_\x8c~\x8cT\x08Oud\xcdO\
\x5c\xff\x0csr_\x97^6g\x09\x80r\x97\xf3v\
\x84[\x8cet_qrGj\x94hH0\x02\x00\
\x0a\x00\x0a\x002\x00.\x00 T\x08Ou_qr\
G\x82\x07\x97\xf3\x8a\x0a\xff\x1aU_u(_\x8c\xff\
\x0cz\x0b_\x0fg\x03W(N\x0b\x8f\x09[\x8cb\
\x10_\x8cO\x7fu(\x00 \x00F\x00F\x00m\x00\
p\x00e\x00g\x00 \x5c\x07Qi\x90\xe8R\x06T\
\x08Oup\xbaN\x00P\x0b[\x8cetv\x84_\
qrGj\x94hH\xff\x1b\x95\xdc\x95\x89_\x8c\xff\
\x0c_qrGN2mA\x82\x07\x97\xf3\x8a\x0aN\
2mA\x5c\x07R\x06R%Q2[Xp\xbas\
hz\xcbj\x94hH0\x02\x00\x0a\x00\x0a\x003\x00\
.\x00 O\xdduYS\x9fY\xcbj\x94hH\xff\
\x1aU_u(_\x8c\xff\x0cT\x08Ou[\x8cb\
\x10_\x8cN\xcdg\x03O\xdduYS\x9fY\xcbv\
\x84_qrGN2mA\x82\x07\x97\xf3\x8a\x0aN\
2mAj\x94hH\xff\x1b\x95\xdc\x95\x89_\x8c\xff\
\x0cz\x0b_\x0f\x5c\x07R*\x96dS\x9fY\xcbv\
\x84R\x06\x96\xe2N2mA\xff\x0cP\xc5O\xddu\
YT\x08Ou_\x8cv\x84[\x8cet_qr\
Gj\x94hH0\x02\x08\x00\x00\x00\x00\x06\x00\x00\x04\
\x98Media options c\
ontrol how video\
 and audio strea\
ms are downloade\
d and whether th\
ey are automatic\
ally merged afte\
r download.\x0aVide\
os on Bilibili t\
ypically store a\
nd transmit vide\
o and audio stre\
ams separately. \
During download,\
 both parts must\
 be fetched indi\
vidually and can\
 then be merged \
into a complete \
video file using\
 FFmpeg. These s\
ettings determin\
e which streams \
to download and \
whether to keep \
the original unm\
erged files.\x0a\x0a1.\
 Download video \
and audio stream\
s: If only the v\
ideo stream is d\
ownloaded, the f\
inal file will h\
ave no audio; if\
 only the audio \
stream is downlo\
aded, you'll get\
 an audio-only f\
ile. Only when b\
oth video and au\
dio streams are \
downloaded can t\
hey be merged la\
ter into a compl\
ete video file w\
ith sound.\x0a\x0a2. M\
erge video and a\
udio: When enabl\
ed, the program \
will use FFmpeg \
to merge the two\
 parts into a si\
ngle complete vi\
deo file after d\
ownload. When di\
sabled, the vide\
o and audio stre\
ams will be save\
d as separate fi\
les.\x0a\x0a3. Keep or\
iginal files: Wh\
en enabled, the \
original video a\
nd audio stream \
files will be re\
tained after mer\
ging. When disab\
led, the program\
 will delete the\
 original separa\
ted streams and \
keep only the me\
rged complete vi\
deo file.\x07\x00\x00\x00\x13ME\
DIA_OPTIONS_GUID\
E\x01\x03\x00\x00\x00\x04\x95\xdce\xbc\x08\x00\x00\x00\x00\
\x06\x00\x00\x00\x05About\x07\x00\x00\x00\x0aM\
ainWindow\x01\x03\x00\x00\x00H\x9e\
\xded\xca\x98-P\xcfv{QeV\x05\x00 \x00\
B\x00i\x00l\x00i\x00b\x00i\x00l\x00i\x00\
 ^3\x86_\xff\x0cg*v{Qer\xc0a\
KN\x0bN\x0b\x8f\x09R\x9f\x80\xfd\x5c\x07S\xd7R\
0\x96PR60\x02\x08\x00\x00\x00\x00\x06\x00\x00\x00\
uClick the avata\
r to log in to y\
our Bilibili acc\
ount. \x0aDownload \
functionality wi\
ll be limited if\
 you're not logg\
ed in.\x07\x00\x00\x00\x0aMainW\
indow\x01\x03\x00\x00\x00\x0cN\x0b\x8f\x09v\
\xee\x93\x04q!eH\x08\x00\x00\x00\x00\x06\x00\x00\x00\
\x1aDownload Direct\
ory Invalid\x07\x00\x00\x00\x0a\
MainWindow\x01\x03\x00\x00\x00\x04\
N\x0b\x8f\x09\x08\x00\x00\x00\x00\x06\x00\x00\x00\x09Do\
wnloads\x07\x00\x00\x00\x0aMain\
Window\x01\x03\x00\x00\x00\x14b~N\x0d\
R0\x00 \x00F\x00F\x00m\x00p\x00e\x00g\
\x08\x00\x00\x00\x00\x06\x00\x00\x00\x10FFmpeg\
 Not Found\x07\x00\x00\x00\x0aM\
ainWindow\x01\x03\x00\x00\x00\x04e\
6\x85\xcf\x08\x00\x00\x00\x00\x06\x00\x00\x00\x09Fav\
orites\x07\x00\x00\x00\x0aMainW\
indow\x01\x03\x00\x00\x00J\x99\x96k!O\
\x7fu(fB^\xfa\x8bpQHg\xe5w\x0bO\
\x7fu(\x8a\xaaf\x0e\x82\x07^8\x89\x8bUO\x98\
L\xff\x0c^kR\xa9`\xa8f\xf4_\xebN\x0ab\
KN&QER\x06R)u(T\x04\x98\x05R\
\x9f\x80\xfd0\x02\x08\x00\x00\x00\x00\x06\x00\x00\x00\x93I\
t is recommended\
 to read the use\
r guide and FAQs\
 when using for \
the first time, \
to help you get \
started quickly \
and make full us\
e of all feature\
s.\x07\x00\x00\x00\x0aMainWindo\
w\x01\x03\x00\x00\x00\x08v{Qe^3\x86_\x08\
\x00\x00\x00\x00\x06\x00\x00\x00\x16Log in \
to your account\x07\
\x00\x00\x00\x0aMainWindow\x01\x03\
\x00\x00\x00\x08\x97\x00\x89\x81v{Qe\x08\x00\x00\x00\
\x00\x06\x00\x00\x00\x0eLogin Requ\
ired\x07\x00\x00\x00\x0aMainWin\
dow\x01\x03\x00\x00\x00\x0eT}T\x0d\x89\x8fR\
G]\xf2\x91\xcd\x8a-\x08\x00\x00\x00\x00\x06\x00\x00\x00\
\x17Naming Rules We\
re Reset\x07\x00\x00\x00\x0aMai\
nWindow\x01\x03\x00\x00\x00Db~N\
\x0dR0\x00 \x00F\x00F\x00m\x00p\x00e\x00\
g\x00 W\xf7\x88Lj\x940\x02\x8a\xcbx\xbaO\
\xdd]\xf2kcx\xba[\x89\x88\xddN&\x8a-[\
\x9a\x00 \x00F\x00F\x00m\x00p\x00e\x00g0\
\x02\x08\x00\x00\x00\x00\x06\x00\x00\x00WNo FF\
mpeg executable \
found. Please en\
sure FFmpeg is i\
nstalled and con\
figured correctl\
y.\x07\x00\x00\x00\x0aMainWindo\
w\x01\x03\x00\x00\x00\x04\x89\xe3g\x90\x08\x00\x00\x00\x00\
\x06\x00\x00\x00\x06Parser\x07\x00\x00\x00\x0a\
MainWindow\x01\x03\x00\x00\x00\x0c\
\x8a\xcbQHv{Qe^3\x86_\x08\x00\x00\x00\
\x00\x06\x00\x00\x00$Please log\
 in to your acco\
unt first.\x07\x00\x00\x00\x0aM\
ainWindow\x01\x03\x00\x00\x00\x04\x8a\
-[\x9a\x08\x00\x00\x00\x00\x06\x00\x00\x00\x08Set\
tings\x07\x00\x00\x00\x0aMainWi\
ndow\x01\x03\x00\x00\x00\x04\x8d\xf3\x90N\x08\x00\
\x00\x00\x00\x06\x00\x00\x00\x04Skip\x07\x00\x00\x00\
\x0aMainWindow\x01\x03\x00\x00\x00\
FkdrHg,O\xeee9N\x86Qg^\
\xfaT}T\x0d\x89\x8fRG\xff\x0cO`v\x84T\
}T\x0d\x89\x8fRG]\xf2Qh\x90\xe8\x91\xcd\x8a\
-p\xba\x98\x10\x8a-P<\xff\x0c\x8a\xcb\x91\xcde\
\xb0\x8a-[\x9a0\x02\x08\x00\x00\x00\x00\x06\x00\x00\x00\
\x89The built-in na\
ming rules chang\
ed in this versi\
on, so all of yo\
ur naming rules \
have been reset \
to the defaults.\
 Please set them\
 up again.\x07\x00\x00\x00\x0aM\
ainWindow\x01\x03\x00\x00\x000v\
\xeeRMN\x0b\x8f\x09v\xee\x93\x04q!l\xd5[\
XS\xd6b\x16l\x92g\x09[\xebQek\x0a\x96\
P\xff\x0c\x8a\xcb\x91\xcde\xb0\x8a-[\x9a0\x02\x08\
\x00\x00\x00\x00\x06\x00\x00\x00[The cur\
rent download di\
rectory is inacc\
essible or lacks\
 write permissio\
ns. Please reset\
 it.\x07\x00\x00\x00\x0aMainWin\
dow\x01\x03\x00\x00\x00\x04g\xe5w\x0b\x08\x00\x00\
\x00\x00\x06\x00\x00\x00\x04View\x07\x00\x00\x00\x0a\
MainWindow\x01\x03\x00\x00\x00,\
ka\x8f\xceO\x7fu(\x00 \x00B\x00i\x00l\
\x00i\x002\x003\x00 \x00D\x00o\x00w\x00n\
\x00l\x00o\x00a\x00d\x00e\x00r\x08\x00\x00\x00\
\x00\x06\x00\x00\x00\x1cWelcome to\
 Bili23 Download\
er\x07\x00\x00\x00\x0aMainWindo\
w\x01\x03\x00\x00\x00\x10]\xe6\x90\x8a\x8d\xdd\x00 \x00\
(P\xcf} \x00)\x08\x00\x00\x00\x00\x06\x00\x00\x00\
\x10Left Margin (px\
)\x07\x00\x00\x00\x0bMarginGrou\
p\x01\x03\x00\x00\x00\x10S\xf3\x90\x8a\x8d\xdd\x00 \x00\
(P\xcf} \x00)\x08\x00\x00\x00\x00\x06\x00\x00\x00\
\x11Right Margin (p\
x)\x07\x00\x00\x00\x0bMarginGro\
up\x01\x03\x00\x00\x00\x12W\x82v\xf4\x90\x8a\x8d\xdd\
\x00 \x00(P\xcf} \x00)\x08\x00\x00\x00\x00\x06\
\x00\x00\x00\x14Vertical Mar\
gin (px)\x07\x00\x00\x00\x0bMar\
ginGroup\x01\x03\x00\x00\x00\x12\x95\xdc\
e\xbcZ\x92\x9a\xd4\x8c\xc7\x8a\x0av\x84\x8a\xaaf\x0e\
\x08\x00\x00\x00\x00\x06\x00\x00\x00\x10About \
Media Info\x07\x00\x00\x00\x0dM\
ediaInfoCard\x01\x03\x00\x00\
\x00\x04\x97\xf3\x8c\xea\x08\x00\x00\x00\x00\x06\x00\x00\x00\x0d\
Audio Quality\x07\x00\x00\
\x00\x0dMediaInfoCard\x01\
\x03\x00\x00\x00\x1c\x5c\x07O\x9dQ*QH\x98\x06^\
\x8f\x8a-[\x9a\x81\xeaR\xd5\x90xd\xc7\x97\xf3\x8c\
\xea\x08\x00\x00\x00\x00\x06\x00\x00\x00GAudio\
 quality will be\
 automatically s\
elected based on\
 priority settin\
gs\x07\x00\x00\x00\x0dMediaInfo\
Card\x01\x03\x00\x00\x00\x14_qrGN2\
mAN-]\xf2S\x05T+\x97\xf3\x8e\xcc\x08\x00\
\x00\x00\x00\x06\x00\x00\x003Audio tr\
ack is already e\
mbedded in the v\
ideo stream\x07\x00\x00\x00\x0d\
MediaInfoCard\x01\x03\x00\
\x00\x00\x1c\x8a\xbfetuk\x8c\xea0\x01\x97\xf3\x8c\
\xea\x82\x07}\xe8x\xbcN\x0b\x8f\x09\x8a-[\x9a\x08\
\x00\x00\x00\x00\x06\x00\x00\x00CConfigu\
re download vide\
o quality, audio\
 quality, and co\
dec settings\x07\x00\x00\x00\
\x0dMediaInfoCard\x01\x03\
\x00\x00\x00\x0cS\xd6_\x97N-\x00.\x00.\x00.\
\x08\x00\x00\x00\x00\x06\x00\x00\x00\x0bFetchi\
ng...\x07\x00\x00\x00\x0dMediaI\
nfoCard\x01\x03\x00\x00\x00\x04\x8a\xaaf\
\x0e\x08\x00\x00\x00\x00\x06\x00\x00\x00\x0cInstr\
uctions\x07\x00\x00\x00\x0dMedi\
aInfoCard\x01\x03\x00\x00\x00\x14j\
\x94hH\x9a\xd4zMY'\xff\x0cv\xf8[\xb9`\
'_7\x08\x00\x00\x00\x00\x06\x00\x00\x00%Lar\
gest file size, \
best compatibili\
ty\x07\x00\x00\x00\x0dMediaInfo\
Card\x01\x03\x00\x00\x00\x08Z\x92\x9a\xd4\x8c\xc7\
\x8a\x0a\x08\x00\x00\x00\x00\x06\x00\x00\x00\x0aMedi\
a Info\x07\x00\x00\x00\x0dMedia\
InfoCard\x01\x03\x00\x00\x00\x16q!\
\x80r_qrGN2mA\xff\x0cN\x0dT+\
\x97\xf3\x8e\xcc\x08\x00\x00\x00\x00\x06\x00\x00\x00$No\
 audio track (si\
lent video strea\
m)\x07\x00\x00\x00\x0dMediaInfo\
Card\x01\x03\x00\x00\x00\x18e\x87N\xf6OS\
y\xef\x5c\x0f\xff\x0cOFQ|[\xb9`'\x8f\x83\
]\xee\x08\x00\x00\x00\x00\x06\x00\x00\x00(Smal\
ler file size, l\
imited compatibi\
lity\x07\x00\x00\x00\x0dMediaIn\
foCard\x01\x03\x00\x00\x00\x1aX\xd3~.\
eHs\x87g\x00\x9a\xd8\xff\x0cOFv\xf8[\xb9\
`'g\x00]\xee\x08\x00\x00\x00\x00\x06\x00\x00\x00)\
Smallest file si\
ze, poorest comp\
atibility\x07\x00\x00\x00\x0dMe\
diaInfoCard\x01\x03\x00\x00\x00\
\x0cZ\x92\x9a\xd4\x8c\xc7\x8a\x0aO\x86n\x90\x08\x00\x00\
\x00\x00\x06\x00\x00\x00\x0cSource Vi\
deo\x07\x00\x00\x00\x0dMediaInf\
oCard\x01\x03\x00\x00\x00\x04g*w\xe5\x08\
\x00\x00\x00\x00\x06\x00\x00\x00\x07Unknown\
\x07\x00\x00\x00\x0dMediaInfoCa\
rd\x01\x03\x00\x00\x00\x08g*w\xe5\x97\xf3\x8c\xea\
\x08\x00\x00\x00\x00\x06\x00\x00\x00\x15Unknow\
n Audio Quality\x07\
\x00\x00\x00\x0dMediaInfoCar\
d\x01\x03\x00\x00\x00\x08g*w\xe5}\xe8x\xbc\x08\
\x00\x00\x00\x00\x06\x00\x00\x00\x13Unknown\
 Video Codec\x07\x00\x00\x00\
\x0dMediaInfoCard\x01\x03\
\x00\x00\x00\x08g*w\xe5uk\x8c\xea\x08\x00\x00\x00\
\x00\x06\x00\x00\x00\x15Unknown Vi\
deo Quality\x07\x00\x00\x00\x0d\
MediaInfoCard\x01\x03\x00\
\x00\x00\x04}\xe8x\xbc\x08\x00\x00\x00\x00\x06\x00\x00\x00\
\x0bVideo Codec\x07\x00\x00\x00\
\x0dMediaInfoCard\x01\x03\
\x00\x00\x00\x04uk\x8c\xea\x08\x00\x00\x00\x00\x06\x00\x00\
\x00\x0dVideo Quality\x07\
\x00\x00\x00\x0dMediaInfoCar\
d\x01\x03\x00\x00\x00\x1c\x5c\x07O\x9dQ*QH\x98\
\x06^\x8f\x8a-[\x9a\x81\xeaR\xd5\x90xd\xc7}\
\xe8x\xbc\x08\x00\x00\x00\x00\x06\x00\x00\x00EVid\
eo codec will be\
 automatically s\
elected based on\
 priority settin\
gs\x07\x00\x00\x00\x0dMediaInfo\
Card\x01\x03\x00\x00\x00\x1c\x5c\x07O\x9dQ*\
QH\x98\x06^\x8f\x8a-[\x9a\x81\xeaR\xd5\x90x\
d\xc7uk\x8c\xea\x08\x00\x00\x00\x00\x06\x00\x00\x00G\
Video quality wi\
ll be automatica\
lly selected bas\
ed on priority s\
ettings\x07\x00\x00\x00\x0dMedi\
aInfoCard\x01\x03\x00\x00\x00\x04\x8a\
fw\x0b\x08\x00\x00\x00\x00\x06\x00\x00\x00\x07pre\
view\x07\x00\x00\x00\x0dMediaIn\
foCard\x01\x03\x00\x00\x00@\x00{\x00t\
\x00i\x00t\x00l\x00e\x00}\x00 \x00\xb7\x00 \
\x90#}Pc\x07T\x11v\x84_qrGq!\
l\xd5S\xd6_\x97Z\x92\x9a\xd4\x8c\xc7\x8a\x0a\xff\x0c\
]\xf2e9u(kd_qrG\x08\x00\x00\x00\
\x00\x06\x00\x00\x00^{title} \xc2\xb7\
 media info of t\
he video the lin\
k points to is u\
navailable, this\
 one is used ins\
tead\x07\x00\x00\x00\x0dMediaIn\
foCard\x01\x03\x00\x00\x00\x12\x95\xdce\xbc\
Z\x92\x9a\xd4\x90x\x98\x05v\x84\x8a\xaaf\x0e\x08\x00\
\x00\x00\x00\x06\x00\x00\x00\x13About Me\
dia Options\x07\x00\x00\x00\x10\
MediaOptionsCard\
\x01\x03\x00\x00\x00\x06P\xc5\x97\xf3\x8a\x0a\x08\x00\x00\x00\
\x00\x06\x00\x00\x00\x0aAudio Only\
\x07\x00\x00\x00\x10MediaOption\
sCard\x01\x03\x00\x00\x00\x04Qh\x90\xe8\x08\
\x00\x00\x00\x00\x06\x00\x00\x00\x04Both\x07\x00\x00\
\x00\x10MediaOptionsCa\
rd\x01\x03\x00\x00\x00\x16\x90xd\xc7uYN\x0b\
T\xeaN\x00N\xfdS\x9fY\xcbj\x94hH\x08\x00\
\x00\x00\x00\x06\x00\x00\x00\x22Choose w\
hich original fi\
le to keep\x07\x00\x00\x00\x10M\
ediaOptionsCard\x01\
\x03\x00\x00\x00\x1c\x8a-[\x9a_qrG\x82\x07\x97\
\xf3\x8a\x0aN2mAv\x84N\x0b\x8f\x09\x88Lp\
\xba\x08\x00\x00\x00\x00\x06\x00\x00\x007Confi\
gure download be\
havior for video\
 and audio strea\
ms\x07\x00\x00\x00\x10MediaOpti\
onsCard\x01\x03\x00\x00\x00\x10N\x0b\x8f\
\x09shz\xcb\x97\xf3\x8a\x0aN2mA\x08\x00\x00\
\x00\x00\x06\x00\x00\x00 Download \
standalone audio\
 stream\x07\x00\x00\x00\x10Medi\
aOptionsCard\x01\x03\x00\x00\
\x00\x10N\x0b\x8f\x09shz\xcb_qrGN2\
mA\x08\x00\x00\x00\x00\x06\x00\x00\x00 Down\
load standalone \
video stream\x07\x00\x00\x00\
\x10MediaOptionsCar\
d\x01\x03\x00\x00\x00\x04\x8a\xaaf\x0e\x08\x00\x00\x00\x00\
\x06\x00\x00\x00\x0cInstruction\
s\x07\x00\x00\x00\x10MediaOptio\
nsCard\x01\x03\x00\x00\x00\x0cO\xdduY\
S\x9fY\xcbj\x94hH\x08\x00\x00\x00\x00\x06\x00\x00\
\x00\x13Keep original \
files\x07\x00\x00\x00\x10MediaO\
ptionsCard\x01\x03\x00\x00\x00\x1e\
T\x08Ou_\x8c\x98MY\x16O\xdduYT\x08\
OuRMv\x84S\x9fY\xcbj\x94hH\x08\x00\
\x00\x00\x00\x06\x00\x00\x00<Keep the\
 unmerged stream\
 files in additi\
on to the merged\
 one\x07\x00\x00\x00\x10MediaOp\
tionsCard\x01\x03\x00\x00\x00\x08Z\
\x92\x9a\xd4\x90x\x98\x05\x08\x00\x00\x00\x00\x06\x00\x00\x00\
\x0dMedia Options\x07\x00\
\x00\x00\x10MediaOptionsC\
ard\x01\x03\x00\x00\x00\x0eT\x08Ou_qr\
G\x82\x07\x97\xf3\x8a\x0a\x08\x00\x00\x00\x00\x06\x00\x00\x00\
\x15Merge video and\
 audio\x07\x00\x00\x00\x10Media\
OptionsCard\x01\x03\x00\x00\x00\
\x14\x89\x81O\xdduYv\x84S\x9fY\xcbj\x94h\
H\x98^W\x8b\x08\x00\x00\x00\x00\x06\x00\x00\x00\x1aO\
riginal file typ\
e to keep\x07\x00\x00\x00\x10Me\
diaOptionsCard\x01\x03\
\x00\x00\x00\x16P\xc5N\x0b\x8f\x09\x97\xf3\x8a\x0afB\
\x8a\xcb\x95\xdc\x95\x89kd\x98\x05\x08\x00\x00\x00\x00\x06\
\x00\x00\x00.Turn this of\
f to download th\
e audio track on\
ly\x07\x00\x00\x00\x10MediaOpti\
onsCard\x01\x03\x00\x00\x00\x1a\x95\xdc\x95\
\x89_\x8cN\x0b\x8f\x09v\x84_qrGg\x03l\
\x92g\x09\x80r\x97\xf3\x08\x00\x00\x00\x00\x06\x00\x00\x00\
3Turning this of\
f leaves the dow\
nloaded video si\
lent\x07\x00\x00\x00\x10MediaOp\
tionsCard\x01\x03\x00\x00\x00\x1e\x95\
\xdc\x95\x89_\x8c_qrGT\x8c\x97\xf3\x8a\x0ag\
\x03[Xb\x10QiP\x0bj\x94hH\x08\x00\x00\
\x00\x00\x06\x00\x00\x00<Turning t\
his off saves vi\
deo and audio as\
 two separate fi\
les\x07\x00\x00\x00\x10MediaOpt\
ionsCard\x01\x03\x00\x00\x00\x06P\xc5\
_qrG\x08\x00\x00\x00\x00\x06\x00\x00\x00\x0aVi\
deo Only\x07\x00\x00\x00\x10Med\
iaOptionsCard\x01\x03\x00\
\x00\x00fg*U_u(0\x0cT\x08Ou_\
qrG\x82\x07\x97\xf3\x8a\x0a0\x0d\xff\x0c\x5c\x07R\
\x06R%N\x0b\x8f\x09QiP\x0bshz\xcbj\
\x94hH0\x02\x00\x0a\x00\x0aY\x82\x97\x00U\xaeN\
\x00[\x8cet_qrGj\x94hH\xff\x0c\x8a\
\xcbR\xfe\x90x0\x0cT\x08Ou_qrG\x82\
\x07\x97\xf3\x8a\x0a0\x0d0\x02\x08\x00\x00\x00\x00\x06\x00\
\x00\x00\xab\x22Merge video \
and audio\x22 is di\
sabled. Video an\
d audio will be \
downloaded as tw\
o separate files\
.\x0a\x0aTo get a sing\
le complete vide\
o file, please e\
nable \x22Merge vid\
eo and audio\x22.\x07\x00\
\x00\x00\x11MediaSettings\
Page\x01\x03\x00\x00\x00^P\xc5N\x0b\x8f\x09\
_qrGN2mA\x5c\x07\x5c\x0e\x81\xf4_q\
rGl\x92g\x09\x80r\x97\xf30\x02\x00\x0a\x00\x0a\
\x82\xe5x\xba[\xe6\x97\x00\x89\x81q!\x80r_q\
rG\xff\x0cS\xef~|~\x8cd\xcdO\x5c\xff\x1b\
T&RG\x8a\xcbT\x0cfBR\xfe\x90x\x97\xf3\
\x8a\x0aN2mA0\x02\x08\x00\x00\x00\x00\x06\x00\x00\
\x00\xa8Downloading vi\
deo only will re\
sult in a silent\
 video.\x0a\x0aIf you \
intentionally ne\
ed a video witho\
ut audio, you ma\
y proceed. Other\
wise, please als\
o enable the aud\
io stream.\x07\x00\x00\x00\x11M\
ediaSettingsPage\
\x01\x03\x00\x00\x00\x08\x91\xcd\x89\x81c\xd0y:\x08\x00\
\x00\x00\x00\x06\x00\x00\x00\x10Importan\
t Notice\x07\x00\x00\x00\x11Med\
iaSettingsPage\x01\x03\
\x00\x00\x00\x12\x8a\xbfetQCexd\xdaN\x0b\
\x8f\x09\x8a-[\x9a\x08\x00\x00\x00\x00\x06\x00\x00\x00!\
Adjust metadata \
download setting\
s\x07\x00\x00\x00\x13MetadataSe\
ttingCard\x01\x03\x00\x00\x00\x0aN\
\x0b\x8f\x09QCexd\xda\x08\x00\x00\x00\x00\x06\x00\
\x00\x00\x11Download Meta\
data\x07\x00\x00\x00\x13Metadat\
aSettingCard\x01\x03\x00\x00\
\x00\x0eQCexd\xdaN\x0b\x8f\x09\x8a-[\x9a\
\x08\x00\x00\x00\x00\x06\x00\x00\x00\x1aMetada\
ta Download Sett\
ings\x07\x00\x00\x00\x13Metadat\
aSettingCard\x01\x03\x00\x00\
\x00\x0aQCexd\xdah<_\x0f\x08\x00\x00\x00\
\x00\x06\x00\x00\x00\x0fMetadata F\
ormat\x07\x00\x00\x00\x13Metada\
taSettingCard\x01\x03\x00\
\x00\x00\x10g\x09\x95\xdckd\x90x\x98\x05v\x84\x8a\
\xaaf\x0e\x08\x00\x00\x00\x00\x06\x00\x00\x00\x11Abo\
ut this option\x07\x00\
\x00\x00\x16MonitorClipbo\
ardDialog\x01\x03\x00\x00\x00\x16\x81\
\xeaR\xd5\x98oy:N\x0b\x8f\x09x\xba\x8a\x8d\x5c\
\x0d\x8aqhF\x08\x00\x00\x00\x00\x06\x00\x00\x00/A\
utomatically Sho\
w Download Confi\
rmation Dialog\x07\x00\
\x00\x00\x16MonitorClipbo\
ardDialog\x01\x03\x00\x00\x00\x04\x8a\
\xaaf\x0e\x08\x00\x00\x00\x00\x06\x00\x00\x00\x0cIns\
tructions\x07\x00\x00\x00\x16Mo\
nitorClipboardDi\
alog\x01\x03\x00\x00\x00\x0av\xe3c\xa7Rj\
\x8c\xbc|?\x08\x00\x00\x00\x00\x06\x00\x00\x00\x11Mo\
nitor Clipboard\x07\
\x00\x00\x00\x16MonitorClipb\
oardDialog\x01\x03\x00\x00\x00\x0e\
Rj\x8c\xbc|?v\xe3c\xa7\x8a-[\x9a\x08\x00\
\x00\x00\x00\x06\x00\x00\x00\x1aMonitor \
Clipboard Settin\
gs\x07\x00\x00\x00\x16MonitorCl\
ipboardDialog\x01\x03\x00\
\x00\x00\x14\x95\xdc\x00 \x00-\x00 N\x0dv\xe3c\
\xa7Rj\x8c\xbc|?\x08\x00\x00\x00\x00\x06\x00\x00\x00\
\x1eOff - Do not mo\
nitor clipboard\x07\
\x00\x00\x00\x16MonitorClipb\
oardDialog\x01\x03\x00\x00\x00\x14\
\x95\xdc\x00 \x00-\x00 N\x0d\x98oy:\x5c\x0d\
\x8aqhF\x08\x00\x00\x00\x00\x06\x00\x00\x00\x1cOf\
f - Do not show \
the dialog\x07\x00\x00\x00\x16M\
onitorClipboardD\
ialog\x01\x03\x00\x00\x00\x1e\x95\x8b\x00 \x00\
-\x00 \x89\x07\x88\xfd\x90#}PfB\x81\xeaR\
\xd5\x95\x8bY\xcb\x89\xe3g\x90\x08\x00\x00\x00\x00\x06\x00\
\x00\x006On - Automati\
cally start pars\
ing when a link \
is copied\x07\x00\x00\x00\x16Mo\
nitorClipboardDi\
alog\x01\x03\x00\x00\x00\x1c\x95\x8b\x00 \x00-\
\x00 \x89\xe3g\x90\x90#}P_\x8c\x98oy:\
\x5c\x0d\x8aqhF\x08\x00\x00\x00\x00\x06\x00\x00\x00)\
On - Show the di\
alog after parsi\
ng a link\x07\x00\x00\x00\x16Mo\
nitorClipboardDi\
alog\x01\x03\x00\x00\x00xkdR\x9f\x80\xfd\
\x97\x00\x89\x81\x82\x070\x0c\x81\xeaR\xd5\x90xN-\
N\x0b\x8f\x09\x98\x05\x8a-[\x9a0\x0d\x91MT\x08\
O\x7fu(0\x02U_u(_\x8c\xff\x0cY\x82\
g\x9c\x89\xe3g\x90[\x8cb\x10fBR\x17\x88h\
N-l\x92g\x09N\xfbOU\x88\xab\x90xN-\
v\x84\x98\x05v\xee\xff\x0c\x5c\x07N\x0dg\x03_H\
Q\xfaN\x0b\x8f\x09x\xba\x8a\x8d\x5c\x0d\x8aqhF\
0\x02\x08\x00\x00\x00\x00\x06\x00\x00\x00\xe3This\
 feature needs t\
o be used in con\
junction with th\
e \x22Automatic Dow\
nload Item Selec\
tion Settings\x22. \
When enabled, if\
 no items are se\
lected in the li\
st after parsing\
 is complete, th\
e download confi\
rmation dialog w\
ill not pop up.\x07\
\x00\x00\x00\x16MonitorClipb\
oardDialog\x01\x03\x00\x00\x00\x04\
Qh\x90x\x08\x00\x00\x00\x00\x06\x00\x00\x00\x09Ch\
eck All\x07\x00\x00\x00\x14Mult\
iPartListsDialog\
\x01\x03\x00\x00\x00\x0cN\x0b\x8f\x09b@\x90x\x98\x05\
v\xee\x08\x00\x00\x00\x00\x06\x00\x00\x00\x17Down\
load Selected It\
ems\x07\x00\x00\x00\x14MultiPar\
tListsDialog\x01\x03\x00\x00\
\x00\x04fB\x95w\x08\x00\x00\x00\x00\x06\x00\x00\x00\x08\
Duration\x07\x00\x00\x00\x14Mul\
tiPartListsDialo\
g\x01\x03\x00\x00\x00\x0cR\x06\x00P_qrGR\
\x17\x88h\x08\x00\x00\x00\x00\x06\x00\x00\x00\x15Mul\
ti-part video li\
st\x07\x00\x00\x00\x14MultiPart\
ListsDialog\x01\x03\x00\x00\x00\
\x04^\x8f\x86_\x08\x00\x00\x00\x00\x06\x00\x00\x00\x03N\
o.\x07\x00\x00\x00\x14MultiPart\
ListsDialog\x01\x03\x00\x00\x00\
\x04j\x19\x98L\x08\x00\x00\x00\x00\x06\x00\x00\x00\x05T\
itle\x07\x00\x00\x00\x14MultiPa\
rtListsDialog\x01\x03\x00\
\x00\x00P]\xf2\x90xS\xd6\x00 \x00{\x00s\x00\
e\x00l\x00e\x00c\x00t\x00e\x00d\x00_\x00\
c\x00o\x00u\x00n\x00t\x00}\x00 \x98\x05\xff\
\x0cQq\x00 \x00{\x00t\x00o\x00t\x00a\x00\
l\x00_\x00c\x00o\x00u\x00n\x00t\x00}\x00\
 \x98\x05\x08\x00\x00\x00\x00\x06\x00\x00\x00.{se\
lected_count} se\
lected, {total_c\
ount} total\x07\x00\x00\x00\x14\
MultiPartListsDi\
alog\x01\x03\x00\x00\x00\x22Qq\x00 \x00{\
\x00t\x00o\x00t\x00a\x00l\x00_\x00c\x00o\
\x00u\x00n\x00t\x00}\x00 \x98\x05\x08\x00\x00\x00\
\x00\x06\x00\x00\x00\x13{total_cou\
nt} total\x07\x00\x00\x00\x14Mu\
ltiPartListsDial\
og\x01\x03\x00\x00\x00\x08T}T\x0d\x89\x8fRG\
\x08\x00\x00\x00\x00\x06\x00\x00\x00\x11Naming\
 Convention\x07\x00\x00\x00\x1d\
MultiTypeNamingC\
onventionCard\x01\x03\x00\
\x00\x00\x06N\x0dS\xefu(\x08\x00\x00\x00\x00\x06\x00\
\x00\x00\x0dNot available\
\x07\x00\x00\x00\x1dMultiTypeNa\
mingConventionCa\
rd\x01\x03\x00\x00\x00tg,k!N\x0b\x8f\x09\
S\x05T+Y\x1az.Qg[\xb9\x98^W\x8b\
\xff\x0c\x8a\xcbp\xbak\xcfz.\x98^W\x8bR\x06\
R%\x90xd\xc7T}T\x0d\x89\x8fRG0\x02\
Y\x82\x97\x00e\xb0X\x9eb\x16O\xeee9\x89\x8f\
RG\xff\x0c\x8a\xcbRM_\x80\x00 \x8a-[\x9a\
\x00 !\x92\x00 j\x94hHT}T\x0d\x00 \
!\x92\x00 T}T\x0d\x89\x8fRG\x08\x00\x00\x00\
\x00\x06\x00\x00\x00\x95This batch\
 contains multip\
le content types\
, choose a namin\
g rule for each.\
 To add or edit \
rules, go to Set\
tings \xe2\x86\x92 File n\
aming \xe2\x86\x92 Naming\
 Convention\x07\x00\x00\x00\x1d\
MultiTypeNamingC\
onventionCard\x01\x03\x00\
\x00\x03zN\xe5\x89\x96\x89\xbaS\x16e\xb9_\x0f^\
\xfaz\xcbv\xee\x93\x04}Pi\xcb\x82\x07j\x94h\
HT\x0dz1\xff\x1ak\xcfN\x00R\x17f/N\
\x00P\x0bv\xee\x93\x04\x5cd}\x1a\xff\x0cg\x00_\
\x8cN\x00R\x17f/j\x94hHT\x0dz10\
\x02\x00\x0a\x00\x0aW\xfag,u(l\xd5\xff\x1a\x00\
\x0a\x001\x00.\x00 k\xcfN\x00R\x17u1\x82\
\xe5^rrGk\xb5}Db\x10\xff\x0crGk\
\xb5S\xefN\xe5f/N\x00P\x0b\x8b\x8aex\xff\
\x0cN_S\xefN\xe5f/N\x00k\xb5}\x14e\
\x87[W0\x02\x00\x0a\x002\x00.\x00 \x9e\xded\
\xcarGk\xb5SsS\xefO\xeee9[\x83v\
\x84\x8b\x8aex0\x01h<_\x0f0\x01RM}\
\xb4\x82\x07_\x8c}\xb40\x02\x00\x0a\x003\x00.\x00\
 RM}\xb4\x82\x07_\x8c}\xb4g\x03\x96\xa8\x8b\
\x8aexN\x00\x8dwm\x88Y10\x02N\x00h\
\x9d\x89\x8fRGNKb@N\xe5\x80\xfdT\x0cf\
B\x90iu(e\xbcU\xae\x00P\x82\x07Y\x1a\x00\
P_qrG\xff\x0c\x97`v\x84kcf/\x90\
\x19N\x00\x9e\xde\xff\x1aRM}\xb4Xk\x00  \
\x1c\x00P \x1d0\x01_\x8c}\xb4Xk\x00  \
\x1c\x00- \x1d\xff\x0cY\x1a\x00P\x98\x05v\xeeg\
\x03_\x97R0\x00  \x1c\x00P\x000\x001\x00\
-R\x06\x00Pj\x19\x98L \x1d\xff\x0c\x80\x0cU\
\xaeP\x0b_qrG\x5c1S\xeaf/\x00  \
\x1cj\x19\x98L \x1d0\x02\x00\x0a\x004\x00.\x00\
 Qg[\xb9p\xbazzv\x84v\xee\x93\x04\x5c\
dg\x03\x88\xab\x81\xeaR\xd5ue\x90N\xff\x0cV\
\xe0kdN\x0d_\xc5\x5c\x07\x5cd}\x1aj\x19\x8a\
\x18p\xbaS\xef\x90x0\x02\x00\x0a\x005\x00.\x00\
 Roj\x94T\x0d\xff\x08\x00.\x00m\x00p\x00\
40\x01\x00.\x00m\x004\x00a\x00 {I\xff\
\x09u1z\x0b_\x0f\x81\xeaR\xd5\x88\xdcN\x0a\xff\
\x0c\x8a\xcbR\xff[\xeb\x902\x89\x8fRG\x88\xe10\
\x02\x00\x0a\x00\x0a\x98\x10\x89\xbdg\x03\x5c\x07T\x0cN\
\x00h\x9d\x89\x8fRGR\x06R%YWu(R\
0U\xaeP\x0b_qrG0\x01Y\x1a\x00P_\
qrG\x82\x07T\x08\x96\xc6N\x0aN&c\x92\x98\
oy:\xff\x0cd\xdakdS\xefN\xe5w\x0bQ\
\xfaT\xeaN\x9brGk\xb5W(T\xeaz.`\
\xc5l\xc1N\x0bg\x03e6T\x080\x02\x00\x0a\x00\
\x0a\x902\x96\x8eS@W\xdfN\xe5e\x87[W_\
b_\x0f\x98oy:\x89\x8fRG0\x02W(\x90\
\xa3\x88\xe1\xff\x0c^6RM}\xb4b\x16_\x8c}\
\xb4v\x84rGk\xb5[\xebO\x5cS\xef\x90xk\
\xb5\xff\x0cO\x8bY\x82\x00 \x00<\x00P\x00{\x00\
p\x00:\x000\x002\x00d\x00}\x00-\x00>\xff\
\x1bk\xb5QgN\xfbN\x00\x8b\x8aexS\xd6z\
zP<fB\xff\x0cetk\xb5\x90\xfdg\x03\x88\
\xabchh\xc40\x02 \x1c\x00< \x1d\x00 \x82\
\x07\x00  \x1c\x00> \x1d\x00 f/p\xbak\
dO\xdduYv\x84[WQC\xff\x0c[\x83P\
\x11g,O\x86N_N\x0d\x80\xfdQ\xfas\xfeW\
(j\x94hHT\x0dz1N-0\x02\x00\x0a\x00\
\x0af\xf4Y\x1a\x902\x96\x8eu(l\xd5\x8a\xcbS\
\xc3\x95\xb1\x8a\xaaf\x0ee\x87N\xf60\x02\x08\x00\x00\
\x00\x00\x06\x00\x00\x04\xe5Build the\
 folder structur\
e and file name \
visually: each r\
ow is one folder\
 level, and the \
last row is the \
file name.\x0a\x0aBasi\
cs:\x0a1. A row hol\
ds a sequence of\
 fragments. A fr\
agment is either\
 a variable or a\
 piece of plain \
text.\x0a2. Click a\
 fragment to cha\
nge its variable\
, format, prefix\
 and suffix.\x0a3. \
A prefix or suff\
ix disappears to\
gether with its \
variable. This i\
s what lets one \
rule fit both si\
ngle-part and mu\
lti-part videos:\
 with the prefix\
 \x22P\x22 and the suf\
fix \x22-\x22, a multi\
-part item becom\
es \x22P01-Part Tit\
le\x22, while a sin\
gle video is jus\
t \x22Title\x22.\x0a4. A \
folder level tha\
t ends up empty \
is skipped autom\
atically, so the\
re is no need to\
 mark levels as \
optional.\x0a5. Fil\
e extensions (.m\
p4, .m4a, etc.) \
are added automa\
tically - don't \
include them.\x0a\x0aT\
he preview shows\
 the same rule a\
pplied to a sing\
le video, a mult\
i-part video and\
 a collection si\
de by side, so y\
ou can see which\
 fragments colla\
pse in which cas\
e.\x0a\x0aThe advanced\
 section shows t\
he rule as text.\
 There, a fragme\
nt with a prefix\
 or suffix is wr\
itten as an opti\
onal segment, fo\
r example <P{p:0\
2d}->. Everythin\
g inside is drop\
ped when any var\
iable in it has \
no value. \x22<\x22 an\
d \x22>\x22 are reserv\
ed for this purp\
ose and cannot a\
ppear in file na\
mes anyway.\x0a\x0aFor\
 advanced usage,\
 see the help do\
cumentation.\x07\x00\x00\x00\
\x11NAMING_RULE_GUI\
DE\x01\x03\x00\x00\x02hkd\x8a-[\x9ag\x03\
_q\x97\xffT}T\x0d\x89\x8fRGN-\x00 \
\x00{\x00n\x00u\x00m\x00b\x00e\x00r\x00}\
\x00 \x8b\x8aexv\x84S\xd6P<0\x02z\x0b\
_\x0f\x98\x10\x8a-v\x84T}T\x0d\x89\x8fRG\
g*S\x05T+\x00 \x00{\x00n\x00u\x00m\
\x00b\x00e\x00r\x00}\xff\x0c\x82\xe5\x97\x00O\x7f\
u(}\xe8\x86_\xff\x0c\x8a\xcbQH\x5c\x07Qv\
R\xa0QeT}T\x0d\x89\x8fRGN-0\x02\
\x00\x0a\x00\x0a0\x0c}\xe8\x86_e\xb9_\x0f0\x0d\
T\x04\x90x\x98\x05v\x84T+\x7f\xa9Y\x82N\x0b\
\xff\x1a\x00\x0a\x001\x00.\x00 k\xcfbyk!\
u1\x001\x95\x8bY\xcb\x98\x06^\x8f}\xe8\x86_\
\xff\x1ak\xcfk!\x95\x8bY\xcbe\xb0N\x0b\x8f\x09\
N\xfbR\xd9fB\xff\x0c}\xe8\x86_v\x86_\x9e\
\x001\x95\x8bY\xcb\x91\xcde\xb0\x8a\x08{\x970\x02\
\x90iu(e\xbc\x97\x00c\x09byk!sh\
z\xcb}\xe8\x86_v\x84`\xc5X\x830\x02\x00\x0a\
\x00\x0a\x002\x00.\x00 O\x7fu(\x89\xe3g\x90\
n\x05U\xaeN-v\x84^\x8f\x86_\xff\x1a}\xe8\
\x86_v\xf4c\xa5l\xbfu(\x89\xe3g\x90n\x05\
U\xaeN-v\x84S\x9fY\xcbOM\x7fn\xff\x0c\
N\x0dg\x03V\xe0N\x0b\x8f\x09\x98\x06^\x8f\x80\x0c\
e9\x8b\x8a0\x02O\x8bY\x82\xff\x0cn\x05U\xae\
N-{,\x00 \x0030\x01\x0050\x01\x006\
\x00 \x98\x05\xff\x0c}\xe8\x86_Ssp\xba\x00 \
\x0030\x01\x0050\x01\x0060\x02\x90iu(\
e\xbc^\x0cg\x1b}\xe8\x86_\x82\x07\x89\xe3g\x90\
}Pg\x9cO\xddc\x01N\x00\x81\xf4v\x84`\xc5\
X\x830\x02\x00\x0a\x00\x0a\x003\x00.\x00 Qh\
W\xdf\x98\x06^\x8f}\xe8\x86_\xff\x1ab@g\x09\
N\x0b\x8f\x09Qg[\xb9Qqu(N\x00YW\
\x90#~\x8c\x90^X\x9ev\x84}\xe8\x86_\xff\x0c\
N\x0dS@R\x06|\xfbR\x17b\x16byk!\
0\x02O\x8bY\x82\xff\x0cv\xeeRM]\xf2N\x0b\
\x8f\x09\x81\xf3\x00 \x005\xff\x0cN\x0bN\x00P\x0b\
}\xe8\x86_Ssp\xba\x00 \x0060\x02\x90i\
u(e\xbc^\x0cg\x1bQhW\xdfO\xddc\x01\
\x90#~\x8c}\xe8\x86_v\x84`\xc5X\x830\x02\
\x08\x00\x00\x00\x00\x06\x00\x00\x04@This s\
etting affects t\
he value of the \
{number} variabl\
e in the naming \
rule. By default\
, the program\xe2\x80\x99\
s preset naming \
rule does not in\
clude {number}. \
If you want to u\
se numbering, pl\
ease add {number\
} to your naming\
 rule first.\x0a\x0aTh\
e meaning of eac\
h \x22Numbering Mod\
e\x22 option is as \
follows:\x0a1. Sequ\
ential numbering\
 starting from 1\
 per batch: Ever\
y time a new dow\
nload task begin\
s, numbering res\
tarts from 1. Su\
itable for scena\
rios where each \
batch should hav\
e independent nu\
mbering.\x0a\x0a2. Use\
 the index from \
the parsed list:\
 The numbering d\
irectly reflects\
 the original po\
sition in the pa\
rsed list and wo\
n\xe2\x80\x99t change bas\
ed on download o\
rder. For exampl\
e, items at posi\
tions 3, 5, and \
6 in the list wi\
ll be numbered 3\
, 5, and 6 respe\
ctively. Suitabl\
e when you want \
numbering to mat\
ch the parsing r\
esult exactly.\x0a\x0a\
3. Global sequen\
tial numbering: \
All downloaded i\
tems share a sin\
gle continuously\
 incrementing se\
quence, regardle\
ss of series or \
batch. For examp\
le, if the last \
downloaded item \
was numbered 5, \
the next one wil\
l be 6. Suitable\
 for maintaining\
 a globally cont\
inuous numbering\
 sequence.\x07\x00\x00\x00\x0fN\
UMBERING_GUIDE\x01\x03\
\x00\x00\x00V\x90xd\xc7N\x0b\x8f\x09fBO\x7f\
u(v\x84T}T\x0d\x89\x8fRG0\x02Y\x82\
\x97\x00e\xb0X\x9eb\x16O\xeee9\x89\x8fRG\
\xff\x0c\x8a\xcbRM_\x80\x00 \x8a-[\x9a\x00 \
!\x92\x00 j\x94hHT}T\x0d\x00 !\x92\
\x00 T}T\x0d\x89\x8fRG\x08\x00\x00\x00\x00\x06\
\x00\x00\x00zChoose the n\
aming rule to us\
e when downloadi\
ng. To add or ed\
it rules, go to \
Settings \xe2\x86\x92 Fil\
e naming \xe2\x86\x92 Nam\
ing Convention\x07\x00\
\x00\x00\x14NamingConvent\
ionCard\x01\x03\x00\x00\x00\x1akd\x98\
^Z\x92\x9a\xd4N\x0dc\xd0O\x9b\x81\xea\x8a\x02T\
}T\x0d\x89\x8fRG\x08\x00\x00\x00\x00\x06\x00\x00\x00\
<Custom naming r\
ules are not ava\
ilable for this \
type of media\x07\x00\x00\
\x00\x14NamingConventi\
onCard\x01\x03\x00\x00\x00\x08T}T\x0d\
\x89\x8fRG\x08\x00\x00\x00\x00\x06\x00\x00\x00\x11Na\
ming Convention\x07\
\x00\x00\x00\x14NamingConven\
tionCard\x01\x03\x00\x00\x00\x06N\x0d\
S\xefu(\x08\x00\x00\x00\x00\x06\x00\x00\x00\x0dNo\
t available\x07\x00\x00\x00\x14\
NamingConvention\
Card\x01\x03\x00\x00\x00\x12\x95\xdce\xbc}\xe8\
\x86_\x8a-\x7fnv\x84\x8a\xaaf\x0e\x08\x00\x00\x00\
\x00\x06\x00\x00\x00\x18About Numb\
ering Settings\x07\x00\
\x00\x00\x11NumberSetting\
Card\x01\x03\x00\x00\x00\x22\x8a-[\x9a\x00 \
\x00{\x00n\x00u\x00m\x00b\x00e\x00r\x00}\
\x00 \x8b\x8aexv\x84h<_\x0f\x08\x00\x00\x00\
\x00\x06\x00\x00\x000Configure \
how the {number}\
 variable is for\
matted\x07\x00\x00\x00\x11Numbe\
rSettingCard\x01\x03\x00\x00\
\x00\x14\x81\xea\x8a\x02QhW\xdf\x98\x06^\x8f\x8dw\
Y\xcb}\xe8\x86_\x08\x00\x00\x00\x00\x06\x00\x00\x00+\
Customize Global\
 Sequential Star\
ting Number\x07\x00\x00\x00\x11\
NumberSettingCar\
d\x01\x03\x00\x00\x00\x06\x81\xea\x8a\x02 &\x08\x00\x00\
\x00\x00\x06\x00\x00\x00\x0cCustomize\
\xe2\x80\xa6\x07\x00\x00\x00\x11NumberSe\
ttingCard\x01\x03\x00\x00\x00\x10Q\
hW\xdf\x98\x06^\x8f\x8dwY\xcb}\xe8\x86_\x08\
\x00\x00\x00\x00\x06\x00\x00\x00!Global \
Sequential Start\
ing Number\x07\x00\x00\x00\x11N\
umberSettingCard\
\x01\x03\x00\x00\x00\x0cQhW\xdf\x98\x06^\x8f}\xe8\
\x86_\x08\x00\x00\x00\x00\x06\x00\x00\x00\x1bGlob\
al sequential nu\
mbering\x07\x00\x00\x00\x11Numb\
erSettingCard\x01\x03\x00\
\x00\x00\x04\x8a\xaaf\x0e\x08\x00\x00\x00\x00\x06\x00\x00\x00\
\x0cInstructions\x07\x00\x00\
\x00\x11NumberSettingC\
ard\x01\x03\x00\x00\x00\x08}\xe8\x86_\x8a-[\
\x9a\x08\x00\x00\x00\x00\x06\x00\x00\x00\x09Numbe\
ring\x07\x00\x00\x00\x11NumberS\
ettingCard\x01\x03\x00\x00\x00\x08\
}\xe8\x86_e\xb9_\x0f\x08\x00\x00\x00\x00\x06\x00\x00\
\x00\x0eNumbering Mode\
\x07\x00\x00\x00\x11NumberSetti\
ngCard\x01\x03\x00\x00\x000\x90xd\xc7\
\x00 \x00{\x00n\x00u\x00m\x00b\x00e\x00r\
\x00}\x00 \x8b\x8aexv\x84h<_\x0f\x8a-\
[\x9aS\xca\x90^X\x9ee\xb9_\x0f\x08\x00\x00\x00\
\x00\x06\x00\x00\x00=Select how\
 the {number} va\
riable is format\
ted and incremen\
ted\x07\x00\x00\x00\x11NumberSe\
ttingCard\x01\x03\x00\x00\x00\x16k\
\xcfbyk!u1\x001\x95\x8bY\xcb\x98\x06^\
\x8f}\xe8\x86_\x08\x00\x00\x00\x00\x06\x00\x00\x00.S\
equential number\
ing starting fro\
m 1 per batch\x07\x00\x00\
\x00\x11NumberSettingC\
ard\x01\x03\x00\x00\x002\x8a-[\x9aQhW\
\xdf\x98\x06^\x8fv\x84\x8dwY\xcb}\xe8\x86_\xff\
\x0cv\xeeRMP<\xff\x1a\x00{\x00c\x00u\x00\
r\x00r\x00e\x00n\x00t\x00}\x08\x00\x00\x00\x00\
\x06\x00\x00\x009Set global \
sequential start\
ing number. Curr\
ent: {current}\x07\x00\
\x00\x00\x11NumberSetting\
Card\x01\x03\x00\x00\x00\x14O\x7fu(\x89\xe3\
g\x90n\x05U\xaeN-v\x84^\x8f\x86_\x08\x00\
\x00\x00\x00\x06\x00\x00\x00!Use the \
index from the p\
arse list\x07\x00\x00\x00\x11Nu\
mberSettingCard\x01\
\x03\x00\x00\x000x\xba[\x9a\x89\x81\x5c\x07b@g\
\x09\x8a-[\x9a`b_\xa9p\xba\x98\x10\x8a-P\
<U\xce\xff\x1fkdd\xcdO\x5cq!l\xd5_\
\xa9S\x9f0\x02\x08\x00\x00\x00\x00\x06\x00\x00\x00bA\
re you sure you \
want to reset al\
l settings to th\
eir default valu\
es? This action \
cannot be undone\
.\x07\x00\x00\x00\x18OtherAdvan\
cedSettingCard\x01\x03\
\x00\x00\x00\x0a\x91M\x7fnj\x94\x8a-[\x9a\x08\x00\
\x00\x00\x00\x06\x00\x00\x00\x14Config F\
ile Settings\x07\x00\x00\x00\
\x18OtherAdvancedSe\
ttingCard\x01\x03\x00\x00\x00\x18\x8a\
-[\x9aj\x94\x00 \x00(\x00*\x00.\x00j\x00\
s\x00o\x00n\x00)\x08\x00\x00\x00\x00\x06\x00\x00\x00\
\x15Config Files (*\
.json)\x07\x00\x00\x00\x18Other\
AdvancedSettingC\
ard\x01\x03\x00\x00\x00\x04\x91M\x7fn\x08\x00\x00\
\x00\x00\x06\x00\x00\x00\x09Configure\
\x07\x00\x00\x00\x18OtherAdvanc\
edSettingCard\x01\x03\x00\
\x00\x00\x10\x91M\x7fnQvN\xd6\x902\x96\x8e\x8a\
-[\x9a\x08\x00\x00\x00\x00\x06\x00\x00\x00!Con\
figure other adv\
anced settings\x07\x00\
\x00\x00\x18OtherAdvanced\
SettingCard\x01\x03\x00\x00\x00\
\x1a\x81\xea\x8a\x02\x00 \x00U\x00s\x00e\x00r\x00\
-\x00A\x00g\x00e\x00n\x00t\x08\x00\x00\x00\x00\
\x06\x00\x00\x00\x11Custom User\
-Agent\x07\x00\x00\x00\x18Other\
AdvancedSettingC\
ard\x01\x03\x00\x00\x00\x06\x81\xea\x8a\x02 &\x08\
\x00\x00\x00\x00\x06\x00\x00\x00\x0cCustomi\
ze\xe2\x80\xa6\x07\x00\x00\x00\x18OtherA\
dvancedSettingCa\
rd\x01\x03\x00\x00\x00\x08S/Q\xfa\x8a-[\x9a\
\x08\x00\x00\x00\x00\x06\x00\x00\x00\x0dExport\
 Config\x07\x00\x00\x00\x18Othe\
rAdvancedSetting\
Card\x01\x03\x00\x00\x00\x0aS/Q\xfa\x8a-\
[\x9aj\x94\x08\x00\x00\x00\x00\x06\x00\x00\x00\x12Ex\
port Config File\
\x07\x00\x00\x00\x18OtherAdvanc\
edSettingCard\x01\x03\x00\
\x00\x00\x08S/Qe\x8a-[\x9a\x08\x00\x00\x00\x00\
\x06\x00\x00\x00\x0dImport Conf\
ig\x07\x00\x00\x00\x18OtherAdva\
ncedSettingCard\x01\
\x03\x00\x00\x00\x0aS/Qe\x8a-[\x9aj\x94\x08\
\x00\x00\x00\x00\x06\x00\x00\x00\x12Import \
Config File\x07\x00\x00\x00\x18\
OtherAdvancedSet\
tingCard\x01\x03\x00\x00\x00\x1eS/\
Qe\x00/S/Q\xfa\x91M\x7fnj\x94b\x16\
\x91\xcd\x8a-p\xba\x98\x10\x8a-P<\x08\x00\x00\x00\
\x00\x06\x00\x00\x006Import/exp\
ort configuratio\
n files or reset\
 to defaults\x07\x00\x00\x00\
\x18OtherAdvancedSe\
ttingCard\x01\x03\x00\x00\x00\x0c\x95\
\x8bU_\x8a-[\x9av\xee\x93\x04\x08\x00\x00\x00\x00\
\x06\x00\x00\x00\x15Open Config\
 Directory\x07\x00\x00\x00\x18O\
therAdvancedSett\
ingCard\x01\x03\x00\x00\x00\x0cQvN\
\xd6\x902\x96\x8e\x8a-[\x9a\x08\x00\x00\x00\x00\x06\x00\
\x00\x00\x17Other Advance\
d Settings\x07\x00\x00\x00\x18O\
therAdvancedSett\
ingCard\x01\x03\x00\x00\x00\x08\x91\xcd\x8a\
-\x8a-[\x9a\x08\x00\x00\x00\x00\x06\x00\x00\x00\x0cR\
eset Config\x07\x00\x00\x00\x18\
OtherAdvancedSet\
tingCard\x01\x03\x00\x00\x00.p\xba\
}\xb2\x8d\xef\x8a\xcblB\x8a-[\x9a\x81\xea\x8a\x02\
\x00 \x00U\x00s\x00e\x00r\x00-\x00A\x00g\
\x00e\x00n\x00t\x00 [WN2\x08\x00\x00\x00\
\x00\x06\x00\x00\x003Set a cust\
om User-Agent st\
ring for network\
 requests\x07\x00\x00\x00\x18Ot\
herAdvancedSetti\
ngCard\x01\x03\x00\x00\x01B\x98\x10QH\
R\x06\x91Mj\x94hHzz\x95\x93S\xefc\xd0\
SGN\x0b\x8f\x09eH\x80\xfd\xff\x0cryR%\
f/W(N\x0b\x8f\x09Y'W\x8bj\x94hH\
fB0\x02U_u(_\x8c\xff\x0cz\x0b_\x0f\
g\x03W(N\x0b\x8f\x09\x95\x8bY\xcbRMQH\
p\xbaj\x94hH\x98\x10uYb@\x97\x00x\xc1\
x\x9fzz\x95\x93\xff\x0cn\x1b\x5c\x11N\x0b\x8f\x09\
\x90Nz\x0bN-V\xe0S\xcd\x89\x86d\xf4\x5cU\
j\x94hHb@\x90 b\x10v\x84eH\x80\xfd\
d\x0d\x80\x17\xff\x0cN&\x96MONx\xc1x\x9f\
x\x8erGS\x16v\x84_q\x97\xff0\x02\x00\x0a\
\x00\x0al\xe8a\x0f\xff\x1a\x82\xe5N\x0b\x8f\x09\x8d\xef\
_\x91OMe\xbc\x96\xa8\x8e\xabx\x9f{IY\x16\
\x90\xe8Q2[X\x88\xdd\x7fn\xff\x0cN\x14Qv\
j\x94hH|\xfb}qN\x0de/c\xf4z\x00\
u\x8fj\x94hH\xff\x08O\x8bY\x82\x00 \x00F\
\x00A\x00T\x003\x0020\x01\x00e\x00x\x00F\
\x00A\x00T\xff\x09\xff\x0c\x8a\xcb\x95\xdc\x95\x89kd\
R\x9f\x80\xfd\xff\x0cT&RGS\xef\x80\xfd\x5c\x0e\
\x81\xf4z\x0b_\x0fq!V\xdea\xc90\x02\x08\x00\
\x00\x00\x00\x06\x00\x00\x02\x15Prealloc\
ating file space\
 can improve dow\
nload performanc\
e, especially fo\
r large files. W\
hen enabled, the\
 program will al\
locate the requi\
red disk space b\
efore the downlo\
ad starts, reduc\
ing performance \
overhead caused \
by repeatedly ex\
panding the file\
 during download\
 and minimizing \
disk fragmentati\
on.\x0a\x0aNote: If th\
e download path \
is on an externa\
l storage device\
 such as a USB d\
rive, and the fi\
le system does n\
ot support spars\
e files (e.g., F\
AT32 or exFAT), \
please disable t\
his feature\xe2\x80\x94ot\
herwise, the pro\
gram may become \
unresponsive.\x07\x00\x00\
\x00\x11PREALLOCATE_GU\
IDE\x01\x03\x00\x00\x01$z\x0b_\x0fg\x03O\
\x9dqg\x8a-[\x9av\x84Q*QH\x98\x06^\
\x8fO\x9d^\x8fV\x17\x8afN\x0b\x8f\x090\x02g\
\x00}BS\xefN\x0b\x8f\x09v\x84uk\x8c\xea0\
\x01\x97\xf3\x8c\xeab\x16}\xe8x\xbcN\xcdS\xd6l\
ze\xbc_qrGg,\x8e\xabf/T&c\
\xd0O\x9b\xff\x0cQ*QH\x98\x06^\x8fP\xc5l\
z[\x9aW(Y\x1aP\x0bS\xefu(\x90x\x98\
\x05N-Q*QH\x90xd\xc7T\xeaN\x00P\
\x0b0\x02\x00\x0a\x00\x0aO\x8bY\x82\xff\x0c\x82\xe5\x5c\
\x07uk\x8c\xeaQ*QH\x98\x06^\x8f\x8a-p\
\xba\x00 \x007\x002\x000\x00P\x00 \x00>\x00\
 \x001\x000\x008\x000\x00P\x00 \x00>\x00\
 \x004\x00K\xff\x0cz\x0b_\x0fg\x03QHV\
\x17\x8afN\x0b\x8f\x09\x00 \x007\x002\x000\x00\
P\x00 uk\x8c\xea\xff\x1b\x82\xe5\x00 \x007\x00\
2\x000\x00P\x00 N\x0dS\xefu(\xff\x0cR\
GO\x9d^\x8fV\x17\x8af\x00 \x001\x000\x00\
8\x000\x00P0\x01\x004\x00K0\x02\x08\x00\x00\
\x00\x00\x06\x00\x00\x01\xdeThe progr\
am will attempt \
downloads in the\
 order of your c\
onfigured priori\
ty. The actual v\
ideo quality, au\
dio quality, or \
codec you can do\
wnload still dep\
ends on what is \
available in the\
 video itself\xe2\x80\x94\
priority only de\
termines which o\
ption is tried f\
irst among multi\
ple available ch\
oices.\x0a\x0aFor exam\
ple, if you set \
the video qualit\
y priority to 72\
0P > 1080P > 4K,\
 the program wil\
l first try to d\
ownload 720P; if\
 720P is unavail\
able, it will th\
en try 1080P and\
 then 4K in sequ\
ence.\x07\x00\x00\x00\x0ePRIORI\
TY_GUIDE\x01\x03\x00\x00\x03&\x00<\
\x00h\x00t\x00m\x00l\x00>g,\x8e\xdf\x9a\xd4\
f/N\x00k>g,j_hL\x97ba\xc9\
u(z\x0b_\x0f0\x02\x00<\x00b\x00>[\x83\
N\x0dg\x03e6\x96\xc60\x01R\x06g\x90`\xa8\
v\x84p\x0f\x89\xbd\x88Lp\xba0\x01N\x0b\x8f\x09\
kwS\xf2{IN\xfbOUO\x7fu(\x8c\xc7\
e\x99\xff\x0cN_N\x0dg\x03\x5c\x07QvN\x0a\
P\xb3}f\x95\x8bv|\x80\x05b\x16N\xfbOU\
{,N\x09e\xb90\x02\x00<\x00/\x00b\x00>\
\x00\x0a\x00<\x00b\x00r\x00>\x00<\x00b\x00r\
\x00>\x00\x0a\x90\x0f\x90N`\xa8\x81\xea]\xf1v\x84\
U\xf6T\xe9U\xf6T\xe9^3\x86_S\xd6_\x97\
v\x84v{Qea\x91\x8bI\xff\x08\x00C\x00o\
\x00o\x00k\x00i\x00e\xff\x09\x00<\x00b\x00>\
P\xc5O\xdd[XW(`\xa8g,j_\x88\xdd\
\x7fnN\x0a\x00<\x00/\x00b\x00>\xff\x0cN\x14\
P\xc5u(e\xbc[XS\xd6`\xa8g\x09k\x0a\
[XS\xd6v\x84Qg[\xb90\x02N\x0b\x8f\x09\
N\xfbR\xd90\x01z\x0b_\x0f\x8a-[\x9a\x82\x07\
\x8a\x18\x93\x04T\x0cj#S\xeaO\xdd[XW(\
`\xa8\x88\xdd\x7fng,j_v\x84j\x94hH\
N-\xff\x0cN\x0dg\x03\x88\xabP\xb3\x8f8\x81\xf3\
QvN\xd6N\xfbOUW0e\xb90\x02\x00\x0a\
\x00<\x00b\x00r\x00>\x00<\x00b\x00r\x00>\
\x00\x0aW(\x89\xe3g\x90b\x16N\x0b\x8f\x09Qg\
[\xb9fB\xff\x0cg,\x8e\xdf\x9a\xd4g\x03O\x7f\
u(`\xa8g,j_v\x84v{Qea\x91\
\x8bIv\xf4c\xa5\x82\x07U\xf6T\xe9U\xf6T\xe9\
\x81\xea\x8e\xabv\x84O:g\x0dVh\x90\x1a\x8a\x0a\
\xff\x0c\x8ar\x90\xe8R\x06mA\x91\xcf\x90iu(\
U\xf6T\xe9U\xf6T\xe9\x81\xea\x8e\xabv\x84\x96\xb1\
y\xc1e?{V\xff\x0cN\x0dW(g,e?\
{V}\x04g_{\xc4W\x0dQg0\x02g,\
\x8e\xdf\x9a\xd4P\xb3\x90\x01}f{,N\x09e\xb9\
v\x84\x8c\xc7e\x99P\xc5g\x09O\x5cim|\xfb\
}q^sS\xf0\x82\x07rHg,\x86_\xff\x0c\
u(e\xbcj\xa2g\xe5f\xf4e\xb0fB\x8a\xcb\
lBf\xf4e\xb0g\x0dR\xd9 \x14 \x14\x00<\
\x00b\x00>QvN-N\x0dS\x05T+N\xfb\
OUS\xefu(e\xbc\x8bXR%`\xa8P\x0b\
N\xba\x8e\xabR\x06v\x84\x8c\xc7\x8a\x0a0\x02\x00<\
\x00/\x00b\x00>\x00\x0a\x00<\x00b\x00r\x00>\
\x00<\x00b\x00r\x00>\x00\x0ag,\x8e\xdf\x9a\xd4\
N\x0dT+N\xfbOU_b_\x0fv\x84^\xe3\
TJ0\x01\x8f\xfd\x8edVhb\x16exd\xda\
}q\x8a\x08\x00 \x00S\x00D\x00K0\x02\x82\xe5\
g,e?{VW(_\x8c~\x8crHg,\
N-v|u\x1f\x8b\x8aS\x16\xff\x0cf\xf4e\xb0\
_\x8cv\x84Qg[\xb9\x5c\x07W(kd\x86U\
\x5cUy:0\x02\x00<\x00/\x00h\x00t\x00m\
\x00l\x00>\x08\x00\x00\x00\x00\x06\x00\x00\x04\x84<h\
tml>This softwar\
e is a local des\
ktop application\
. <b>It does not\
 collect, analyz\
e, or upload you\
r browsing behav\
ior, download hi\
story, or any ot\
her usage data t\
o the developer \
or any third par\
ty.</b>\x0a<br><br>\
\x0aLogin credentia\
ls (cookies) obt\
ained through yo\
ur own Bilibili \
account are <b>s\
tored only on yo\
ur local device<\
/b> and are used\
 solely to acces\
s content you ar\
e authorized to \
view. Download t\
asks, applicatio\
n settings, and \
logs are likewis\
e saved only in \
local files on y\
our device and a\
re never transmi\
tted elsewhere.\x0a\
<br><br>\x0aWhen pa\
rsing or downloa\
ding content, th\
is software comm\
unicates directl\
y with Bilibili'\
s own servers us\
ing your local c\
redentials; that\
 traffic is subj\
ect to Bilibili'\
s own privacy po\
licy, not this o\
ne. The only dat\
a sent to a thir\
d party is the o\
perating system \
platform and ver\
sion number, tra\
nsmitted to the \
update-check ser\
vice when this s\
oftware checks f\
or new versions \
\xe2\x80\x94 <b>no person\
ally identifiabl\
e information is\
 included.</b>\x0a<\
br><br>\x0aThis sof\
tware contains n\
o advertisements\
, trackers, or a\
nalytics SDKs of\
 any kind. If th\
is policy change\
s in a future ve\
rsion, the updat\
ed text will be \
shown here.</htm\
l>\x07\x00\x00\x00\x0ePRIVACY_P\
OLICY\x01\x03\x00\x00\x00\x0c\x81\xeaR\xd5\x89\
\xe3g\x90R\x06\x98\x01\x08\x00\x00\x00\x00\x06\x00\x00\x00\
\x15Auto-parse pagi\
nation\x07\x00\x00\x00\x05Pager\
\x01\x03\x00\x00\x00\x0aq!eHv\x84\x98\x01x\xbc\
\x08\x00\x00\x00\x00\x06\x00\x00\x00\x13Invali\
d page number\x07\x00\x00\
\x00\x05Pager\x01\x03\x00\x00\x00\x08\x8d\xf3\x81\
\xf3\x98\x01\x97b\x08\x00\x00\x00\x00\x06\x00\x00\x00\x0cJ\
ump to page\x07\x00\x00\x00\x05\
Pager\x01\x03\x00\x00\x00\x06N\x0bN\x00\x98\
\x01\x08\x00\x00\x00\x00\x06\x00\x00\x00\x09Next \
page\x07\x00\x00\x00\x05Pager\x01\x03\
\x00\x00\x002\x8a\xcb\x8f8Qe\x001R0\x00{\
\x00t\x00o\x00t\x00a\x00l\x00_\x00p\x00a\
\x00g\x00e\x00s\x00}NK\x95\x93v\x84N\x00\
P\x0bex[W\x08\x00\x00\x00\x00\x06\x00\x00\x001\
Please enter a n\
umber between 1 \
and {total_pages\
}\x07\x00\x00\x00\x05Pager\x01\x03\x00\x00\x00\
\x06N\x0aN\x00\x98\x01\x08\x00\x00\x00\x00\x06\x00\x00\x00\
\x0dPrevious page\x07\x00\
\x00\x00\x05Pager\x01\x03\x00\x00\x00FQq\
\x00 \x00{\x00t\x00o\x00t\x00a\x00l\x00_\
\x00p\x00a\x00g\x00e\x00s\x00}\x00 \x98\x01\
\x00 \x00/\x00 \x00{\x00t\x00o\x00t\x00a\
\x00l\x00_\x00i\x00t\x00e\x00m\x00s\x00}\
\x00 P\x0b\x08\x00\x00\x00\x00\x06\x00\x00\x00){t\
otal_pages} tota\
l / {total_items\
} items\x07\x00\x00\x00\x05Page\
r\x01\x03\x00\x00\x00\x04\x89\xe3g\x90\x08\x00\x00\x00\x00\
\x06\x00\x00\x00\x05Parse\x07\x00\x00\x00\x11P\
arseActionWidget\
\x01\x03\x00\x00\x00\x04d\xcdO\x5c\x08\x00\x00\x00\x00\x06\
\x00\x00\x00\x07Actions\x07\x00\x00\x00\x12\
ParseHistoryDial\
og\x01\x03\x00\x00\x00\x08n\x05\x96d\x8a\x18\x93\x04\
\x08\x00\x00\x00\x00\x06\x00\x00\x00\x0dClear \
History\x07\x00\x00\x00\x12Pars\
eHistoryDialog\x01\x03\
\x00\x00\x00\x04^\x8f\x86_\x08\x00\x00\x00\x00\x06\x00\x00\
\x00\x03No.\x07\x00\x00\x00\x12ParseH\
istoryDialog\x01\x03\x00\x00\
\x00\x1aP\xc5O\xdduYg\x00\x8f\xd1\x00 \x001\
\x000\x000\x00 h\x9d\x8a\x18\x93\x04\x08\x00\x00\x00\
\x00\x06\x00\x00\x00%Only the l\
atest 100 record\
s are kept.\x07\x00\x00\x00\x12\
ParseHistoryDial\
og\x01\x03\x00\x00\x00\x08\x89\xe3g\x90\x8a\x18\x93\x04\
\x08\x00\x00\x00\x00\x06\x00\x00\x00\x0dParse \
History\x07\x00\x00\x00\x12Pars\
eHistoryDialog\x01\x03\
\x00\x00\x00\x08\x89\xe3g\x90fB\x95\x93\x08\x00\x00\x00\
\x00\x06\x00\x00\x00\x0aParse Time\
\x07\x00\x00\x00\x12ParseHistor\
yDialog\x01\x03\x00\x00\x00\x04j\x19\x98\
L\x08\x00\x00\x00\x00\x06\x00\x00\x00\x05Title\
\x07\x00\x00\x00\x12ParseHistor\
yDialog\x01\x03\x00\x00\x00\x04\x98^W\
\x8b\x08\x00\x00\x00\x00\x06\x00\x00\x00\x04Type\x07\
\x00\x00\x00\x12ParseHistory\
Dialog\x01\x03\x00\x00\x00\x0c\x81\xeaR\xd5\
\x89\xe3g\x90R\x06\x98\x01\x08\x00\x00\x00\x00\x06\x00\x00\
\x00\x15Auto-parse Pag\
ination\x07\x00\x00\x00\x0ePars\
eInterface\x01\x03\x00\x00\x00\x08\
byk!\x89\xe3g\x90\x08\x00\x00\x00\x00\x06\x00\x00\
\x00\x0bBatch Parse\x07\x00\x00\
\x00\x0eParseInterface\
\x01\x03\x00\x00\x00\x08byk!\x90xS\xd6\x08\x00\
\x00\x00\x00\x06\x00\x00\x00\x0cBatch Se\
lect\x07\x00\x00\x00\x0eParseIn\
terface\x01\x03\x00\x00\x00\x1e\x9e\xded\
\xcakd\x86US\xef\x902\x88L\x81\xeaR\xd5\x89\
\xe3g\x90R\x06\x98\x01d\xcdO\x5c\x08\x00\x00\x00\x00\
\x06\x00\x00\x00,Click here \
to automatically\
 parse all pages\
.\x07\x00\x00\x00\x0eParseInter\
face\x01\x03\x00\x00\x00\x08N\x0b\x8f\x09\x90x\
\x98\x05\x08\x00\x00\x00\x00\x06\x00\x00\x00\x10Down\
load Options\x07\x00\x00\x00\
\x0eParseInterface\x01\
\x03\x00\x00\x00\x0cN\x0b\x8f\x09b@\x90x\x98\x05v\
\xee\x08\x00\x00\x00\x00\x06\x00\x00\x00\x17Downl\
oad Selected Ite\
ms\x07\x00\x00\x00\x0eParseInte\
rface\x01\x03\x00\x00\x00P\x90#}P\x00\
 \x00/\x00 \x00a\x00v\x00 \x00/\x00 \x00\
B\x00V\x00 \x00/\x00 \x00e\x00p\x00 \x00\
/\x00 \x00s\x00s\x00 \x00/\x00 \x00m\x00\
d\x00 \x00/\x00 e6\x85\xcfY>\x00 \x00\
/\x00 P\x0bN\xbazz\x95\x93\x08\x00\x00\x00\x00\
\x06\x00\x00\x003Link / av /\
 BV / ep / ss / \
md / Favorites /\
 Profile\x07\x00\x00\x00\x0ePar\
seInterface\x01\x03\x00\x00\x00\
\x04\x89\xe3g\x90\x08\x00\x00\x00\x00\x06\x00\x00\x00\x05P\
arse\x07\x00\x00\x00\x0eParseIn\
terface\x01\x03\x00\x00\x00\x08\x89\xe3g\
\x90Y1eW\x08\x00\x00\x00\x00\x06\x00\x00\x00\x0cP\
arse Failed\x07\x00\x00\x00\x0e\
ParseInterface\x01\x03\
\x00\x00\x00\x08\x89\xe3g\x90\x8a\x18\x93\x04\x08\x00\x00\x00\
\x00\x06\x00\x00\x00\x0fParsing Hi\
story\x07\x00\x00\x00\x0eParseI\
nterface\x01\x03\x00\x00\x00\x0a\x8c\xbc\
N\x0aN&\x89\xe3g\x90\x08\x00\x00\x00\x00\x06\x00\x00\
\x00\x0fPaste and Pars\
e\x07\x00\x00\x00\x0eParseInter\
face\x01\x03\x00\x00\x00\x04d\x1c\x5c\x0b\x08\x00\
\x00\x00\x00\x06\x00\x00\x00\x06Search\x07\x00\
\x00\x00\x0eParseInterfac\
e\x01\x03\x00\x00\x00.]\xf2\x8d\xf3\x90N\x91\xcd\x89\
\x07N\x0b\x8f\x09v\x84N\xfbR\xd9\xff\x1a\x00{\x00\
t\x00a\x00s\x00k\x00_\x00t\x00i\x00t\x00\
l\x00e\x00}\x08\x00\x00\x00\x00\x06\x00\x00\x00(S\
kipped duplicate\
 download: {task\
_title}\x07\x00\x00\x00\x0ePars\
eInterface\x01\x03\x00\x00\x00r\
\x00{\x00c\x00a\x00t\x00e\x00g\x00o\x00r\
\x00y\x00_\x00n\x00a\x00m\x00e\x00}\xff\x08\
]\xf2\x90xS\xd6\x00 \x00{\x00s\x00e\x00l\
\x00e\x00c\x00t\x00e\x00d\x00_\x00c\x00o\
\x00u\x00n\x00t\x00}\x00 \x98\x05\xff\x0cQq\
\x00 \x00{\x00t\x00o\x00t\x00a\x00l\x00_\
\x00c\x00o\x00u\x00n\x00t\x00}\x00 \x98\x05\
\xff\x09\x08\x00\x00\x00\x00\x06\x00\x00\x00@{cat\
egory_name} ({se\
lected_count} se\
lected, {total_c\
ount} total)\x07\x00\x00\x00\
\x0eParseInterface\x01\
\x03\x00\x00\x00D\x00{\x00c\x00a\x00t\x00e\x00\
g\x00o\x00r\x00y\x00_\x00n\x00a\x00m\x00\
e\x00}\xff\x08Qq\x00 \x00{\x00t\x00o\x00\
t\x00a\x00l\x00_\x00c\x00o\x00u\x00n\x00\
t\x00}\x00 \x98\x05\xff\x09\x08\x00\x00\x00\x00\x06\x00\
\x00\x00%{category_nam\
e} ({total_count\
} total)\x07\x00\x00\x00\x0ePar\
seInterface\x01\x03\x00\x00\x00\
\x0eU_u(N\xa4f\xffR\x17\x98O\x82r\x08\
\x00\x00\x00\x00\x06\x00\x00\x00\x1bEnable \
alternate row co\
lors\x07\x00\x00\x00\x17ParseLi\
stSettingsDialog\
\x01\x03\x00\x00\x00\x0c\x89\xe3g\x90n\x05U\xae\x8a-\
[\x9a\x08\x00\x00\x00\x00\x06\x00\x00\x00\x13Pars\
e List Settings\x07\
\x00\x00\x00\x17ParseListSet\
tingsDialog\x01\x03\x00\x00\x00\
\x1e\x90xd\xc7\x89\x81\x98oy:v\x84k\x04O\
MN&b\xd6f\xf3\x8a\xbfet\x98\x06^\x8f\x08\
\x00\x00\x00\x00\x06\x00\x00\x00-Select \
columns to displ\
ay and drag to r\
eorder\x07\x00\x00\x00\x17Parse\
ListSettingsDial\
og\x01\x03\x00\x00\x00\x0e\x98oy:a\xf8mn\
T}N\xe4R\x17\x08\x00\x00\x00\x00\x06\x00\x00\x00\x19\
Show floating co\
mmand bar\x07\x00\x00\x00\x17Pa\
rseListSettingsD\
ialog\x01\x03\x00\x00\x00\x04Qh\x90x\x08\
\x00\x00\x00\x00\x06\x00\x00\x00\x09Check A\
ll\x07\x00\x00\x00\x0dParseTree\
View\x01\x03\x00\x00\x00\x04R\xfe\x90x\x08\x00\
\x00\x00\x00\x06\x00\x00\x00\x0aCheck It\
em\x07\x00\x00\x00\x0dParseTree\
View\x01\x03\x00\x00\x00\x04\x89\x07\x88\xfd\x08\x00\
\x00\x00\x00\x06\x00\x00\x00\x04Copy\x07\x00\x00\x00\
\x0dParseTreeView\x01\x03\
\x00\x00\x00\x0eN\x0b\x8f\x09p\xbaU\xaeP\x0b_q\
rG\x08\x00\x00\x00\x00\x06\x00\x00\x00\x18Down\
load as Single V\
ideo\x07\x00\x00\x00\x0dParseTr\
eeView\x01\x03\x00\x00\x00\x06QCex\
d\xda\x08\x00\x00\x00\x00\x06\x00\x00\x00\x08Meta\
data\x07\x00\x00\x00\x0dParseTr\
eeView\x01\x03\x00\x00\x00\x0ee\xbcp\x0f\
\x89\xbdVhN-\x95\x8bU_\x08\x00\x00\x00\x00\x06\
\x00\x00\x00\x0fOpen in Brow\
ser\x07\x00\x00\x00\x0dParseTre\
eView\x01\x03\x00\x00\x00\x08\x89\xe3g\x90k\
d\x98\x05\x08\x00\x00\x00\x00\x06\x00\x00\x00\x0fPar\
se this item\x07\x00\x00\x00\
\x0dParseTreeView\x01\x03\
\x00\x00\x00\x04S\xcd\x90x\x08\x00\x00\x00\x00\x06\x00\x00\
\x00\x07Reverse\x07\x00\x00\x00\x0dPa\
rseTreeView\x01\x03\x00\x00\x00\
\x08S\xd6m\x88Qh\x90x\x08\x00\x00\x00\x00\x06\x00\
\x00\x00\x0bUncheck All\x07\x00\
\x00\x00\x0dParseTreeView\
\x01\x03\x00\x00\x00\x08S\xd6m\x88R\xfe\x90x\x08\x00\
\x00\x00\x00\x06\x00\x00\x00\x0cUncheck \
Item\x07\x00\x00\x00\x0dParseTr\
eeView\x01\x03\x00\x00\x00\x0cf\xf4e\xb0\
Z\x92\x9a\xd4\x8c\xc7\x8a\x0a\x08\x00\x00\x00\x00\x06\x00\x00\
\x00\x11Update Media I\
nfo\x07\x00\x00\x00\x0dParseTre\
eView\x01\x03\x00\x00\x00\x08g\xe5w\x0b\x5c\
\x01\x97b\x08\x00\x00\x00\x00\x06\x00\x00\x00\x0aVie\
w Cover\x07\x00\x00\x00\x0dPars\
eTreeView\x01\x03\x00\x00\x00\x0aj\
\xa2\x89\x96QCexd\xda\x08\x00\x00\x00\x00\x06\x00\
\x00\x00\x0dView Metadata\
\x07\x00\x00\x00\x0dParseTreeVi\
ew\x01\x03\x00\x00\x00\x10g\xe5w\x0bR\x06\x00P\
_qrGR\x17\x88h\x08\x00\x00\x00\x00\x06\x00\x00\
\x00\x1aView Multi-par\
t Video List\x07\x00\x00\x00\
\x0dParseTreeView\x01\x03\
\x00\x00\x00\x14\x81\xeaR\xd5\x90xd\xc7N\x0b\x8f\x09\
\x98\x05v\xee\x8a-[\x9a\x08\x00\x00\x00\x00\x06\x00\x00\
\x00#Auto-select Do\
wnload Items Set\
tings\x07\x00\x00\x00\x12Parsin\
gSettingCard\x01\x03\x00\x00\
\x00&\x8a-[\x9aRj\x8c\xbc|?v\xe3c\xa7\
0\x01\x89\xe3g\x90\x8a\x18\x93\x04\x82\x07\x89\xe3g\x90\
n\x05U\xae\x90x\x98\x05\x08\x00\x00\x00\x00\x06\x00\x00\
\x00EConfigure clip\
board monitoring\
, parse history,\
 and parse list \
options\x07\x00\x00\x00\x12Pars\
ingSettingCard\x01\x03\
\x00\x00\x00&\x8a-[\x9a\x89\xe3g\x90_\x8cY\x82\
OU\x81\xeaR\xd5\x90xd\xc7\x89\xe3g\x90n\x05\
U\xaeN-v\x84\x98\x05v\xee\x08\x00\x00\x00\x00\x06\
\x00\x00\x00NConfigure ho\
w items in the p\
arse list are au\
tomatically sele\
cted after parsi\
ng\x07\x00\x00\x00\x12ParsingSe\
ttingCard\x01\x03\x00\x00\x00\x14\x8a\
-[\x9aRj\x8c\xbc|?v\xe3c\xa7v\x84\x88\
Lp\xba\x08\x00\x00\x00\x00\x06\x00\x00\x00.Con\
figure the behav\
ior of clipboard\
 monitoring\x07\x00\x00\x00\x12\
ParsingSettingCa\
rd\x01\x03\x00\x00\x00\x06\x8a-[\x9a &\x08\x00\
\x00\x00\x00\x06\x00\x00\x00\x0cConfigur\
e\xe2\x80\xa6\x07\x00\x00\x00\x12Parsing\
SettingCard\x01\x03\x00\x00\x00\
\x18\x81\xea\x8a\x02\x89\xe3g\x90n\x05U\xaev\x84\x98\
oy:\x82\x07\x88Lp\xba\x08\x00\x00\x00\x00\x06\x00\
\x00\x004Customize the\
 display and beh\
avior of the par\
se list\x07\x00\x00\x00\x12Pars\
ingSettingCard\x01\x03\
\x00\x00\x00\x0eRj\x8c\xbc|?v\xe3c\xa7\x8a-\
[\x9a\x08\x00\x00\x00\x00\x06\x00\x00\x00\x1aMoni\
tor Clipboard Se\
ttings\x07\x00\x00\x00\x12Parsi\
ngSettingCard\x01\x03\x00\
\x00\x00\x0c\x89\xe3g\x90n\x05U\xae\x8a-[\x9a\x08\
\x00\x00\x00\x00\x06\x00\x00\x00\x13Parse L\
ist Settings\x07\x00\x00\x00\
\x12ParsingSettingC\
ard\x01\x03\x00\x00\x00\x08\x89\xe3g\x90\x8a-[\
\x9a\x08\x00\x00\x00\x00\x06\x00\x00\x00\x10Parsi\
ng Settings\x07\x00\x00\x00\x12\
ParsingSettingCa\
rd\x01\x03\x00\x00\x00\x0cQ2[X\x89\xe3g\x90\
\x8a\x18\x93\x04\x08\x00\x00\x00\x00\x06\x00\x00\x00\x12Sa\
ve Parse History\
\x07\x00\x00\x00\x12ParsingSett\
ingCard\x01\x03\x00\x00\x00\x18O\xdd[\
X]\xf2\x89\xe3g\x90\x90#}Pv\x84kwS\
\xf2}\x00\x93\x04\x08\x00\x00\x00\x00\x06\x00\x00\x00 S\
ave the history \
of parsed links\x07\
\x00\x00\x00\x12ParsingSetti\
ngCard\x01\x03\x00\x00\x00\x06_7\x8a\xbf\
\x82r\x08\x00\x00\x00\x00\x06\x00\x00\x00\x0cAcce\
nt Color\x07\x00\x00\x00\x13Per\
sonalizationCard\
\x01\x03\x00\x00\x000YWu(SJ\x90\x0ff\x0e\
\x96\xf2k\xcdeHg\x9c\xff\x08P\xc5\x96P\x00 \
\x00W\x00i\x00n\x00d\x00o\x00w\x00s\x00 \
\x001\x001\xff\x09\x08\x00\x00\x00\x00\x06\x00\x00\x00/\
Apply translucen\
t Mica effect (W\
indows 11 only)\x07\
\x00\x00\x00\x13Personalizat\
ionCard\x01\x03\x00\x00\x00\x08\x90xd\
\xc7\x98O\x82r\x08\x00\x00\x00\x00\x06\x00\x00\x00\x0cC\
hoose color\x07\x00\x00\x00\x13\
PersonalizationC\
ard\x01\x03\x00\x00\x00\x1a\x81\xea\x8a\x02a\xc9u\
(z\x0b_\x0fN-O\x7fu(v\x84_7\x8a\
\xbf\x82r\x08\x00\x00\x00\x00\x06\x00\x00\x002Cus\
tomize the accen\
t color used in \
the application\x07\
\x00\x00\x00\x13Personalizat\
ionCard\x01\x03\x00\x00\x00$\x81\xea\x8a\
\x02a\xc9u(z\x0b_\x0fOHfoN;\x98\
L0\x01\x82r_i\x82\x07\x89\x96\x89\xbaeHg\
\x9c\x08\x00\x00\x00\x00\x06\x00\x00\x003Custo\
mize the app the\
me, colors, and \
visual effects\x07\x00\
\x00\x00\x13Personalizati\
onCard\x01\x03\x00\x00\x00\x06\x81\xea\x8a\x02\
 &\x08\x00\x00\x00\x00\x06\x00\x00\x00\x0cCust\
omize\xe2\x80\xa6\x07\x00\x00\x00\x13Per\
sonalizationCard\
\x01\x03\x00\x00\x00\x04m\xf1\x82r\x08\x00\x00\x00\x00\x06\
\x00\x00\x00\x04Dark\x07\x00\x00\x00\x13Per\
sonalizationCard\
\x01\x03\x00\x00\x00\x04m\xfa\x82r\x08\x00\x00\x00\x00\x06\
\x00\x00\x00\x05Light\x07\x00\x00\x00\x13Pe\
rsonalizationCar\
d\x01\x03\x00\x00\x00\x08\x96\xf2k\xcdeHg\x9c\x08\
\x00\x00\x00\x00\x06\x00\x00\x00\x0bMica Ef\
fect\x07\x00\x00\x00\x13Persona\
lizationCard\x01\x03\x00\x00\
\x00\x06P\x0bN\xbaS\x16\x08\x00\x00\x00\x00\x06\x00\x00\
\x00\x0fPersonalizatio\
n\x07\x00\x00\x00\x13Personaliz\
ationCard\x01\x03\x00\x00\x00\x10\x90\
xd\xc7a\xc9u(z\x0b_\x0fN;\x98L\x08\
\x00\x00\x00\x00\x06\x00\x00\x00\x1cSelect \
the application \
theme\x07\x00\x00\x00\x13Person\
alizationCard\x01\x03\x00\
\x00\x00\x08|\xfb}q\x98\x10\x8a-\x08\x00\x00\x00\x00\
\x06\x00\x00\x00\x0eSystem defa\
ult\x07\x00\x00\x00\x13Personal\
izationCard\x01\x03\x00\x00\x00\
\x04N;\x98L\x08\x00\x00\x00\x00\x06\x00\x00\x00\x05T\
heme\x07\x00\x00\x00\x13Persona\
lizationCard\x01\x03\x00\x00\
\x00\x0c\x81\xea\x8a\x02Q*QH\x98\x06^\x8f\x08\x00\
\x00\x00\x00\x06\x00\x00\x00\x12Customiz\
e Priority\x07\x00\x00\x00\x0eP\
riorityDialog\x01\x03\x00\
\x00\x00,b\xd6f\xf3n\x05U\xae\x98\x05v\xee\x8a\
\xbfet\x98\x06^\x8f\xff\x0cOM\x7fn\x8d\x8aN\
\x0ae\xb9Q*QHk\x0a\x8d\x8a\x9a\xd80\x02\x08\
\x00\x00\x00\x00\x06\x00\x00\x009Drag it\
ems to reorder. \
Higher items hav\
e higher priorit\
y.\x07\x00\x00\x00\x0ePriorityD\
ialog\x01\x03\x00\x00\x00\x16\x95\xdce\xbc\x81\
\xea\x8a\x02Q*QH\x98\x06^\x8fv\x84\x8a\xaaf\
\x0e\x08\x00\x00\x00\x00\x06\x00\x00\x00\x1eAbout\
 Custom Priority\
 Settings\x07\x00\x00\x00\x13Pr\
ioritySettingCar\
d\x01\x03\x00\x00\x00\x0c\x97\xf3\x8c\xeaQ*QH\x98\
\x06^\x8f\x08\x00\x00\x00\x00\x06\x00\x00\x00\x16Aud\
io Quality Prior\
ity\x07\x00\x00\x00\x13Priority\
SettingCard\x01\x03\x00\x00\x00\
\x0c}\xe8x\xbcQ*QH\x98\x06^\x8f\x08\x00\x00\
\x00\x00\x06\x00\x00\x00\x0eCodec Pri\
ority\x07\x00\x00\x00\x13Priori\
tySettingCard\x01\x03\x00\
\x00\x00\x12\x81\xea\x8a\x02N\x0b\x8f\x09v\x84Q*Q\
H\x98\x06^\x8f\x08\x00\x00\x00\x00\x06\x00\x00\x00$C\
ustomize downloa\
d priority setti\
ngs\x07\x00\x00\x00\x13Priority\
SettingCard\x01\x03\x00\x00\x00\
\x06\x81\xea\x8a\x02 &\x08\x00\x00\x00\x00\x06\x00\x00\x00\
\x0cCustomize\xe2\x80\xa6\x07\x00\x00\
\x00\x13PrioritySettin\
gCard\x01\x03\x00\x00\x00\x04\x8a\xaaf\x0e\x08\
\x00\x00\x00\x00\x06\x00\x00\x00\x0cInstruc\
tions\x07\x00\x00\x00\x13Priori\
tySettingCard\x01\x03\x00\
\x00\x00\x0cuk\x8c\xeaQ*QH\x98\x06^\x8f\x08\
\x00\x00\x00\x00\x06\x00\x00\x00\x16Video Q\
uality Priority\x07\
\x00\x00\x00\x13PrioritySett\
ingCard\x01\x03\x00\x00\x00\x18uk\x8c\
\xea0\x01\x97\xf3\x8c\xea\x82\x07}\xe8x\xbcQ*Q\
H\x98\x06^\x8f\x08\x00\x00\x00\x00\x06\x00\x00\x00 V\
ideo, Audio, and\
 Codec Priority\x07\
\x00\x00\x00\x13PrioritySett\
ingCard\x01\x03\x00\x00\x00\x08\x96\xb1y\
\xc1e?{V\x08\x00\x00\x00\x00\x06\x00\x00\x00\x0eP\
rivacy Policy\x07\x00\x00\
\x00\x13PrivacyPolicyD\
ialog\x01\x03\x00\x00\x008x\xba[\x9a\x89\
\x81v{Q\xfaU\xce\xff\x1f\x90\x19\x5c\x07g\x03T\
\x0cfBn\x05\x96dg,j_Q2[Xv\
\x84\x00 \x00C\x00o\x00o\x00k\x00i\x00e\x00\
s0\x02\x08\x00\x00\x00\x00\x06\x00\x00\x00NAre\
 you sure you wa\
nt to log out? T\
his will also cl\
ear locally stor\
ed cookies.\x07\x00\x00\x00\x0b\
ProfileCard\x01\x03\x00\x00\x00\
\x04v{Q\xfa\x08\x00\x00\x00\x00\x06\x00\x00\x00\x07L\
og Out\x07\x00\x00\x00\x0bProfi\
leCard\x01\x03\x00\x00\x00\x04v{Q\xfa\
\x08\x00\x00\x00\x00\x06\x00\x00\x00\x06Logout\
\x07\x00\x00\x00\x0bProfileCard\
\x01\x03\x00\x00\x00\x08P\x0bN\xbazz\x95\x93\x08\x00\
\x00\x00\x00\x06\x00\x00\x00\x07Profile\x07\
\x00\x00\x00\x0bProfileCard\x01\
\x03\x00\x00\x00\x08v{Q\xfab\x10R\x9f\x08\x00\x00\
\x00\x00\x06\x00\x00\x00\x17Successfu\
lly logged out\x07\x00\
\x00\x00\x0bProfileCard\x01\x03\
\x00\x00\x00\x0en\x96P\x99\x89\xe3g\x90\x00.\x00.\
\x00.\x08\x00\x00\x00\x00\x06\x00\x00\x00\x0cPrep\
aring...\x07\x00\x00\x00\x11Pro\
gressTipWidget\x01\x03\
\x00\x00\x00\x04P\x5ckb\x08\x00\x00\x00\x00\x06\x00\x00\
\x00\x04Stop\x07\x00\x00\x00\x11Progr\
essTipWidget\x01\x03\x00\x00\
\x00\x04OMW@\x08\x00\x00\x00\x00\x06\x00\x00\x00\x07\
Address\x07\x00\x00\x00\x0bProx\
yDialog\x01\x03\x00\x00\x00\x0e\x8a-[\
\x9aN\xe3t\x06O:g\x0dVh\x08\x00\x00\x00\x00\
\x06\x00\x00\x00\x16Configure P\
roxy Server\x07\x00\x00\x00\x0b\
ProxyDialog\x01\x03\x00\x00\x00\
J\x00I\x00P\xff\x1a\x00{\x00i\x00p\x00}\x00\
\x0a\x00L\x00o\x00c\x00a\x00t\x00i\x00o\x00\
n\xff\x1a\x00{\x00l\x00o\x00c\x00a\x00t\x00\
i\x00o\x00n\x00}\x00\x0a\x00I\x00S\x00P\xff\
\x1a\x00{\x00i\x00s\x00p\x00}\x08\x00\x00\x00\x00\
\x06\x00\x00\x00(IP: {ip}\x0aLo\
cation: {locatio\
n}\x0aISP: {isp}\x07\x00\x00\
\x00\x0bProxyDialog\x01\x03\x00\
\x00\x00\x0cN\xe3t\x06n,\x8afY1eW\x08\
\x00\x00\x00\x00\x06\x00\x00\x00\x13Network\
 Test Failed\x07\x00\x00\x00\
\x0bProxyDialog\x01\x03\x00\x00\
\x00\x0cN\xe3t\x06n,\x8af}Pg\x9c\x08\x00\
\x00\x00\x00\x06\x00\x00\x00\x13Network \
Test Result\x07\x00\x00\x00\x0b\
ProxyDialog\x01\x03\x00\x00\x00\
\x04S\xef\x90x\x08\x00\x00\x00\x00\x06\x00\x00\x00\x08O\
ptional\x07\x00\x00\x00\x0bProx\
yDialog\x01\x03\x00\x00\x00\x04[\xc6x\
\xbc\x08\x00\x00\x00\x00\x06\x00\x00\x00\x08Passw\
ord\x07\x00\x00\x00\x0bProxyDia\
log\x01\x03\x00\x00\x00\x06\x90#c\xa5W\xe0\x08\
\x00\x00\x00\x00\x06\x00\x00\x00\x04Port\x07\x00\x00\
\x00\x0bProxyDialog\x01\x03\x00\
\x00\x00\x08N\xe3t\x06\x98^W\x8b\x08\x00\x00\x00\x00\
\x06\x00\x00\x00\x0aProxy Type\x07\
\x00\x00\x00\x0bProxyDialog\x01\
\x03\x00\x00\x00\x0eN\xe3t\x06O:g\x0dVhO\
MW@\x08\x00\x00\x00\x00\x06\x00\x00\x00\x14Pro\
xy server addres\
s\x07\x00\x00\x00\x0bProxyDialo\
g\x01\x03\x00\x00\x00\x10N\xe3t\x06O:g\x0dV\
h\x90#c\xa5W\xe0\x08\x00\x00\x00\x00\x06\x00\x00\x00\
\x11Proxy server po\
rt\x07\x00\x00\x00\x0bProxyDial\
og\x01\x03\x00\x00\x00\x04n,\x8af\x08\x00\x00\x00\
\x00\x06\x00\x00\x00\x04Test\x07\x00\x00\x00\x0bP\
roxyDialog\x01\x03\x00\x00\x00\x0c\
n,\x8afN-\x00.\x00.\x00.\x08\x00\x00\x00\
\x00\x06\x00\x00\x00\x0aTesting...\
\x07\x00\x00\x00\x0bProxyDialog\
\x01\x03\x00\x00\x00\x04g*w\xe5\x08\x00\x00\x00\x00\x06\
\x00\x00\x00\x07Unknown\x07\x00\x00\x00\x0b\
ProxyDialog\x01\x03\x00\x00\x00\
\x0aO\x7fu(\x80\x05T\x0dz1\x08\x00\x00\x00\x00\
\x06\x00\x00\x00\x08Username\x07\x00\x00\
\x00\x0bProxyDialog\x01\x03\x00\
\x00\x00\x22\x8a\xbfetu(e\xbc\x89\xe3g\x90\x82\
\x07N\x0b\x8f\x09v\x84N\xe3t\x06O:g\x0dV\
h\x8a-[\x9a\x08\x00\x00\x00\x00\x06\x00\x00\x00=A\
djust proxy serv\
er settings used\
 for parsing and\
 downloading\x07\x00\x00\x00\
\x10ProxySettingCar\
d\x01\x03\x00\x00\x00\x0e\x8a-[\x9aN\xe3t\x06O\
:g\x0dVh\x08\x00\x00\x00\x00\x06\x00\x00\x00\x16C\
onfigure Proxy S\
erver\x07\x00\x00\x00\x10ProxyS\
ettingCard\x01\x03\x00\x00\x00\x06\
\x8a-[\x9a &\x08\x00\x00\x00\x00\x06\x00\x00\x00\x0c\
Configure\xe2\x80\xa6\x07\x00\x00\x00\
\x10ProxySettingCar\
d\x01\x03\x00\x00\x00\x0aN\x0dO\x7fu(N\xe3t\
\x06\x08\x00\x00\x00\x00\x06\x00\x00\x00\x10Do no\
t use proxy\x07\x00\x00\x00\x10\
ProxySettingCard\
\x01\x03\x00\x00\x00\x08bKR\xd5\x8a-[\x9a\x08\x00\
\x00\x00\x00\x06\x00\x00\x00\x14Manual c\
onfiguration\x07\x00\x00\x00\
\x10ProxySettingCar\
d\x01\x03\x00\x00\x00\x08N\xe3t\x06j!_\x0f\x08\
\x00\x00\x00\x00\x06\x00\x00\x00\x0aProxy M\
ode\x07\x00\x00\x00\x10ProxySet\
tingCard\x01\x03\x00\x00\x00\x08N\xe3\
t\x06\x8a-[\x9a\x08\x00\x00\x00\x00\x06\x00\x00\x00\x0e\
Proxy Settings\x07\x00\
\x00\x00\x10ProxySettingC\
ard\x01\x03\x00\x00\x00\x18\x90xd\xc7u(e\
\xbc\x89\xe3g\x90\x82\x07N\x0b\x8f\x09v\x84N\xe3t\
\x06\x08\x00\x00\x00\x00\x06\x00\x00\x001Selec\
t the proxy used\
 for parsing and\
 downloading\x07\x00\x00\x00\
\x10ProxySettingCar\
d\x01\x03\x00\x00\x00\x0cO\x7fu(|\xfb}qN\
\xe3t\x06\x08\x00\x00\x00\x00\x06\x00\x00\x00\x10Use\
 system proxy\x07\x00\x00\
\x00\x10ProxySettingCa\
rd\x01\x03\x00\x00\x00\x12\x87\xa2^U\x9a\xd8^\xa6\
\x00 \x00(P\xcf} \x00)\x08\x00\x00\x00\x00\x06\
\x00\x00\x00\x12Screen Heigh\
t (px)\x07\x00\x00\x00\x0fResol\
utionGroup\x01\x03\x00\x00\x00\x12\
\x87\xa2^U[\xec^\xa6\x00 \x00(P\xcf} \
\x00)\x08\x00\x00\x00\x00\x06\x00\x00\x00\x11Scre\
en Width (px)\x07\x00\x00\
\x00\x0fResolutionGrou\
p\x01\x03\x00\x00\x00\x08e\xb0X\x9e\x5cd}\x1a\x08\
\x00\x00\x00\x00\x06\x00\x00\x00\x09Add lev\
el\x07\x00\x00\x00\x11RuleBuild\
erWidget\x01\x03\x00\x00\x00\x1cg\x00\
Y\x1a\x00 \x00{\x00c\x00o\x00u\x00n\x00t\
\x00}\x00 \x5cdv\xee\x93\x04\x08\x00\x00\x00\x00\x06\
\x00\x00\x00 At most {cou\
nt} directory le\
vels\x07\x00\x00\x00\x11RuleBui\
lderWidget\x01\x03\x00\x00\x00\x08\
v\xee\x93\x04}Pi\xcb\x08\x00\x00\x00\x00\x06\x00\x00\
\x00\x13Directory stru\
cture\x07\x00\x00\x00\x11RuleBu\
ilderWidget\x01\x03\x00\x00\x00\
\x08j\x94hHT\x0dz1\x08\x00\x00\x00\x00\x06\x00\
\x00\x00\x09File name\x07\x00\x00\x00\
\x11RuleBuilderWidg\
et\x01\x03\x00\x00\x00\x18{,\x00 \x00{\x00n\
\x00u\x00m\x00b\x00e\x00r\x00}\x00 \x5cd\
\x08\x00\x00\x00\x00\x06\x00\x00\x00\x0eLevel \
{number}\x07\x00\x00\x00\x11Rul\
eBuilderWidget\x01\x03\
\x00\x00\x00Nkd\x89\x8fRGq!l\xd5W(\
\x89\x96\x89\xbaS\x16}\xe8\x8f/VhN-\x98o\
y:\xff\x08\x00{\x00r\x00e\x00a\x00s\x00o\
\x00n\x00}\xff\x09\xff\x0c\x8a\xcbe\xbcN\x0be\xb9\
v\x84\x902\x96\x8eS@W\xdfN-}\xe8\x8f/\
0\x02\x08\x00\x00\x00\x00\x06\x00\x00\x00aThis\
 rule cannot be \
shown in the vis\
ual editor ({rea\
son}). Edit it i\
n the advanced s\
ection below.\x07\x00\x00\
\x00\x11RuleBuilderWid\
get\x01\x03\x00\x00\x00\x08e\xb0X\x9erGk\
\xb5\x08\x00\x00\x00\x00\x06\x00\x00\x00\x0cAdd f\
ragment\x07\x00\x00\x00\x0cRule\
LevelRow\x01\x03\x00\x00\x00\x08R*\
\x96d\x5cd}\x1a\x08\x00\x00\x00\x00\x06\x00\x00\x00\x0c\
Delete level\x07\x00\x00\x00\
\x0cRuleLevelRow\x01\x03\x00\
\x00\x00\x0ep\xbazz\xff\x0c\x5c\x07\x88\xabue\x90\
N\x08\x00\x00\x00\x00\x06\x00\x00\x00\x16Empty\
, will be skippe\
d\x07\x00\x00\x00\x0cRuleLevelR\
ow\x01\x03\x00\x00\x00\x08c\xd2Qee\x87[W\
\x08\x00\x00\x00\x00\x06\x00\x00\x00\x0bInsert\
 text\x07\x00\x00\x00\x0cRuleLe\
velRow\x01\x03\x00\x00\x00\x04N\x0by\xfb\
\x08\x00\x00\x00\x00\x06\x00\x00\x00\x09Move d\
own\x07\x00\x00\x00\x0cRuleLeve\
lRow\x01\x03\x00\x00\x00\x04N\x0ay\xfb\x08\x00\
\x00\x00\x00\x06\x00\x00\x00\x07Move up\x07\
\x00\x00\x00\x0cRuleLevelRow\
\x01\x03\x00\x00\x00\x04e\xb0X\x9e\x08\x00\x00\x00\x00\x06\
\x00\x00\x00\x03Add\x07\x00\x00\x00\x0eRule\
ListDialog\x01\x03\x00\x00\x00@\
b@g\x09\x81\xea\x8a\x02T}T\x0d\x89\x8fRG\
\x90\xfd\x5c\x07\x88\xabchh\xc4\xff\x0cQg^\xfa\
\x89\x8fRGN_g\x03\x90\x84S\x9fp\xba\x98\x10\
\x8a-P<\xff\x0cf/T&~|~\x8c\xff\x1f\
\x08\x00\x00\x00\x00\x06\x00\x00\x00]All cu\
stom naming rule\
s will be discar\
ded, and the bui\
lt-in rules will\
 be restored. Co\
ntinue?\x07\x00\x00\x00\x0eRule\
ListDialog\x01\x03\x00\x00\x00\x04\
S\xd6m\x88\x08\x00\x00\x00\x00\x06\x00\x00\x00\x06Ca\
ncel\x07\x00\x00\x00\x0eRuleLis\
tDialog\x01\x03\x00\x00\x00\x10q!l\
\xd5R*\x96d\x98\x10\x8a-\x89\x8fRG\x08\x00\x00\
\x00\x00\x06\x00\x00\x00\x1aCannot de\
lete default rul\
e\x07\x00\x00\x00\x0eRuleListDi\
alog\x01\x03\x00\x00\x00\x18N\x0b\x8f\x09\x8ar\
\x98^W\x8bZ\x92\x9a\xd4fB\x98\x10\x8a-\x90x\
N-\x08\x00\x00\x00\x00\x06\x00\x00\x005Chos\
en by default wh\
en downloading t\
his type of medi\
a\x07\x00\x00\x00\x0eRuleListDi\
alog\x01\x03\x00\x00\x00\x04\x98\x10\x8a-\x08\x00\
\x00\x00\x00\x06\x00\x00\x00\x07Default\x07\
\x00\x00\x00\x0eRuleListDial\
og\x01\x03\x00\x00\x00\x04R*\x96d\x08\x00\x00\x00\
\x00\x06\x00\x00\x00\x06Delete\x07\x00\x00\x00\
\x0eRuleListDialog\x01\
\x03\x00\x00\x00\x0ae>h\xc4\x8b\x8af\xf4\xff\x1f\x08\
\x00\x00\x00\x00\x06\x00\x00\x00\x10Discard\
 changes?\x07\x00\x00\x00\x0eRu\
leListDialog\x01\x03\x00\x00\
\x00\x04\x89\x07\x88\xfd\x08\x00\x00\x00\x00\x06\x00\x00\x00\x09\
Duplicate\x07\x00\x00\x00\x0eRu\
leListDialog\x01\x03\x00\x00\
\x00\x08T}T\x0d\x89\x8fRG\x08\x00\x00\x00\x00\x06\
\x00\x00\x00\x0cNaming Rules\
\x07\x00\x00\x00\x0eRuleListDia\
log\x01\x03\x00\x00\x00\x0eT}T\x0d\x89\x8fR\
G]\xf2Q2[X\x08\x00\x00\x00\x00\x06\x00\x00\x00\
\x12Naming rules sa\
ved\x07\x00\x00\x00\x0eRuleList\
Dialog\x01\x03\x00\x00\x00\x1aP\xc5\x80\xfd\
R*\x96d\x97^\x98\x10\x8a-v\x84T}T\x0d\
\x89\x8fRG0\x02\x08\x00\x00\x00\x00\x06\x00\x00\x00-\
Only non-default\
 naming rules ca\
n be deleted.\x07\x00\x00\
\x00\x0eRuleListDialog\
\x01\x03\x00\x00\x00\x0c\x91\xcd\x8a-p\xba\x98\x10\x8a-\
P<\x08\x00\x00\x00\x00\x06\x00\x00\x00\x10Rese\
t to Default\x07\x00\x00\x00\
\x0eRuleListDialog\x01\
\x03\x00\x00\x00\x0c\x90\x84S\x9fQg^\xfa\x98\x10\x8a\
-\x08\x00\x00\x00\x00\x06\x00\x00\x00\x1bResto\
re to Built-in D\
efault\x07\x00\x00\x00\x0eRuleL\
istDialog\x01\x03\x00\x00\x00\x0e]\
\xf2\x90\x84S\x9fQg^\xfa\x98\x10\x8a-\x08\x00\x00\
\x00\x00\x06\x00\x00\x00 Restored \
to the built-in \
default\x07\x00\x00\x00\x0eRule\
ListDialog\x01\x03\x00\x00\x00\x08\
\x89\x8fRGT\x0dz1\x08\x00\x00\x00\x00\x06\x00\x00\
\x00\x09Rule Name\x07\x00\x00\x00\x0e\
RuleListDialog\x01\x03\
\x00\x00\x00\x08\x89\x8fRG\x98^W\x8b\x08\x00\x00\x00\
\x00\x06\x00\x00\x00\x09Rule Type\x07\
\x00\x00\x00\x0eRuleListDial\
og\x01\x03\x00\x00\x00\x04Q2[X\x08\x00\x00\x00\
\x00\x06\x00\x00\x00\x04Save\x07\x00\x00\x00\x0eR\
uleListDialog\x01\x03\x00\
\x00\x00\x0ed\x1c\x5c\x0b\x89\x8fRG\x00.\x00.\x00\
.\x08\x00\x00\x00\x00\x06\x00\x00\x00\x0fSearc\
h rules...\x07\x00\x00\x00\x0eR\
uleListDialog\x01\x03\x00\
\x00\x00\x1aT}T\x0d\x89\x8fRG]\xf2O\xeee\
9OF\x5c\x1ag*Q2[X0\x02\x08\x00\x00\
\x00\x00\x06\x00\x00\x002The namin\
g rules have bee\
n modified but n\
ot saved.\x07\x00\x00\x00\x0eRu\
leListDialog\x01\x03\x00\x00\
\x00\x14\x00{\x00n\x00a\x00m\x00e\x00}\xff\x08\
\x89\x07g,\xff\x09\x08\x00\x00\x00\x00\x06\x00\x00\x00\x0d\
{name} (copy)\x07\x00\x00\
\x00\x0eRuleListDialog\
\x01\x03\x00\x00\x00\x04T\x08\x96\xc6\x08\x00\x00\x00\x00\x06\
\x00\x00\x00\x0aCollection\x07\x00\
\x00\x00\x10RulePreviewPa\
nel\x01\x03\x00\x00\x00\x08Y\x1a\x00Ph\x9dv\
\xee\x08\x00\x00\x00\x00\x06\x00\x00\x00\x10Multi\
-part entry\x07\x00\x00\x00\x10\
RulePreviewPanel\
\x01\x03\x00\x00\x00\x08Y\x1a\x00P_qrG\x08\x00\
\x00\x00\x00\x06\x00\x00\x00\x10Multi-pa\
rt video\x07\x00\x00\x00\x10Rul\
ePreviewPanel\x01\x03\x00\
\x00\x00 c\x09T\x04\x81\xea\x98^W\x8bv\x84\x89\
\x8fRGT}T\x0d\xff\x0cN\x0dYWu(\x90\
\x19h\x9d\x08\x00\x00\x00\x00\x06\x00\x00\x00-Nam\
ed by its own ty\
pe's rule, not b\
y this one\x07\x00\x00\x00\x10R\
ulePreviewPanel\x01\
\x03\x00\x00\x00\x04\x98\x10\x89\xbd\x08\x00\x00\x00\x00\x06\x00\
\x00\x00\x07Preview\x07\x00\x00\x00\x10R\
ulePreviewPanel\x01\
\x03\x00\x00\x00\x0ev\xf8\x5c\x0de\xbcN\x0b\x8f\x09v\
\xee\x93\x04\x08\x00\x00\x00\x00\x06\x00\x00\x00\x1fRel\
ative to the dow\
nload folder\x07\x00\x00\x00\
\x10RulePreviewPane\
l\x01\x03\x00\x00\x00\x08U\xaeP\x0b_qrG\x08\
\x00\x00\x00\x00\x06\x00\x00\x00\x0cSingle \
video\x07\x00\x00\x00\x10RulePr\
eviewPanel\x01\x03\x00\x00\x00\x08\
U\xae\x00Ph\x9dv\xee\x08\x00\x00\x00\x00\x06\x00\x00\
\x00\x11Single-part en\
try\x07\x00\x00\x00\x10RulePrev\
iewPanel\x01\x03\x00\x00\x00\x08^\x95\
\x90\xe8\x7fnN-\x08\x00\x00\x00\x00\x06\x00\x00\x00\x0d\
Bottom Center\x07\x00\x00\
\x00\x13SUBTITLES_ALIG\
NMENT\x01\x03\x00\x00\x00\x0a^\x95\x90\xe8]\
\xe6\x5c\x0d\x9fJ\x08\x00\x00\x00\x00\x06\x00\x00\x00\x0bB\
ottom Left\x07\x00\x00\x00\x13S\
UBTITLES_ALIGNME\
NT\x01\x03\x00\x00\x00\x0a^\x95\x90\xe8S\xf3\x5c\x0d\
\x9fJ\x08\x00\x00\x00\x00\x06\x00\x00\x00\x0cBott\
om Right\x07\x00\x00\x00\x13SUB\
TITLES_ALIGNMENT\
\x01\x03\x00\x00\x00\x08N-\x90\xe8\x7fnN-\x08\x00\
\x00\x00\x00\x06\x00\x00\x00\x0dMiddle C\
enter\x07\x00\x00\x00\x13SUBTIT\
LES_ALIGNMENT\x01\x03\x00\
\x00\x00\x0aN-\x90\xe8]\xe6\x5c\x0d\x9fJ\x08\x00\x00\
\x00\x00\x06\x00\x00\x00\x0bMiddle Le\
ft\x07\x00\x00\x00\x13SUBTITLES\
_ALIGNMENT\x01\x03\x00\x00\x00\x0a\
N-\x90\xe8S\xf3\x5c\x0d\x9fJ\x08\x00\x00\x00\x00\x06\
\x00\x00\x00\x0cMiddle Right\
\x07\x00\x00\x00\x13SUBTITLES_A\
LIGNMENT\x01\x03\x00\x00\x00\x08\x98\x02\
\x90\xe8\x7fnN-\x08\x00\x00\x00\x00\x06\x00\x00\x00\x0a\
Top Center\x07\x00\x00\x00\x13S\
UBTITLES_ALIGNME\
NT\x01\x03\x00\x00\x00\x0a\x98\x02\x90\xe8]\xe6\x5c\x0d\
\x9fJ\x08\x00\x00\x00\x00\x06\x00\x00\x00\x08Top \
Left\x07\x00\x00\x00\x13SUBTITL\
ES_ALIGNMENT\x01\x03\x00\x00\
\x00\x0a\x98\x02\x90\xe8S\xf3\x5c\x0d\x9fJ\x08\x00\x00\x00\
\x00\x06\x00\x00\x00\x09Top Right\x07\
\x00\x00\x00\x13SUBTITLES_AL\
IGNMENT\x01\x03\x00\x00\x00\x1a\x00{\x00\
n\x00a\x00m\x00e\x00}\xff\x08\x00A\x00I\x00\
 u\x1fb\x10\xff\x09\x08\x00\x00\x00\x00\x06\x00\x00\x00\
\x15{name} (AI Gene\
rated)\x07\x00\x00\x00\x14SUBTI\
TLE_TRACK_TITLE\x01\
\x03\x00\x00\x00\x0c\x8a\xcb\x8f8Qe\x95\xdc\x93u[\
W\x08\x00\x00\x00\x00\x06\x00\x00\x00\x18Enter\
 keywords to sea\
rch\x07\x00\x00\x00\x0cSearchDi\
alog\x01\x03\x00\x00\x00\x0eP\xc5{\xe9\x90x\
v\xeeRM\x98\x01\x97b\x08\x00\x00\x00\x00\x06\x00\x00\
\x00\x1cFilter the cur\
rent page only\x07\x00\
\x00\x00\x0cSearchDialog\x01\
\x03\x00\x00\x006S\xea\x80\xfd{\xe9\x90xv\xeeR\
M\x98\x01\x97b\xff\x0cY\x82\x97\x00d\x1c\x5c\x0bQ\
h\x90\xe8Qg[\xb9\xff\x0c\x8a\xcbQH\x89\xe3g\
\x90Qh\x90\xe8R\x06\x98\x010\x02\x08\x00\x00\x00\x00\
\x06\x00\x00\x00VOnly the cu\
rrent page can b\
e filtered. To s\
earch the full l\
ist, parse all p\
ages first.\x07\x00\x00\x00\x0c\
SearchDialog\x01\x03\x00\x00\
\x00\x10\x8a\xcb\x8f8Qed\x1c\x5c\x0b\x95\xdc\x93u\
[W\x08\x00\x00\x00\x00\x06\x00\x00\x00\x1cPlea\
se enter search \
keywords\x07\x00\x00\x00\x0cSea\
rchDialog\x01\x03\x00\x00\x00\x04d\
\x1c\x5c\x0b\x08\x00\x00\x00\x00\x06\x00\x00\x00\x06Sea\
rch\x07\x00\x00\x00\x0cSearchDi\
alog\x01\x03\x00\x00\x00\x0cd\x1c\x5c\x0bQh\
\x90\xe8R\x06\x98\x01\x08\x00\x00\x00\x00\x06\x00\x00\x00\x10\
Search all pages\
\x07\x00\x00\x00\x0cSearchDialo\
g\x01\x03\x00\x00\x00\x08d\x1c\x5c\x0b{\xc4W\x0d\x08\
\x00\x00\x00\x00\x06\x00\x00\x00\x0cSearch \
scope\x07\x00\x00\x00\x0cSearch\
Dialog\x01\x03\x00\x00\x00\x04n\x05\x96d\
\x08\x00\x00\x00\x00\x06\x00\x00\x00\x09Clear \
All\x07\x00\x00\x00\x0cSearchWi\
dget\x01\x03\x00\x00\x00\x0eg*b~R0\
v\xf8{&\x98\x05v\xee\x08\x00\x00\x00\x00\x06\x00\x00\
\x00\x10No matches fou\
nd\x07\x00\x00\x00\x0cSearchWid\
get\x01\x03\x00\x00\x00\x04Qh\x90x\x08\x00\x00\
\x00\x00\x06\x00\x00\x00\x0aSelect Al\
l\x07\x00\x00\x00\x0cSearchWidg\
et\x01\x03\x00\x00\x00.{,\x00 \x00{\x00i\
\x00n\x00d\x00e\x00x\x00}\x00 P\x0b\xff\x0c\
Qq\x00 \x00{\x00c\x00o\x00u\x00n\x00t\
\x00}\x00 P\x0b\x08\x00\x00\x00\x00\x06\x00\x00\x00\x12\
{index} of {coun\
t}\x07\x00\x00\x00\x0cSearchWid\
get\x01\x03\x00\x00\x00\x04R\x06\x98\x01\x08\x00\x00\
\x00\x00\x06\x00\x00\x00\x0aPaginatio\
n\x07\x00\x00\x00\x0fSegmentedW\
idget\x01\x03\x00\x00\x00\x08d\x1c\x5c\x0b}\
Pg\x9c\x08\x00\x00\x00\x00\x06\x00\x00\x00\x0eSea\
rch results\x07\x00\x00\x00\x0f\
SegmentedWidget\x01\
\x03\x00\x00\x00\x14N-W\x0b\xff\x08T+n/o\
\xb3S\xf0W0S@\xff\x09\x08\x00\x00\x00\x00\x06\x00\
\x00\x00.China (Includ\
ing Hong Kong, M\
acau, and Taiwan\
)\x07\x00\x00\x00\x10SelectArea\
Dialog\x01\x03\x00\x00\x00\x08QvN\xd6\
W0S@\x08\x00\x00\x00\x00\x06\x00\x00\x00\x0dOt\
her Regions\x07\x00\x00\x00\x10\
SelectAreaDialog\
\x01\x03\x00\x00\x00R\x8a\xcb\x90xd\xc7`\xa8v\x84\
[\xe6\x96\x9bb@W(W0\xff\x0cz\x0b_\x0f\
\x5c\x07d\xdakd\x81\xeaR\xd5S9\x91Mf\xf4\
T\x08\x90iv\x84\x00 \x00C\x00D\x00N\x00 \
O:g\x0dVh\xff\x0cN\xe5c\xd0SGN\x0b\
\x8f\x09\x90\x1f^\xa60\x02\x08\x00\x00\x00\x00\x06\x00\x00\
\x00\x8aPlease select \
your actual loca\
tion. The progra\
m will automatic\
ally match a mor\
e suitable CDN s\
erver accordingl\
y to improve dow\
nload speed.\x07\x00\x00\x00\
\x10SelectAreaDialo\
g\x01\x03\x00\x00\x00\x0c\x90xd\xc7W0t\x06O\
M\x7fn\x08\x00\x00\x00\x00\x06\x00\x00\x00\x1aSel\
ect Geographic L\
ocation\x07\x00\x00\x00\x10Sele\
ctAreaDialog\x01\x03\x00\x00\
\x004c\xd0y:\xff\x1aY\x82g\x9c`\xa8kc\
W(O\x7fu(N\xe3t\x06\xff\x0c\x8a\xcb\x90x\
d\xc7N\xe3t\x06O:g\x0dVhb@W(\
S@W\xdf0\x02\x08\x00\x00\x00\x00\x06\x00\x00\x00Z\
Tip: If you are \
using a proxy, p\
lease select the\
 region where th\
e proxy server i\
s located.\x07\x00\x00\x00\x10S\
electAreaDialog\x01\
\x03\x00\x00\x00\x16\x8a\xbfeta\xc9u(N\xcb\x97\
bv\x84~.e>k\xd4O\x8b\x08\x00\x00\x00\x00\
\x06\x00\x00\x00/Adjust the \
scaling of the a\
pplication inter\
face\x07\x00\x00\x00\x10Setting\
Interface\x01\x03\x00\x00\x00\x04\x90\
2\x96\x8e\x08\x00\x00\x00\x00\x06\x00\x00\x00\x08Adv\
anced\x07\x00\x00\x00\x10Settin\
gInterface\x01\x03\x00\x00\x00\x04\
\x88Lp\xba\x08\x00\x00\x00\x00\x06\x00\x00\x00\x08Be\
havior\x07\x00\x00\x00\x10Setti\
ngInterface\x01\x03\x00\x00\x00\
\x1eg*b~R0z\x0b_\x0fQg^\xfav\
\x84\x00 \x00F\x00F\x00m\x00p\x00e\x00g\x08\
\x00\x00\x00\x00\x06\x00\x00\x00\x18Bundled\
 FFmpeg not foun\
d\x07\x00\x00\x00\x10SettingInt\
erface\x01\x03\x00\x00\x00\x16\x90xd\xc7\
a\xc9u(z\x0b_\x0fv\x84\x98oy:\x8a\x9e\
\x8a\x00\x08\x00\x00\x00\x00\x06\x00\x00\x00.Choo\
se the display l\
anguage of the a\
pplication\x07\x00\x00\x00\x10S\
ettingInterface\x01\
\x03\x00\x00\x00\x12\x8a-[\x9a\x91\xcde\xb0U_R\
\xd5_\x8cu\x1feH\x08\x00\x00\x00\x00\x06\x00\x00\x00\
(Configuration t\
akes effect afte\
r restart\x07\x00\x00\x00\x10Se\
ttingInterface\x01\x03\
\x00\x00\x00\x16\x81\xea\x8a\x02N\x0b\x8f\x09j\x94hH\
v\x84T}T\x0d\x89\x8fRG\x08\x00\x00\x00\x00\x06\
\x00\x00\x004Customize th\
e naming convent\
ion for download\
ed files\x07\x00\x00\x00\x10Set\
tingInterface\x01\x03\x00\
\x00\x00\x06\x81\xea\x8a\x02 &\x08\x00\x00\x00\x00\x06\x00\
\x00\x00\x0cCustomize\xe2\x80\xa6\x07\
\x00\x00\x00\x10SettingInter\
face\x01\x03\x00\x00\x00\x1e_H^U0\x01\
[W^U0\x01\x5c\x01\x97b0\x01z\xe0{\xc0\
\x82\x07QCexd\xda\x08\x00\x00\x00\x00\x06\x00\x00\
\x001Danmaku, Subti\
tles, Cover, Cha\
pters, and Metad\
ata\x07\x00\x00\x00\x10SettingI\
nterface\x01\x03\x00\x00\x00\x08\x98o\
y:~.e>\x08\x00\x00\x00\x00\x06\x00\x00\x00\x0f\
Display Scaling\x07\
\x00\x00\x00\x10SettingInter\
face\x01\x03\x00\x00\x00\x04N\x0b\x8f\x09\x08\x00\
\x00\x00\x00\x06\x00\x00\x00\x08Download\
\x07\x00\x00\x00\x10SettingInte\
rface\x01\x03\x00\x00\x004\x00F\x00F\x00\
m\x00p\x00e\x00g\x00 S\xefW\xf7\x88Lj\
\x94\x00 \x00(\x00{\x00e\x00x\x00e\x00c\x00\
u\x00t\x00a\x00b\x00l\x00e\x00}\x00)\x08\
\x00\x00\x00\x00\x06\x00\x00\x00 FFmpeg \
executable ({exe\
cutable})\x07\x00\x00\x00\x10Se\
ttingInterface\x01\x03\
\x00\x00\x00\x08j\x94hHT}T\x0d\x08\x00\x00\x00\
\x00\x06\x00\x00\x00\x0bFile namin\
g\x07\x00\x00\x00\x10SettingInt\
erface\x01\x03\x00\x00\x00\x04N\xcb\x97b\
\x08\x00\x00\x00\x00\x06\x00\x00\x00\x09Interf\
ace\x07\x00\x00\x00\x10SettingI\
nterface\x01\x03\x00\x00\x00\x04\x8a\x9e\
\x8a\x00\x08\x00\x00\x00\x00\x06\x00\x00\x00\x08Lang\
uage\x07\x00\x00\x00\x10Setting\
Interface\x01\x03\x00\x00\x00\x04e\
\xe5\x8a\x8c\x08\x00\x00\x00\x00\x06\x00\x00\x00\x04Log\
s\x07\x00\x00\x00\x10SettingInt\
erface\x01\x03\x00\x00\x00\x16\x00M\x00C\
\x00P\x00 O:g\x0dVhU_R\xd5Y1\
eW\x08\x00\x00\x00\x00\x06\x00\x00\x00\x1aMCP \
server failed to\
 start\x07\x00\x00\x00\x10Setti\
ngInterface\x01\x03\x00\x00\x00\
\x08T}T\x0d\x89\x8fRG\x08\x00\x00\x00\x00\x06\x00\
\x00\x00\x11Naming Conven\
tion\x07\x00\x00\x00\x10Setting\
Interface\x01\x03\x00\x00\x00\x1c\x90\
xd\xc7\x00 \x00F\x00F\x00m\x00p\x00e\x00\
g\x00 S\xefW\xf7\x88Lj\x94\x08\x00\x00\x00\x00\
\x06\x00\x00\x00\x18Select FFmp\
eg executable\x07\x00\x00\
\x00\x10SettingInterfa\
ce\x01\x03\x00\x00\x00\x08|\xfb}q\x98\x10\x8a-\
\x08\x00\x00\x00\x00\x06\x00\x00\x00\x0eSystem\
 default\x07\x00\x00\x00\x10Set\
tingInterface\x01\x03\x00\
\x00\x00P\x7f:\x5c\x11z\x0b_\x0fQg^\xfav\
\x84\x00 \x00F\x00F\x00m\x00p\x00e\x00g\x00\
 S\xefW\xf7\x88Lj\x940\x02\x8a\xcbR\x07c\
\xdb\x81\xf30\x0c|\xfb}qt\xb0X\x83\x8b\x8ae\
x0\x0db\x16c\x07[\x9a\x81\xea\x8a\x02\x8d\xef_\
\x910\x02\x08\x00\x00\x00\x00\x06\x00\x00\x00bThe\
 bundled FFmpeg \
executable is mi\
ssing. Please sw\
itch to 'System \
PATH' or specify\
 a custom path.\x07\
\x00\x00\x00\x10SettingInter\
face\x01\x03\x00\x00\x00\x08\x8e\xdf\x9a\xd4f\xf4\
e\xb0\x08\x00\x00\x00\x00\x06\x00\x00\x00\x07Upda\
tes\x07\x00\x00\x00\x10SettingI\
nterface\x01\x03\x00\x00\x00\x08j\xa2\
\x89\x96e\xe5\x8a\x8c\x08\x00\x00\x00\x00\x06\x00\x00\x00\x09\
View Logs\x07\x00\x00\x00\x10Se\
ttingInterface\x01\x03\
\x00\x00\x00\x10j\xa2\x89\x96a\xc9u(z\x0b_\x0f\
e\xe5\x8a\x8c\x08\x00\x00\x00\x00\x06\x00\x00\x00\x15Vi\
ew application l\
ogs\x07\x00\x00\x00\x10SettingI\
nterface\x01\x03\x00\x00\x00\x04SG\
^\x8f\x08\x00\x00\x00\x00\x06\x00\x00\x00\x09Asce\
nding\x07\x00\x00\x00\x10SortFl\
youtWidget\x01\x03\x00\x00\x00\x04\
\x96M^\x8f\x08\x00\x00\x00\x00\x06\x00\x00\x00\x0aDe\
scending\x07\x00\x00\x00\x10Sor\
tFlyoutWidget\x01\x03\x00\
\x00\x00\x08c\x92^\x8fe\xb9_\x0f\x08\x00\x00\x00\x00\
\x06\x00\x00\x00\x07Sort By\x07\x00\x00\x00\
\x10SortFlyoutWidge\
t\x01\x03\x00\x00\x00\x08c\x92^\x8fe\xb9T\x11\x08\
\x00\x00\x00\x00\x06\x00\x00\x00\x0eSort Di\
rection\x07\x00\x00\x00\x10Sort\
FlyoutWidget\x01\x03\x00\x00\
\x00\x08U_u(\x96P\x90\x1f\x08\x00\x00\x00\x00\x06\
\x00\x00\x00\x12Enable Speed\
 Limit\x07\x00\x00\x00\x17Speed\
LimitSettingDial\
og\x01\x03\x00\x00\x00\x0c\x90\x1f^\xa6\x96PR6\
\x8a-[\x9a\x08\x00\x00\x00\x00\x06\x00\x00\x00\x14Sp\
eed Limit Settin\
gs\x07\x00\x00\x00\x17SpeedLimi\
tSettingDialog\x01\x03\
\x00\x00\x00$\x90\x1f^\xa6\x96PR6\xff\x08\x00M\
\x00B\x00/\x00s\xff\x0c\x000\x00 \x88hy:\
q!\x96PR6\xff\x09\x08\x00\x00\x00\x00\x06\x00\x00\
\x00!Speed limit (M\
B/s, 0 = unlimit\
ed)\x07\x00\x00\x00\x17SpeedLim\
itSettingDialog\x01\
\x03\x00\x00\x00\x10\x8a\xbfet[W^UN\x0b\x8f\
\x09\x8a-[\x9a\x08\x00\x00\x00\x00\x06\x00\x00\x00!A\
djust subtitle d\
ownload settings\
\x07\x00\x00\x00\x13SubtitleSet\
tingCard\x01\x03\x00\x00\x00\x06\x81\xea\
\x8a\x02 &\x08\x00\x00\x00\x00\x06\x00\x00\x00\x0cCu\
stomize\xe2\x80\xa6\x07\x00\x00\x00\x13S\
ubtitleSettingCa\
rd\x01\x03\x00\x00\x00\x12]LQe_\x8cR*\
\x96d[W^Uj\x94hH\x08\x00\x00\x00\x00\x06\
\x00\x00\x00 Delete Subti\
tles After Embed\
ding\x07\x00\x00\x00\x13Subtitl\
eSettingCard\x01\x03\x00\x00\
\x00\x22\x5c\x07[W^U]LQe_qrG\
j\x94hH_\x8cR*\x96dS\x9f[W^U\
j\x94hH\x08\x00\x00\x00\x00\x06\x00\x00\x00KDe\
lete the origina\
l subtitle files\
 after embedding\
 them into the v\
ideo file\x07\x00\x00\x00\x13Su\
btitleSettingCar\
d\x01\x03\x00\x00\x00\x08N\x0b\x8f\x09[W^U\x08\
\x00\x00\x00\x00\x06\x00\x00\x00\x12Downloa\
d Subtitles\x07\x00\x00\x00\x13\
SubtitleSettingC\
ard\x01\x03\x00\x00\x00\x08]LQe[W^\
U\x08\x00\x00\x00\x00\x06\x00\x00\x00\x0fEmbed\
 Subtitles\x07\x00\x00\x00\x13S\
ubtitleSettingCa\
rd\x01\x03\x00\x00\x00V\x5c\x07[W^UO\x5c\
p\xba[W^U\x8e\xcc]LQe\x81\xf3_q\
rGj\x94hHN-\xff\x0cP\xc5W([W\
^Uh<_\x0fp\xba\x00 \x00A\x00S\x00S\
\x00 N\x14\x8f8Q\xfa[\xb9Vhp\xba\x00 \
\x00M\x00K\x00V\x00 fBS\xefu(\x08\x00\
\x00\x00\x00\x06\x00\x00\x00}Embed su\
btitles into the\
 video file as s\
ubtitle tracks, \
only available w\
hen the format i\
s ASS and the ou\
tput container i\
s MKV\x07\x00\x00\x00\x13Subtit\
leSettingCard\x01\x03\x00\
\x00\x00\x18P\xc5\x00 \x00A\x00S\x00S\x00 h\
<_\x0f[W^Ug\x09eH\x08\x00\x00\x00\x00\
\x06\x00\x00\x00'Only effect\
ive for ASS form\
at subtitles\x07\x00\x00\x00\
\x13SubtitleSetting\
Card\x01\x03\x00\x00\x00\x0c[W^UN\x0b\
\x8f\x09\x8a-[\x9a\x08\x00\x00\x00\x00\x06\x00\x00\x00\x1a\
Subtitle Downloa\
d Settings\x07\x00\x00\x00\x13S\
ubtitleSettingCa\
rd\x01\x03\x00\x00\x00\x08[W^Uh<_\x0f\
\x08\x00\x00\x00\x00\x06\x00\x00\x00\x0fSubtit\
le Format\x07\x00\x00\x00\x13Su\
btitleSettingCar\
d\x01\x03\x00\x00\x00\x08[W^U\x8a\x9e\x8a\x00\x08\
\x00\x00\x00\x00\x06\x00\x00\x00\x11Subtitl\
e Language\x07\x00\x00\x00\x13S\
ubtitleSettingCa\
rd\x01\x03\x00\x00\x00\x08[W^Uj#_\x0f\
\x08\x00\x00\x00\x00\x06\x00\x00\x00\x0eSubtit\
le Style\x07\x00\x00\x00\x13Sub\
titleSettingCard\
\x01\x03\x00\x00\x00\x06\x8bXR%x\xbc\x08\x00\x00\x00\
\x00\x06\x00\x00\x00\x04Code\x07\x00\x00\x00\x17S\
ubtitlesLanguage\
Dialog\x01\x03\x00\x00\x00\x0c\x81\xea\x8a\x02\
[W^U\x8a\x9e\x8a\x00\x08\x00\x00\x00\x00\x06\x00\x00\
\x00\x1cCustomize Subt\
itle Languages\x07\x00\
\x00\x00\x17SubtitlesLang\
uageDialog\x01\x03\x00\x00\x00\x10\
N\x0b\x8f\x09b@g\x09S\xefu([W^U\
\x08\x00\x00\x00\x00\x06\x00\x00\x00 Downlo\
ad all available\
 subtitles\x07\x00\x00\x00\x17S\
ubtitlesLanguage\
Dialog\x01\x03\x00\x00\x00\x10P\xc5N\x0b\
\x8f\x09c\x07[\x9av\x84[W^U\x08\x00\x00\x00\
\x00\x06\x00\x00\x00 Download o\
nly selected sub\
titles\x07\x00\x00\x00\x17Subti\
tlesLanguageDial\
og\x01\x03\x00\x00\x00\x04\x8a\x9e\x8a\x00\x08\x00\x00\x00\
\x00\x06\x00\x00\x00\x08Language\x07\x00\
\x00\x00\x17SubtitlesLang\
uageDialog\x01\x03\x00\x00\x00\x04\
^\x8f\x86_\x08\x00\x00\x00\x00\x06\x00\x00\x00\x03No\
.\x07\x00\x00\x00\x17SubtitlesL\
anguageDialog\x01\x03\x00\
\x00\x00\x04}Pg_\x08\x00\x00\x00\x00\x06\x00\x00\x00\
\x04Exit\x07\x00\x00\x00\x0eSystem\
TrayIcon\x01\x03\x00\x00\x00\x0a\x98o\
y:N;N\xcb\x97b\x08\x00\x00\x00\x00\x06\x00\x00\
\x00\x10Show main wind\
ow\x07\x00\x00\x00\x0eSystemTra\
yIcon\x01\x03\x00\x00\x03\x9a\x00<\x00h\x00\
t\x00m\x00l\x00>g,\x8e\xdf\x9a\xd4P\xc5O\
\x9bP\x0bN\xba[x\x7f\xd2\x82\x07x\x14zvu\
(\x90\x14\xff\x0cN\xfbOU\x90\x0f\x90Ng,\x5c\
\x08hHN\x0b\x8f\x09NKQg[\xb9\x00<\x00\
b\x00>P\xc5\x96Pe\xbcP\x0bN\xba\x97^U\
FimO\x7fu(\xff\x0cV\xb4y\x81u(e\
\xbcN\xfbOU_b_\x0fNKUFimv\
\xeev\x840\x01Ql\x95\x8bP\xb3d\xad0\x01e\
cv|0\x01\x8fIU.b\x16\x97^l\xd5r\
_R)0\x02\x00<\x00/\x00b\x00>\x00\x0a\x00\
<\x00b\x00r\x00>\x00<\x00b\x00r\x00>\x00\
\x0ag,\x8e\xdf\x9a\xd4P\xc5W\xfae\xbcO\x7fu\
(\x80\x05\x81\xea\x8e\xab^3\x86_NKT\x08l\
\xd5[XS\xd6k\x0a\x96P\x902\x88Ld\xcdO\
\x5c\xff\x0c\x00<\x00b\x00>N\x0dg\x03~^\x90\
NN\xfbOUN\xd8\x8c\xbbrF0\x01g\x03T\
\xe1\x96PR6b\x16b\x80\x88SO\xdd\x8bwc\
\xaae\xbd0\x02\x00<\x00/\x00b\x00>`\xa8b\
@N\x0b\x8f\x09NKQg[\xb9\xff\x0c_\xc5\x98\
\x08f/`\xa8\x90\x0f\x90Nkc^8v{Q\
e^3\x86__\x8c\xff\x0ce\xbcv\xeej\x19^\
sS\xf0N\x0aS\xefQl\x95\x8b[XS\xd6b\
\x16d\xc1g\x09O\x7fu(k\x0aNK\x90\xe8R\
\x060\x02\x82\xe5`\xa8v\x84^3\x86_q!k\
\x0a[XS\xd6g\xd0Qg[\xb9\xff\x0cRGg\
,\x8e\xdf\x9a\xd4q!l\xd5N\xa6N\x0da\xc9\x88\
\xabu(e\xbcS\xd6_\x97\x8arQg[\xb90\
\x02\x00\x0a\x00<\x00b\x00r\x00>\x00<\x00b\x00\
r\x00>\x00\x0a\x00<\x00b\x00>\x8a\xcbR\xff\x5c\
\x07g,\x8e\xdf\x9a\xd4u(e\xbcY'\x91\xcfb\
\x93S\xd60\x01g*}\x93c\x88k\x0aNKQ\
g[\xb9ecv|\xff\x0cb\x16N\xfbOU\x90\
US\xcdv\xeej\x19^sS\xf0g\x0dR\xd9h\
\x9dk>NK\x88Lp\xba0\x02\x00<\x00/\x00\
b\x00>\x82\xe5V\xe0`\xa8v\x84O\x7fu(\x88\
Lp\xba\x5c\x0e\x81\xf4^3\x86_\x90m\x5c\x01\x93\
\x960\x01\x84WO\x5ck\x0ar-\x8bpb\x16Q\
vN\xd6l\xd5_\x8bUO\x98L\xff\x0c\x95\x8bv\
|\x80\x05i\x82N\x0d\x8c\xa0\x8c\xac0\x02\x00\x0a\x00\
<\x00b\x00r\x00>\x00<\x00b\x00r\x00>\x00\
\x0aW(N\xfbOU`\xc5l\xc1N\x0b\xff\x0c\x95\
\x8bv|\x80\x05WGN\x0d\x5c\x0dV\xe0O\x7fu\
(b\x16q!l\xd5O\x7fu(g,\x8e\xdf\x9a\
\xd4b@\x5c\x0e\x81\xf4NKN\xfbOUv\xf4c\
\xa50\x01\x95\x93c\xa50\x01\x96D^6b\x16\x88\
Mu\x1f`'d\x0d[\xb3b\x7fd\xd4\x8c\xacN\
\xfb0\x02`\xa8t\x06\x89\xe3N&T\x0ca\x0f\xff\
\x0cO\x7fu(g,\x8e\xdf\x9a\xd4SsN\xe3\x88\
h`\xa8]\xf2QER\x06w\xe5`\x89N\x0a\x8f\
\xf0\x98\xa8\x96\xaa\xff\x0cN&\x81\xea\x98Xb\x7fd\
\xd4Qh\x90\xe8_\x8cg\x9c0\x02\x00\x0a\x00<\x00\
b\x00r\x00>\x00<\x00b\x00r\x00>\x00\x0a\x00\
<\x00b\x00>~|~\x8cO\x7fu(g,\x8e\
\xdf\x9a\xd4Ss\x88hy:`\xa8]\xf2\x95\xb1\x8b\
\x800\x01t\x06\x89\xe3N&T\x0ca\x0f\x90u[\
\x88N\x0a\x8f\xf0b@g\x09h\x9dk>0\x02\x00\
<\x00/\x00b\x00>\x00<\x00/\x00h\x00t\x00\
m\x00l\x00>\x08\x00\x00\x00\x00\x06\x00\x00\x06\x02<\
html>This softwa\
re is intended s\
olely for person\
al learning and \
research purpose\
s. Any content d\
ownloaded throug\
h this project <\
b>is strictly li\
mited to persona\
l, non-commercia\
l use and must n\
ot be used for a\
ny commercial pu\
rpose, public di\
stribution, shar\
ing, resale, or \
unlawful profit.\
</b>\x0a<br><br>\x0aTh\
is software oper\
ates exclusively\
 based on the us\
er's own legitim\
ate account acce\
ss rights and <b\
>does not bypass\
 any paywalls, m\
embership restri\
ctions, or techn\
ical protection \
measures.</b> Yo\
u may only downl\
oad content that\
 you are authori\
zed to access th\
rough your norma\
l login on the t\
arget platform. \
If your account \
does not have pe\
rmission to acce\
ss certain conte\
nt, this softwar\
e must not be us\
ed to obtain it.\
\x0a<br><br>\x0a<b>Do \
not use this sof\
tware for bulk s\
craping, unautho\
rized redistribu\
tion of content,\
 or any activity\
 that violates t\
he terms of serv\
ice of the targe\
t platform.</b> \
You assume full \
responsibility f\
or any consequen\
ces arising from\
 your use, inclu\
ding but not lim\
ited to account \
suspension, copy\
right disputes, \
or other legal i\
ssues.\x0a<br><br>\x0a\
Under no circums\
tances shall the\
 developer be li\
able for any dir\
ect, indirect, i\
ncidental, or co\
nsequential dama\
ges resulting fr\
om the use of or\
 inability to us\
e this software.\
 By using this s\
oftware, you ack\
nowledge that yo\
u fully understa\
nd the above ris\
ks and voluntari\
ly accept all as\
sociated respons\
ibilities.\x0a<br><\
br>\x0a<b>Continuin\
g to use this so\
ftware indicates\
 that you have r\
ead, understood,\
 and agreed to c\
omply with all t\
he terms stated \
above.</b></html\
>\x07\x00\x00\x00\x0cTERMS_OF_U\
SE\x01\x03\x00\x00\x00\x0e]\xf2R\xa0QeN\x0b\
\x8f\x09OGR\x17\x08\x00\x00\x00\x00\x06\x00\x00\x00\x17\
Added to downloa\
d queue\x07\x00\x00\x00\x0cTIP_\
MESSAGES\x01\x03\x00\x00\x00\x08\x96D\
R\xa0j\x94hH\x08\x00\x00\x00\x00\x06\x00\x00\x00\x10\
Additional Files\
\x07\x00\x00\x00\x0cTIP_MESSAGE\
S\x01\x03\x00\x00\x00\x12b@g\x09N\x0b\x8f\x09N\
\xfbR\xd9]\xf2[\x8cb\x10\x08\x00\x00\x00\x00\x06\x00\
\x00\x00'All download \
tasks have been \
completed.\x07\x00\x00\x00\x0cT\
IP_MESSAGES\x01\x03\x00\x00\x00\
\x06]\xf2[\x8cb\x10\x08\x00\x00\x00\x00\x06\x00\x00\x00\
\x09Completed\x07\x00\x00\x00\x0cT\
IP_MESSAGES\x01\x03\x00\x00\x00\
\x0c\x8fIc\xdbN-\x00.\x00.\x00.\x08\x00\x00\
\x00\x00\x06\x00\x00\x00\x0dConvertin\
g...\x07\x00\x00\x00\x0cTIP_MES\
SAGES\x01\x03\x00\x00\x00$\x8fIc\xdbN\
-\x00.\x00.\x00.\x00 \x00{\x00p\x00r\x00\
o\x00g\x00r\x00e\x00s\x00s\x00}\x00%\x08\
\x00\x00\x00\x00\x06\x00\x00\x00\x19Convert\
ing... {progress\
}%\x07\x00\x00\x00\x0cTIP_MESSA\
GES\x01\x03\x00\x00\x00\x08N\x0b\x8f\x09[\x8cb\
\x10\x08\x00\x00\x00\x00\x06\x00\x00\x00\x12Downl\
oad completed\x07\x00\x00\
\x00\x0cTIP_MESSAGES\x01\x03\
\x00\x00\x00\x10N\x0b\x8f\x09\x5c\x01\x97bN-\x00.\
\x00.\x00.\x08\x00\x00\x00\x00\x06\x00\x00\x00\x14Do\
wnloading Cover.\
..\x07\x00\x00\x00\x0cTIP_MESSA\
GES\x01\x03\x00\x00\x00\x10N\x0b\x8f\x09_H^\
UN-\x00.\x00.\x00.\x08\x00\x00\x00\x00\x06\x00\
\x00\x00\x16Downloading D\
anmaku...\x07\x00\x00\x00\x0cTI\
P_MESSAGES\x01\x03\x00\x00\x00\x10\
N\x0b\x8f\x09[W^UN-\x00.\x00.\x00.\
\x08\x00\x00\x00\x00\x06\x00\x00\x00\x18Downlo\
ading Subtitles.\
..\x07\x00\x00\x00\x0cTIP_MESSA\
GES\x01\x03\x00\x00\x00\x06]\xf2Y1eH\x08\
\x00\x00\x00\x00\x06\x00\x00\x00\x07Expired\
\x07\x00\x00\x00\x0cTIP_MESSAGE\
S\x01\x03\x00\x00\x00\x0eZ\x92\x9a\xd4\x8c\xc7\x8a\x0a]\
\xf2f\xf4e\xb0\x08\x00\x00\x00\x00\x06\x00\x00\x00\x12M\
edia info update\
d\x07\x00\x00\x00\x0cTIP_MESSAG\
ES\x01\x03\x00\x00\x00\x0cT\x08OuN-\x00.\
\x00.\x00.\x08\x00\x00\x00\x00\x06\x00\x00\x00\x0aMe\
rging...\x07\x00\x00\x00\x0cTIP\
_MESSAGES\x01\x03\x00\x00\x00$T\
\x08OuN-\x00.\x00.\x00.\x00 \x00{\x00\
p\x00r\x00o\x00g\x00r\x00e\x00s\x00s\x00\
}\x00%\x08\x00\x00\x00\x00\x06\x00\x00\x00\x16Mer\
ging... {progres\
s}%\x07\x00\x00\x00\x0cTIP_MESS\
AGES\x01\x03\x00\x00\x00\x10\x89\xe3g\x90z\xe0\
{\xc0N-\x00.\x00.\x00.\x08\x00\x00\x00\x00\x06\
\x00\x00\x00\x13Parsing Chap\
ters...\x07\x00\x00\x00\x0cTIP_\
MESSAGES\x01\x03\x00\x00\x00bkc\
W(\x89\xe3g\x90{,\x00 \x00{\x00l\x00i\
\x00n\x00k\x00}\x00 h\x9d\x90#}P\xff\x0c\
Qq\x00 \x00{\x00t\x00o\x00t\x00a\x00l\
\x00_\x00l\x00i\x00n\x00k\x00s\x00}\x00 \
h\x9d\xff\x0c\x902^\xa6\xff\x1a\x00{\x00p\x00r\
\x00o\x00g\x00r\x00e\x00s\x00s\x00}\x00%\
\x08\x00\x00\x00\x00\x06\x00\x00\x00EParsin\
g link {link}, t\
otal {total_link\
s} links, progre\
ss: {progress}%\x07\
\x00\x00\x00\x0cTIP_MESSAGES\
\x01\x03\x00\x00\x00\x1ckcW(\x89\xe3g\x90{\xc0\
\x9e\xde\xff\x1a\x00{\x00t\x00i\x00t\x00l\x00e\
\x00}\x08\x00\x00\x00\x00\x06\x00\x00\x00\x15Pars\
ing node: {title\
}\x07\x00\x00\x00\x0cTIP_MESSAG\
ES\x01\x03\x00\x00\x00\x5ckcW(\x89\xe3g\x90\
{,\x00 \x00{\x00p\x00a\x00g\x00e\x00}\
\x00 \x98\x01\xff\x0cQq\x00 \x00{\x00t\x00o\
\x00t\x00a\x00l\x00_\x00p\x00a\x00g\x00e\
\x00}\x00 \x98\x01\xff\x0c\x902^\xa6\xff\x1a\x00{\
\x00p\x00r\x00o\x00g\x00r\x00e\x00s\x00s\
\x00}\x00%\x08\x00\x00\x00\x00\x06\x00\x00\x00DPa\
rsing page {page\
}, total {total_\
page} pages, pro\
gress: {progress\
}%\x07\x00\x00\x00\x0cTIP_MESSA\
GES\x01\x03\x00\x00\x00\x0c\x89\xe3g\x90N-\x00\
.\x00.\x00.\x08\x00\x00\x00\x00\x06\x00\x00\x00\x0aP\
arsing...\x07\x00\x00\x00\x0cTI\
P_MESSAGES\x01\x03\x00\x00\x00\x06\
]\xf2f\xabP\x5c\x08\x00\x00\x00\x00\x06\x00\x00\x00\x06\
Paused\x07\x00\x00\x00\x0cTIP_M\
ESSAGES\x01\x03\x00\x00\x00 {IP\
\x19\x00 \x00F\x00F\x00m\x00p\x00e\x00g\x00\
 \x86Ut\x06N-\x00.\x00.\x00.\x08\x00\x00\
\x00\x00\x06\x00\x00\x00\x14Queued fo\
r FFmpeg...\x07\x00\x00\x00\x0c\
TIP_MESSAGES\x01\x03\x00\x00\
\x00\x0c{IP\x19N-\x00.\x00.\x00.\x08\x00\
\x00\x00\x00\x06\x00\x00\x00\x09Queued..\
.\x07\x00\x00\x00\x0cTIP_MESSAG\
ES\x01\x03\x00\x00\x00B\x00{\x00s\x00e\x00c\
\x00o\x00n\x00d\x00s\x00}\x00 y\xd2_\x8c\
\x91\xcd\x8af\xff\x08\x00{\x00c\x00u\x00r\x00r\
\x00e\x00n\x00t\x00}\x00/\x00{\x00t\x00o\
\x00t\x00a\x00l\x00}\xff\x09\x08\x00\x00\x00\x00\x06\
\x00\x00\x00*Retrying in \
{seconds}s ({cur\
rent}/{total})\x07\x00\
\x00\x00\x0cTIP_MESSAGES\x01\
\x03\x00\x00\x00\x12R.RJQCexd\xdaN\
-\x00.\x00.\x00.\x08\x00\x00\x00\x00\x06\x00\x00\x00\
\x14Scraping Metada\
ta...\x07\x00\x00\x00\x0cTIP_ME\
SSAGES\x01\x03\x00\x00\x00\x18d\x1c\x5c\x0b\
\xff\x1a\x00{\x00k\x00e\x00y\x00w\x00o\x00r\
\x00d\x00}\x08\x00\x00\x00\x00\x06\x00\x00\x00\x11Se\
arch: {keyword}\x07\
\x00\x00\x00\x0cTIP_MESSAGES\
\x01\x03\x00\x00\x00(kd_qrGl\x92g\x09\
\x00 \x00{\x00r\x00e\x00q\x00u\x00e\x00s\
\x00t\x00e\x00d\x00}\x00 }\xe8x\xbc\x08\x00\
\x00\x00\x00\x06\x00\x00\x00\x1dThis vid\
eo has no {reque\
sted}\x07\x00\x00\x00\x0cTIP_ME\
SSAGES\x01\x03\x00\x00\x00Fkd_q\
rGl\x92g\x09\x00 \x00{\x00r\x00e\x00q\
\x00u\x00e\x00s\x00t\x00e\x00d\x00}\x00 \
}\xe8x\xbc\xff\x0c\x5c\x07e9p\xbaN\x0b\x8f\x09\
\x00 \x00{\x00a\x00c\x00t\x00u\x00a\x00l\
\x00}\x08\x00\x00\x00\x00\x06\x00\x00\x00-This\
 video has no {r\
equested}, using\
 {actual}\x07\x00\x00\x00\x0cTI\
P_MESSAGES\x01\x03\x00\x00\x00\x12\
kcW(S\xd6_\x97|=T\x0d[\xc6\x94p\
 &\x08\x00\x00\x00\x00\x06\x00\x00\x00 Wait\
ing for the sign\
ature key...\x07\x00\x00\x00\
\x0cTIP_MESSAGES\x01\x03\x00\
\x00\x00\x10v\xeeRM]\xf2f/g\x00e\xb0r\
Hg,\x08\x00\x00\x00\x00\x06\x00\x00\x00(You\
 are already usi\
ng the latest ve\
rsion\x07\x00\x00\x00\x0cTIP_ME\
SSAGES\x01\x03\x00\x00\x00\x08O\x7fu(\
ST\x8bp\x08\x00\x00\x00\x00\x06\x00\x00\x00\x0cTe\
rms of Use\x07\x00\x00\x00\x10T\
ermsOfUseDialog\x01\
\x03\x00\x00\x00\x04S\xd6m\x88\x08\x00\x00\x00\x00\x06\x00\
\x00\x00\x06Cancel\x07\x00\x00\x00\x17To\
pNavigationDialo\
gBase\x01\x03\x00\x00\x00\x04x\xba[\x9a\x08\
\x00\x00\x00\x00\x06\x00\x00\x00\x02OK\x07\x00\x00\x00\x17\
TopNavigationDia\
logBase\x01\x03\x00\x00\x00\x08n\x05\x96\
d\x8a\x18\x93\x04\x08\x00\x00\x00\x00\x06\x00\x00\x00\x09C\
lear All\x07\x00\x00\x00\x10Top\
StackedWidget\x01\x03\x00\
\x00\x00\x08[\x8cb\x10fB\x95\x93\x08\x00\x00\x00\x00\
\x06\x00\x00\x00\x0fCompletion \
Time\x07\x00\x00\x00\x10TopStac\
kedWidget\x01\x03\x00\x00\x00\x08^\
\xfaz\xcbfB\x95\x93\x08\x00\x00\x00\x00\x06\x00\x00\x00\
\x0dCreation Time\x07\x00\
\x00\x00\x10TopStackedWid\
get\x01\x03\x00\x00\x00\x08Qh\x90\xe8R*\x96\
d\x08\x00\x00\x00\x00\x06\x00\x00\x00\x0aDelet\
e All\x07\x00\x00\x00\x10TopSta\
ckedWidget\x01\x03\x00\x00\x00\x08\
N\x0b\x8f\x09\x902^\xa6\x08\x00\x00\x00\x00\x06\x00\x00\
\x00\x11Download Progr\
ess\x07\x00\x00\x00\x10TopStack\
edWidget\x01\x03\x00\x00\x00\x08j\x94\
hHY'\x5c\x0f\x08\x00\x00\x00\x00\x06\x00\x00\x00\x09\
File Size\x07\x00\x00\x00\x10To\
pStackedWidget\x01\x03\
\x00\x00\x00\x0c\x95\x8bU_N\x0b\x8f\x09v\xee\x93\x04\
\x08\x00\x00\x00\x00\x06\x00\x00\x00\x17Open D\
ownload Director\
y\x07\x00\x00\x00\x10TopStacked\
Widget\x01\x03\x00\x00\x00\x08Qh\x90\xe8\
f\xabP\x5c\x08\x00\x00\x00\x00\x06\x00\x00\x00\x09Pa\
use All\x07\x00\x00\x00\x10TopS\
tackedWidget\x01\x03\x00\x00\
\x00\x04c\x92^\x8f\x08\x00\x00\x00\x00\x06\x00\x00\x00\x04\
Sort\x07\x00\x00\x00\x10TopStac\
kedWidget\x01\x03\x00\x00\x00\x08Q\
h\x90\xe8\x95\x8bY\xcb\x08\x00\x00\x00\x00\x06\x00\x00\x00\
\x09Start All\x07\x00\x00\x00\x10T\
opStackedWidget\x01\
\x03\x00\x00\x00\x08j\x19\x98LT\x0dz1\x08\x00\x00\
\x00\x00\x06\x00\x00\x00\x05Title\x07\x00\x00\x00\
\x10TopStackedWidge\
t\x01\x03\x00\x00\x00\x0ee\xb0rHg,]\xf2}\
\x93v|^\x03\x08\x00\x00\x00\x00\x06\x00\x00\x00\x1aA\
 new version is \
available\x07\x00\x00\x00\x0cUp\
dateDialog\x01\x03\x00\x00\x00\x04\
}Pg_\x08\x00\x00\x00\x00\x06\x00\x00\x00\x04Ex\
it\x07\x00\x00\x00\x0cUpdateDia\
log\x01\x03\x00\x00\x00\x0aue\x90Nkdr\
Hg,\x08\x00\x00\x00\x00\x06\x00\x00\x00\x11Ski\
p this version\x07\x00\
\x00\x00\x0cUpdateDialog\x01\
\x03\x00\x00\x00\x08\x8e\xdf\x9a\xd4f\xf4e\xb0\x08\x00\x00\
\x00\x00\x06\x00\x00\x00\x10Update Av\
ailable\x07\x00\x00\x00\x0cUpda\
teDialog\x01\x03\x00\x00\x00\x08z\xcb\
Ssf\xf4e\xb0\x08\x00\x00\x00\x00\x06\x00\x00\x00\x0a\
Update now\x07\x00\x00\x00\x0cU\
pdateDialog\x01\x03\x00\x00\x00\
v\x00{\x00l\x00a\x00t\x00e\x00s\x00t\x00\
_\x00v\x00e\x00r\x00s\x00i\x00o\x00n\x00\
}\x00 rHg,S\xefO\x9bN\x0b\x8f\x09\xff\
\x0c`\xa8v\xeeRMO\x7fu(v\x84rHg\
,f/\x00 \x00{\x00c\x00u\x00r\x00r\x00\
e\x00n\x00t\x00_\x00v\x00e\x00r\x00s\x00\
i\x00o\x00n\x00}0\x02f/T&z\xcbS\
sf\xf4e\xb0\xff\x1f\x08\x00\x00\x00\x00\x06\x00\x00\x00\
\x84Version {latest\
_version} is ava\
ilable for downl\
oad. You are cur\
rently using ver\
sion {current_ve\
rsion}. Would yo\
u like to update\
 now?\x07\x00\x00\x00\x0cUpdate\
Dialog\x01\x03\x00\x00\x00\x0af\xf4e\xb0\
Qg[\xb9\xff\x1a\x08\x00\x00\x00\x00\x06\x00\x00\x00\x0b\
What's new:\x07\x00\x00\x00\x0c\
UpdateDialog\x01\x03\x00\x00\
\x00\x1a\x81\xea\x8a\x02\x00 \x00U\x00s\x00e\x00r\
\x00-\x00A\x00g\x00e\x00n\x00t\x08\x00\x00\x00\
\x00\x06\x00\x00\x00\x14Customize \
User-Agent\x07\x00\x00\x00\x0fU\
serAgentDialog\x01\x03\
\x00\x00\x00\x1c\x8a\xcb\x8f8Qe\x00 \x00U\x00s\
\x00e\x00r\x00-\x00A\x00g\x00e\x00n\x00t\
\x08\x00\x00\x00\x00\x06\x00\x00\x00\x19Please\
 enter a User-Ag\
ent\x07\x00\x00\x00\x0fUserAgen\
tDialog\x01\x03\x00\x00\x00\x1e\x00U\x00\
s\x00e\x00r\x00-\x00A\x00g\x00e\x00n\x00\
t\x00 N\x0dS\xefp\xbazz\x08\x00\x00\x00\x00\
\x06\x00\x00\x00\x1aUser-Agent \
cannot be empty\x07\
\x00\x00\x00\x0fUserAgentDia\
log\x01\x03\x00\x00\x00\x04\x97\xf3\x8c\xea\x08\x00\x00\
\x00\x00\x06\x00\x00\x00\x0dAudio qua\
lity\x07\x00\x00\x00\x14VARIABL\
E_DESCRIPTION\x01\x03\x00\
\x00\x00\x08kLf\xf2O\x5c\x80\x05\x08\x00\x00\x00\x00\
\x06\x00\x00\x00\x12Author of t\
he song\x07\x00\x00\x00\x14VARI\
ABLE_DESCRIPTION\
\x01\x03\x00\x00\x00\x06\x00B\x00V\x86_\x08\x00\x00\x00\
\x00\x06\x00\x00\x00\x09BV number\x07\
\x00\x00\x00\x14VARIABLE_DES\
CRIPTION\x01\x03\x00\x00\x00\x08T\x08\
\x96\xc6T\x0dz1\x08\x00\x00\x00\x00\x06\x00\x00\x00\x10\
Collection title\
\x07\x00\x00\x00\x14VARIABLE_DE\
SCRIPTION\x01\x03\x00\x00\x00:_\
qrGQg[\xb9j\x19\x98L\xff\x08N\x00\x82\
,_qrGp\xba_qrGj\x19\x98L\xff\
\x0cR\x06\x00P_qrGp\xbav\xeeRM\x5c\
\x0f{\xc0j\x19\x98L\xff\x09\x08\x00\x00\x00\x00\x06\x00\
\x00\x00HContent title\
 (video title fo\
r single videos,\
 part title for \
multi-part)\x07\x00\x00\x00\x14\
VARIABLE_DESCRIP\
TION\x01\x03\x00\x00\x00\x08\x8a\xb2z\x0bj\x19\
\x98L\x08\x00\x00\x00\x00\x06\x00\x00\x00\x0dCour\
ses title\x07\x00\x00\x00\x14VA\
RIABLE_DESCRIPTI\
ON\x01\x03\x00\x00\x00\x12v\xeeRMR\x06\x00P\
v\x84\x5c\x0f{\xc0j\x19\x98L\x08\x00\x00\x00\x00\x06\
\x00\x00\x00\x14Current part\
's title\x07\x00\x00\x00\x14VAR\
IABLE_DESCRIPTIO\
N\x01\x03\x00\x00\x00\x10N\x0b\x8f\x09N\xfbR\xd9^\
\xfaz\xcbfB\x95\x93\x08\x00\x00\x00\x00\x06\x00\x00\x00\
\x1bDownload task c\
reation time\x07\x00\x00\x00\
\x14VARIABLE_DESCRI\
PTION\x01\x03\x00\x00\x00\x12N\x0b\x8f\x09N\
\xfbR\xd9^\xfaz\xcbfB\x95\x93b3\x08\x00\x00\
\x00\x00\x06\x00\x00\x00 Download \
task creation ti\
mestamp\x07\x00\x00\x00\x14VARI\
ABLE_DESCRIPTION\
\x01\x03\x00\x00\x00\x0a\x00e\x00p\x00_\x00i\x00d\
\x08\x00\x00\x00\x00\x06\x00\x00\x00\x0aEpisod\
e id\x07\x00\x00\x00\x14VARIABL\
E_DESCRIPTION\x01\x03\x00\
\x00\x00\x08g,\x96\xc6}\xe8\x86_\x08\x00\x00\x00\x00\
\x06\x00\x00\x00\x0eEpisode num\
ber\x07\x00\x00\x00\x14VARIABLE\
_DESCRIPTION\x01\x03\x00\x00\
\x00\x08g,\x96\xc6j\x19\x98L\x08\x00\x00\x00\x00\x06\
\x00\x00\x00\x0dEpisode titl\
e\x07\x00\x00\x00\x14VARIABLE_D\
ESCRIPTION\x01\x03\x00\x00\x00\x08\
e6\x85\xcffB\x95\x93\x08\x00\x00\x00\x00\x06\x00\x00\
\x00\x0dFavorite time\x07\
\x00\x00\x00\x14VARIABLE_DES\
CRIPTION\x01\x03\x00\x00\x00\x0ae6\
\x85\xcffB\x95\x93b3\x08\x00\x00\x00\x00\x06\x00\x00\
\x00\x12Favorite times\
tamp\x07\x00\x00\x00\x14VARIABL\
E_DESCRIPTION\x01\x03\x00\
\x00\x00\x0ae6\x85\xcfY>\x00I\x00D\x08\x00\x00\
\x00\x00\x06\x00\x00\x00\x0cFavorites\
 id\x07\x00\x00\x00\x14VARIABLE\
_DESCRIPTION\x01\x03\x00\x00\
\x00\x0ae6\x85\xcfY>T\x0dz1\x08\x00\x00\x00\
\x00\x06\x00\x00\x00\x0eFavorites \
name\x07\x00\x00\x00\x14VARIABL\
E_DESCRIPTION\x01\x03\x00\
\x00\x00\x0ce6\x85\xcfY>d\xc1g\x09\x80\x05\x08\
\x00\x00\x00\x00\x06\x00\x00\x00\x0fFavorit\
es owner\x07\x00\x00\x00\x14VAR\
IABLE_DESCRIPTIO\
N\x01\x03\x00\x00\x00\x12e6\x85\xcfY>d\xc1g\
\x09\x80\x05\x00U\x00I\x00D\x08\x00\x00\x00\x00\x06\x00\
\x00\x00\x12Favorites own\
er id\x07\x00\x00\x00\x14VARIAB\
LE_DESCRIPTION\x01\x03\
\x00\x00\x00\x0e_qrGv\x84[\x8cetj\x19\
\x98L\x08\x00\x00\x00\x00\x06\x00\x00\x00\x10Full\
 video title\x07\x00\x00\x00\
\x14VARIABLE_DESCRI\
PTION\x01\x03\x00\x00\x00\x0cN\x92R\xd5_\
qrGj\x19\x98L\x08\x00\x00\x00\x00\x06\x00\x00\x00\
\x17Interactive vid\
eo title\x07\x00\x00\x00\x14VAR\
IABLE_DESCRIPTIO\
N\x01\x03\x00\x00\x00\x08\x98\x05v\xeej\x19\x98L\x08\
\x00\x00\x00\x00\x06\x00\x00\x00\x0aItem ti\
tle\x07\x00\x00\x00\x14VARIABLE\
_DESCRIPTION\x01\x03\x00\x00\
\x00\x0cN\x0ak!\x89\xc0w\x0bfB\x95\x93\x08\x00\
\x00\x00\x00\x06\x00\x00\x00\x11Last wat\
ched time\x07\x00\x00\x00\x14VA\
RIABLE_DESCRIPTI\
ON\x01\x03\x00\x00\x00\x0eN\x0ak!\x89\xc0w\x0b\
fB\x95\x93b3\x08\x00\x00\x00\x00\x06\x00\x00\x00\x16\
Last watched tim\
estamp\x07\x00\x00\x00\x14VARIA\
BLE_DESCRIPTION\x01\
\x03\x00\x00\x00*\x82\xe5_qrGp\xbaY\x1a\x00\
P\xff\x0cRGp\xbakd_qrGv\x84~\
=j\x19\x98L\xff\x1bT&RGp\xbazz\x08\
\x00\x00\x00\x00\x06\x00\x00\x007Main ti\
tle if video has\
 multiple parts;\
 otherwise empty\
\x07\x00\x00\x00\x14VARIABLE_DE\
SCRIPTION\x01\x03\x00\x00\x00\x0eg\
\x03T\xe1\x8c\xfc\x8a\xb2z\x0b\x00I\x00D\x08\x00\x00\
\x00\x00\x06\x00\x00\x00\x0fMall cour\
ses id\x07\x00\x00\x00\x14VARIA\
BLE_DESCRIPTION\x01\
\x03\x00\x00\x00\x0eg\x03T\xe1\x8c\xfcUFT\xc1\x00\
I\x00D\x08\x00\x00\x00\x00\x06\x00\x00\x00\x0cMal\
l item id\x07\x00\x00\x00\x14VA\
RIABLE_DESCRIPTI\
ON\x01\x03\x00\x00\x00\x1cg\x03T\xe1\x8c\xfc\x8a\xb2\
z\x0b\x00l\x00e\x00s\x00s\x00o\x00n\x00 \
\x00I\x00D\x08\x00\x00\x00\x00\x06\x00\x00\x00\x0eMa\
ll lesson id\x07\x00\x00\x00\
\x14VARIABLE_DESCRI\
PTION\x01\x03\x00\x00\x00\x0eg\x03T\xe1\x8c\
\xfc\x8a\xb2fB\x00I\x00D\x08\x00\x00\x00\x00\x06\x00\
\x00\x00\x0fMall section \
id\x07\x00\x00\x00\x14VARIABLE_\
DESCRIPTION\x01\x03\x00\x00\x00\
\x10kdR\x06\x00P_qrG~=j\x19\x98\
L\x08\x00\x00\x00\x00\x06\x00\x00\x00\x1bMulti\
-part video main\
 title\x07\x00\x00\x00\x14VARIA\
BLE_DESCRIPTION\x01\
\x03\x00\x00\x00\x1ckdR\x06\x00P_qrG~\
=j\x19\x98L\xff\x08Y\x82g\x9c[XW(\xff\
\x09\x08\x00\x00\x00\x00\x06\x00\x00\x00'Multi\
-part video main\
 title (if exist\
s)\x07\x00\x00\x00\x14VARIABLE_\
DESCRIPTION\x01\x03\x00\x00\x00\
\x0eO\x86n\x90R\x17\x88hv\x84T\x0dz1\x08\
\x00\x00\x00\x00\x06\x00\x00\x00\x17Name of\
 the source list\
\x07\x00\x00\x00\x14VARIABLE_DE\
SCRIPTION\x01\x03\x00\x00\x00\x08{\
\xc0\x9e\xdej\x19\x98L\x08\x00\x00\x00\x00\x06\x00\x00\x00\
\x0aNode title\x07\x00\x00\x00\x14\
VARIABLE_DESCRIP\
TION\x01\x03\x00\x00\x00\x08N\x0a\x5cdj\x19\
\x98L\x08\x00\x00\x00\x00\x06\x00\x00\x00\x0cPare\
nt title\x07\x00\x00\x00\x14VAR\
IABLE_DESCRIPTIO\
N\x01\x03\x00\x00\x00\x08R\x06\x00P^\x8f\x86_\x08\
\x00\x00\x00\x00\x06\x00\x00\x00\x0bPart nu\
mber\x07\x00\x00\x00\x14VARIABL\
E_DESCRIPTION\x01\x03\x00\
\x00\x00 R\x06\x00P^\x8f\x86_\xff\x08P\xc5e\
\xbc_qrGp\xbaY\x1a\x00PfBg\x09e\
H\xff\x09\x08\x00\x00\x00\x00\x06\x00\x00\x00(Par\
t number (only f\
or multi-part vi\
deos)\x07\x00\x00\x00\x14VARIAB\
LE_DESCRIPTION\x01\x03\
\x00\x00\x00\x12\x00s\x00e\x00a\x00s\x00o\x00n\
\x00_\x00i\x00d\x08\x00\x00\x00\x00\x06\x00\x00\x00\x09\
Season id\x07\x00\x00\x00\x14VA\
RIABLE_DESCRIPTI\
ON\x01\x03\x00\x00\x00\x08g,[c}\xe8\x86_\
\x08\x00\x00\x00\x00\x06\x00\x00\x00\x0dSeason\
 number\x07\x00\x00\x00\x14VARI\
ABLE_DESCRIPTION\
\x01\x03\x00\x00\x00\x08g,[cj\x19\x98L\x08\x00\
\x00\x00\x00\x06\x00\x00\x00\x0cSeason t\
itle\x07\x00\x00\x00\x14VARIABL\
E_DESCRIPTION\x01\x03\x00\
\x00\x00\x08z\xe0{\xc0T\x0dz1\x08\x00\x00\x00\x00\
\x06\x00\x00\x00\x0dSection tit\
le\x07\x00\x00\x00\x14VARIABLE_\
DESCRIPTION\x01\x03\x00\x00\x00\
\x1cz\xe0{\xc0T\x0dz1\xff\x08\x82\xe5g*R\
\x06z\xe0{\xc0RGp\xbazz\xff\x09\x08\x00\x00\
\x00\x00\x06\x00\x00\x002Section t\
itle (empty if n\
ot divided into \
sections)\x07\x00\x00\x00\x14VA\
RIABLE_DESCRIPTI\
ON\x01\x03\x00\x00\x00\x04}\xe8\x86_\x08\x00\x00\x00\
\x00\x06\x00\x00\x00\x0fSequence n\
umber\x07\x00\x00\x00\x14VARIAB\
LE_DESCRIPTION\x01\x03\
\x00\x00\x00\x0ag,|\xfbR\x17j\x19\x98L\x08\x00\
\x00\x00\x00\x06\x00\x00\x00\x0cSeries t\
itle\x07\x00\x00\x00\x14VARIABL\
E_DESCRIPTION\x01\x03\x00\
\x00\x00\x08kLf\xf2T\x0dz1\x08\x00\x00\x00\x00\
\x06\x00\x00\x00\x0aSong title\x07\
\x00\x00\x00\x14VARIABLE_DES\
CRIPTION\x01\x03\x00\x00\x00$\x8ar\
z?N\xf6v\x84j\x19\x98L\xff\x08P\xc5R\x06\
\x00P\x82\x07T\x08\x96\xc6h\x9dv\xeeg\x09P<\
\xff\x09\x08\x00\x00\x00\x00\x06\x00\x00\x00ATitl\
e of the video; \
only set for mul\
ti-part or colle\
ction entries\x07\x00\x00\
\x00\x14VARIABLE_DESCR\
IPTION\x01\x03\x00\x00\x00\x0a\x00U\x00P\
N;\x00I\x00D\x08\x00\x00\x00\x00\x06\x00\x00\x00\x0b\
Uploader id\x07\x00\x00\x00\x14\
VARIABLE_DESCRIP\
TION\x01\x03\x00\x00\x00\x0a\x00U\x00PN;\
f\xb1z1\x08\x00\x00\x00\x00\x06\x00\x00\x00\x0dUp\
loader name\x07\x00\x00\x00\x14\
VARIABLE_DESCRIP\
TION\x01\x03\x00\x00\x00\x08u(b6\x00I\
\x00D\x08\x00\x00\x00\x00\x06\x00\x00\x00\x07User\
 id\x07\x00\x00\x00\x14VARIABLE\
_DESCRIPTION\x01\x03\x00\x00\
\x00\x08u(b6T\x0dz1\x08\x00\x00\x00\x00\x06\
\x00\x00\x00\x09User name\x07\x00\x00\
\x00\x14VARIABLE_DESCR\
IPTION\x01\x03\x00\x00\x00\x04}\xe8x\xbc\
\x08\x00\x00\x00\x00\x06\x00\x00\x00\x0bVideo \
codec\x07\x00\x00\x00\x14VARIAB\
LE_DESCRIPTION\x01\x03\
\x00\x00\x00\x0c_qrGv|^\x03fB\x95\x93\
\x08\x00\x00\x00\x00\x06\x00\x00\x00\x12Video \
publish time\x07\x00\x00\x00\
\x14VARIABLE_DESCRI\
PTION\x01\x03\x00\x00\x00\x0e_qrGv\
|^\x03fB\x95\x93b3\x08\x00\x00\x00\x00\x06\x00\
\x00\x00\x17Video publish\
 timestamp\x07\x00\x00\x00\x14V\
ARIABLE_DESCRIPT\
ION\x01\x03\x00\x00\x00\x04uk\x8c\xea\x08\x00\x00\
\x00\x00\x06\x00\x00\x00\x0dVideo qua\
lity\x07\x00\x00\x00\x14VARIABL\
E_DESCRIPTION\x01\x03\x00\
\x00\x00\x06\x00a\x00v\x86_\x08\x00\x00\x00\x00\x06\x00\
\x00\x00\x09av number\x07\x00\x00\x00\
\x14VARIABLE_DESCRI\
PTION\x01\x03\x00\x00\x00\x06\x00c\x00i\x00\
d\x08\x00\x00\x00\x00\x06\x00\x00\x00\x03cid\x07\x00\
\x00\x00\x14VARIABLE_DESC\
RIPTION\x01\x03\x00\x00\x00\x06\x00A\x00\
V\x001\x08\x00\x00\x00\x00\x06\x00\x00\x00\x03AV1\
\x07\x00\x00\x00\x0bVIDEO_CODEC\
\x01\x03\x00\x00\x00\x12\x00A\x00V\x00C\x00/\x00H\
\x00.\x002\x006\x004\x08\x00\x00\x00\x00\x06\x00\x00\
\x00\x09AVC/H.264\x07\x00\x00\x00\x0b\
VIDEO_CODEC\x01\x03\x00\x00\x00\
\x04\x81\xeaR\xd5\x08\x00\x00\x00\x00\x06\x00\x00\x00\x04A\
uto\x07\x00\x00\x00\x0bVIDEO_CO\
DEC\x01\x03\x00\x00\x00\x14\x00H\x00E\x00V\x00\
C\x00/\x00H\x00.\x002\x006\x005\x08\x00\x00\
\x00\x00\x06\x00\x00\x00\x0aHEVC/H.26\
5\x07\x00\x00\x00\x0bVIDEO_CODE\
C\x01\x03\x00\x00\x00\x12\x001\x000\x008\x000\x00\
P\x00 \x9a\xd8uk\x8c\xea\x08\x00\x00\x00\x00\x06\x00\
\x00\x00\x051080P\x07\x00\x00\x00\x0dVID\
EO_QUALITY\x01\x03\x00\x00\x00\x14\
\x001\x000\x008\x000\x00P\x00 \x006\x000\
\x00 ^@\x08\x00\x00\x00\x00\x06\x00\x00\x00\x0b10\
80P 60fps\x07\x00\x00\x00\x0dVI\
DEO_QUALITY\x01\x03\x00\x00\x00\
\x12\x001\x000\x008\x000\x00P\x00 \x9a\xd8x\
\xbcs\x87\x08\x00\x00\x00\x00\x06\x00\x00\x00\x12108\
0P High Bitrate\x07\
\x00\x00\x00\x0dVIDEO_QUALIT\
Y\x01\x03\x00\x00\x00\x0e\x003\x006\x000\x00P\x00\
 mAf\xa2\x08\x00\x00\x00\x00\x06\x00\x00\x00\x043\
60P\x07\x00\x00\x00\x0dVIDEO_QU\
ALITY\x01\x03\x00\x00\x00\x12\x004\x008\x00\
0\x00P\x00 j\x19n\x96uk\x8c\xea\x08\x00\x00\
\x00\x00\x06\x00\x00\x00\x04480P\x07\x00\x00\x00\x0d\
VIDEO_QUALITY\x01\x03\x00\
\x00\x00\x12\x004\x00K\x00 \x00S\x00D\x00R\x00\
 X\x9e_7\x08\x00\x00\x00\x00\x06\x00\x00\x00\x0f4\
K SDR Enhanced\x07\x00\
\x00\x00\x0dVIDEO_QUALITY\
\x01\x03\x00\x00\x00\x0e\x004\x00K\x00 \x8d\x85\x9a\xd8\
uk\x8c\xea\x08\x00\x00\x00\x00\x06\x00\x00\x00\x064K\
 UHD\x07\x00\x00\x00\x0dVIDEO_Q\
UALITY\x01\x03\x00\x00\x00\x10\x007\x002\
\x000\x00P\x00 n\x96\x9a\xd8n\x05\x08\x00\x00\x00\
\x00\x06\x00\x00\x00\x04720P\x07\x00\x00\x00\x0dV\
IDEO_QUALITY\x01\x03\x00\x00\
\x00\x0e\x008\x00K\x00 \x8d\x85\x9a\xd8uk\x8c\xea\
\x08\x00\x00\x00\x00\x06\x00\x00\x00\x068K UHD\
\x07\x00\x00\x00\x0dVIDEO_QUALI\
TY\x01\x03\x00\x00\x00\x08fzagO\xee_\xa9\
\x08\x00\x00\x00\x00\x06\x00\x00\x00\x0aAI Ups\
cale\x07\x00\x00\x00\x0dVIDEO_Q\
UALITY\x01\x03\x00\x00\x00\x04\x81\xeaR\xd5\
\x08\x00\x00\x00\x00\x06\x00\x00\x00\x04Auto\x07\x00\
\x00\x00\x0dVIDEO_QUALITY\
\x01\x03\x00\x00\x00\x08g\x5ck\xd4\x89\x96uL\x08\x00\
\x00\x00\x00\x06\x00\x00\x00\x0cDolby Vi\
sion\x07\x00\x00\x00\x0dVIDEO_Q\
UALITY\x01\x03\x00\x00\x00\x0c\x00H\x00D\
\x00R\x00 w\x1f_i\x08\x00\x00\x00\x00\x06\x00\x00\
\x00\x0eHDR True Color\
\x07\x00\x00\x00\x0dVIDEO_QUALI\
TY\x01\x03\x00\x00\x00\x04\x5c\x01\x97b\x08\x00\x00\x00\
\x00\x06\x00\x00\x00\x05Cover\x07\x00\x00\x00\x0f\
ViewCoverDialog\x01\
\x03\x00\x00\x00b\x00J\x00P\x00E\x00G\x00 W\
\x16P\xcf\x00 \x00(\x00*\x00.\x00j\x00p\x00\
g\x00)\x00;\x00;\x00P\x00N\x00G\x00 W\
\x16P\xcf\x00 \x00(\x00*\x00.\x00p\x00n\x00\
g\x00)\x00;\x00;\x00W\x00e\x00b\x00P\x00\
 W\x16P\xcf\x00 \x00(\x00*\x00.\x00w\x00\
e\x00b\x00p\x00)\x08\x00\x00\x00\x00\x06\x00\x00\x00\
:JPEG Image (*.j\
pg);;PNG Image (\
*.png);;WebP Ima\
ge (*.webp)\x07\x00\x00\x00\x0f\
ViewCoverDialog\x01\
\x03\x00\x00\x00\x06S\xe6[Xp\xba\x08\x00\x00\x00\x00\
\x06\x00\x00\x00\x07Save As\x07\x00\x00\x00\
\x0fViewCoverDialog\
\x01\x03\x00\x00\x00$\x8a\xbfetN;\x89\x96z\x97\
W(U_R\xd50\x01W\xf7\x88L\x82\x07\x95\xdc\
\x95\x89fBv\x84\x88Lp\xba\x08\x00\x00\x00\x00\x06\
\x00\x00\x00LAdjust the b\
ehavior of the m\
ain window durin\
g startup, runti\
me, and shutdown\
\x07\x00\x00\x00\x19WindowBehav\
iorSettingCard\x01\x03\
\x00\x00\x00\x08~=f/\x8abUO\x08\x00\x00\x00\
\x00\x06\x00\x00\x00\x0aAlways ask\
\x07\x00\x00\x00\x19WindowBehav\
iorSettingCard\x01\x03\
\x00\x00\x00\x16\x90xd\xc7\x95\xdc\x95\x89N;\x89\x96\
z\x97fBv\x84d\xcdO\x5c\x08\x00\x00\x00\x00\x06\
\x00\x00\x00.Choose the a\
ction when closi\
ng the main wind\
ow\x07\x00\x00\x00\x19WindowBeh\
aviorSettingCard\
\x01\x03\x00\x00\x00\x0a\x95\xdc\x95\x89N;\x89\x96z\x97\
\x08\x00\x00\x00\x00\x06\x00\x00\x00\x15Close \
the Main Window\x07\
\x00\x00\x00\x19WindowBehavi\
orSettingCard\x01\x03\x00\
\x00\x00\x08}Pg_z\x0b_\x0f\x08\x00\x00\x00\x00\
\x06\x00\x00\x00\x10Exit the pr\
ogram\x07\x00\x00\x00\x19Window\
BehaviorSettingC\
ard\x01\x03\x00\x00\x00\x16\x5c\x07\x89\x96z\x97Y\
\xcb}B\x7fne\xbchL\x97b\x98\x02z\xef\x08\
\x00\x00\x00\x00\x06\x00\x00\x00,Keep th\
e window always \
on top of the de\
sktop\x07\x00\x00\x00\x19Window\
BehaviorSettingC\
ard\x01\x03\x00\x00\x00\x0eg\x00\x5c\x0fS\x16\x81\
\xf3|\xfb}qS#\x08\x00\x00\x00\x00\x06\x00\x00\x00\
\x17Minimize to sys\
tem tray\x07\x00\x00\x00\x19Win\
dowBehaviorSetti\
ngCard\x01\x03\x00\x00\x00\x0c\x8a\x18OO\
\x89\x96z\x97r\xc0aK\x08\x00\x00\x00\x00\x06\x00\x00\
\x00\x15Remember Windo\
w State\x07\x00\x00\x00\x19Wind\
owBehaviorSettin\
gCard\x01\x03\x00\x00\x00$U_R\xd5f\
B\x90\x84S\x9fN\x0ak!\x95\xdc\x95\x89fBv\
\x84\x89\x96z\x97Y'\x5c\x0f\x82\x07OM\x7fn\x08\
\x00\x00\x00\x00\x06\x00\x00\x00ERestore\
 the window size\
 and position fr\
om the last sess\
ion on startup\x07\x00\
\x00\x00\x19WindowBehavio\
rSettingCard\x01\x03\x00\x00\
\x00\x08\x97\x5c\x9e\xd8U_R\xd5\x08\x00\x00\x00\x00\x06\
\x00\x00\x00\x0cSilent Start\
\x07\x00\x00\x00\x19WindowBehav\
iorSettingCard\x01\x03\
\x00\x00\x00\x1aU_R\xd5a\xc9u(z\x0b_\x0f\
fBN\x0d\x98oy:N;\x89\x96z\x97\x08\x00\
\x00\x00\x00\x06\x00\x00\x005Start th\
e application wi\
thout showing th\
e main window\x07\x00\x00\
\x00\x19WindowBehavior\
SettingCard\x01\x03\x00\x00\x00\
\x08\x89\x96z\x97\x7fn\x98\x02\x08\x00\x00\x00\x00\x06\x00\
\x00\x00\x0bStay on Top\x07\x00\
\x00\x00\x19WindowBehavio\
rSettingCard\x01\x03\x00\x00\
\x00\x08\x89\x96z\x97\x88Lp\xba\x08\x00\x00\x00\x00\x06\
\x00\x00\x00\x0fWindow Behav\
ior\x07\x00\x00\x00\x19WindowBe\
haviorSettingCar\
d\x01\
\x00\x01\x84S\
<\
\xb8d\x18\xca\xef\x9c\x95\xcd!\x1c\xbf`\xa1\xbd\xdd\xa7\
\x00\x00\x00\x05zh_CNB\x00\x00\x1eh\x00\x00\
\x05;\x00\x01F\xb7\x00\x00\x05\xaf\x00\x00\x0cd\x00\x00\
F\x91\x00\x01\x5c;\x00\x00G\xa4\x00\x00\x1at\x00\x00\
G\xa4\x00\x01\x12\xa8\x00\x00H,\x00\x00|\xb3\x00\x00\
H,\x00\x00\x86\x8f\x00\x00U\x1e\x00\x00!u\x00\x00\
U\x1e\x00\x00\xc0\xb9\x00\x00U\x1e\x00\x00\xf0\x86\x00\x00\
U\x1e\x00\x012v\x00\x00i\xf4\x00\x01\x5c\x09\x00\x03\
iP\x00\x01]\xc1\x00\x03{P\x00\x01]\xf5\x00\x03\
\xa5P\x00\x01^\xa0\x00\x04\x8c\xaf\x00\x00\x01F\x00\x04\
\x8c\xaf\x00\x01\x5c\x9f\x00\x04\x8c\xaf\x00\x01_>\x00\x04\
\x96$\x00\x00}\xbb\x00\x04\x96\xa8\x00\x00\xb2)\x00\x04\
\xa5\xa5\x00\x010\xfc\x00\x04\xa6y\x00\x00\x84\xdd\x00\x04\
\xa6y\x00\x00\x8e\xcd\x00\x04\xa6y\x00\x00\xf8\xdc\x00\x04\
\xa8\x8b\x00\x01\x01\xc4\x00\x04\xbb\x04\x00\x00n)\x00\x04\
\xbb\x04\x00\x00~\xf1\x00\x04\xc8\xa4\x00\x00.4\x00\x04\
\xcf\x04\x00\x012\xa9\x00\x04\xcf\x04\x00\x01I\x9c\x00\x04\
\xd9]\x00\x00\x0a\x02\x00\x04\xef\xd8\x00\x00-\xab\x00\x05\
\x04\xcf\x00\x00\x87J\x00\x055\xe3\x00\x00\x87v\x00\x05\
5\xe3\x00\x01'\xcd\x00\x05U\xa5\x00\x00\x1bz\x00\x05\
v\x94\x00\x00\x93\x8a\x00\x05v\x94\x00\x01\x0au\x00\x05\
\x98\xc5\x00\x01\x17l\x00\x05\xa2\x00\x00\x00J4\x00\x05\
\xa2\x00\x00\x00X\xba\x00\x05\xa2\x00\x00\x00\xa7\x18\x00\x05\
\xa3g\x00\x00.\x8a\x00\x05\xa6\x94\x00\x01H\xbe\x00\x05\
\xab`\x00\x01\x08p\x00\x05\xac\xa4\x00\x01\x0bP\x00\x05\
\xac\xf4\x00\x00\x82=\x00\x05\xc0e\x00\x00\xf1\xbf\x00\x05\
\xcf\xc7\x00\x00\xa8\xd7\x00\x06\xc3\xae\x00\x00/I\x00\x09\
%\xb5\x00\x00\x84\xa2\x00\x0a\xed\xb3\x00\x00Bh\x00\x0b\
%U\x00\x00\xeeY\x00\x0d1\x89\x00\x01L\xc7\x00\x0d\
1\xa9\x00\x00\xaap\x00\x0fl5\x00\x01@\x1b\x00\x11\
\xf0\x89\x00\x00\xb1\xf4\x00\x141\x85\x00\x00'\x16\x000\
3^\x00\x00\x8e>\x004\x16N\x00\x00bp\x004\
;P\x00\x01]\x05\x006\x11\xc5\x00\x01Z\x18\x00A\
0G\x00\x00\x09\xb0\x00A0G\x00\x00V\x08\x00E\
.\x13\x00\x00c\x99\x00G\x96\xc4\x00\x00\xa25\x00H\
P5\x00\x00YW\x00HP5\x00\x00|\xdb\x00H\
W\x03\x00\x00\x7f\xa2\x00H\xba\xff\x00\x00T(\x00H\
\xba\xff\x00\x00V\xfb\x00J+\x82\x00\x00\x15?\x00J\
l\xc2\x00\x00T\x8b\x00Jl\xc2\x00\x01_\xda\x00J\
\xb9\xb7\x00\x00\x86\xf0\x00L\x99b\x00\x00\x87\x1d\x00M\
\xc9\xbe\x00\x01 7\x00R\xfd\xf4\x00\x01\x01\xf4\x00T\
\xc9\xf3\x00\x00$\x0b\x00T\xc9\xf3\x00\x00[B\x00U\
j\xc3\x00\x00!\x9c\x00V\x89\x95\x00\x00v\xfc\x00V\
\x89\x95\x00\x00\xef\xe9\x00V\x89\x95\x00\x00\xf43\x00V\
\x8c\x95\x00\x00L\x01\x00Zn\xa9\x00\x00(]\x00Z\
n\xa9\x00\x01\x03`\x00Z\xec5\x00\x01\x03/\x00[\
\x0b%\x00\x00\x22l\x00[\x0b%\x00\x00\xc0\xe9\x00[\
\x0b%\x00\x00\xf1\x8f\x00[\x0b%\x00\x01I!\x00[\
=\xc1\x00\x00\xfb\x01\x00\x5c\xfa\xbf\x00\x00U\x9b\x00b\
^.\x00\x00\x06,\x00p_\xc4\x00\x00+\xb5\x00p\
|5\x00\x01#A\x00q\x9dI\x00\x00\xf6\x87\x00s\
\x17\x98\x00\x00yK\x00\x80\x80\xa3\x00\x00p\xfb\x00\x8e\
&\xe5\x00\x01G[\x00\x93\xbf\xd3\x00\x00>\xae\x00\x97\
\x96\x04\x00\x00\x8fk\x00\x98\x15\xf4\x00\x00g\xfc\x00\x9f\
\xf9\xc3\x00\x00{\x10\x00\xa1m\xde\x00\x01=\xcd\x00\xa2\
[\xc9\x00\x01\x18F\x00\xa7\xe7\xd5\x00\x01]{\x00\xad\
]\x02\x00\x00,\xc9\x00\xae\xb9\xc9\x00\x01X\x1f\x00\xcf\
=\xfe\x00\x009\x86\x00\xd4\xad\x1e\x00\x00\xa4\x05\x00\xdf\
\x1dN\x00\x00\xa2]\x00\xe4\x9e\xa2\x00\x01Wf\x00\xe7\
\x86\xe5\x00\x01X\xd2\x00\xe8\xc6&\x00\x007\x86\x00\xe9\
W>\x00\x00w'\x00\xedM\xd9\x00\x00\x07\xe6\x00\xf2\
\x92d\x00\x00\xa3\x96\x01\x00\x07\xa9\x00\x01\x1c\xc1\x01\x06\
D>\x00\x01E\xef\x01\x06F\xd3\x00\x00\x1dD\x01\x0f\
\x08s\x00\x0110\x01\x14\x82\x04\x00\x00\xf2h\x01\x16\
\xa0s\x00\x00\xafQ\x01\x16\xbe\x12\x00\x00\x18\xf5\x01\x18\
\x0ds\x00\x00\xb6w\x01\x1eD\xa9\x00\x00\x19\xd2\x01$\
\xdd\x1e\x00\x00\x8dv\x01&\xc4C\x00\x01.O\x01*\
\xd0\x97\x00\x00\xde\xb1\x01.\xb4B\x00\x00)\x04\x016\
\xa0s\x00\x01Z\xca\x017\x93e\x00\x00d\xb3\x017\
\xac3\x00\x00%\x12\x01D\xca\xd3\x00\x00/\xd8\x01E\
\xfd\x93\x00\x00\xb2\xb3\x01L\x05\x03\x00\x00&\xd2\x01Z\
*\xce\x00\x00\xba\xf9\x01\x5cHT\x00\x01\x11\xd5\x01d\
\xfa\x0e\x00\x01\x10\x96\x01h\xf6;\x00\x00I\x1a\x01k\
l\xf3\x00\x00\xde\xf2\x01r\xc7\x12\x00\x00\xee$\x01\x7f\
\xe7\xf9\x00\x00\x90\xfd\x01\x83sr\x00\x00(\x9c\x01\x86\
'\x0e\x00\x00\x13~\x01\x86\xb7\xee\x00\x01_h\x01\x9f\
5\xc4\x00\x01^)\x01\xa3\x9cr\x00\x002)\x01\xa4\
\x92?\x00\x00\x01\xa7\x01\xaf{\xc4\x00\x00\xf4_\x01\xb2\
*\x09\x00\x00\xda\xe7\x01\xc4O\x09\x00\x00nV\x01\xd0\
\x87\xb6\x00\x01.\x8e\x01\xdc\x8f\x89\x00\x01`\x07\x01\xe3\
\x9a^\x00\x00\x944\x01\xe5\x8b\x03\x00\x00\xb9\xca\x01\xe7\
\xf5T\x00\x01$\xd1\x01\xf7\xa0>\x00\x01)#\x02\x00\
\x06\xa9\x00\x00`\x03\x02\x03`\x93\x00\x00\xbah\x02\x0b\
\xc0\x0d\x00\x00w\xd6\x02\x0b\xc0\x0d\x00\x01b\x95\x02\x0d\
V#\x00\x01]<\x02\x105\x8e\x00\x00\x0c\x8c\x02\x15\
[\x19\x00\x01\x0d\x0b\x02\x19E\xe7\x00\x00+\xee\x02\x1e\
\x06n\x00\x00\xa7?\x02\x1f\x8bY\x00\x00rJ\x02%\
au\x00\x00eL\x02'SU\x00\x00u\xff\x02(\
\xd1d\x00\x01\x1b\x97\x021\xdf2\x00\x00\xff\x9c\x022\
C\xf9\x00\x00\x0e\xcc\x02K\x12\xcd\x00\x01E\x08\x02N\
\xe1\x15\x00\x01\x197\x02P\xbe\x93\x00\x00:s\x02R\
fr\x00\x01O\xe1\x02SP\xae\x00\x01=C\x02T\
\x08\xf9\x00\x00\x08l\x02V\xd13\x00\x00\xb1\xaa\x02X\
\xa6\x94\x00\x01\x1c\x86\x02X\xfa#\x00\x01\x0a\xcf\x02Z\
\xe7\xac\x00\x00\x91d\x02\x5cm\xf9\x00\x00\xae\x96\x02a\
\xeb\x99\x00\x00\x8d'\x02gV\xd4\x00\x01\x1b\xd4\x02u\
\x1f\xf5\x00\x00r\xd5\x02u\x1f\xf5\x00\x01\x17\x04\x02u\
\xee\x05\x00\x01H\x0a\x02u\xf9\xa5\x00\x00s\x09\x02u\
\xf9\xa5\x00\x01\x178\x02w\x0b5\x00\x01\x10\x15\x02w\
0\x95\x00\x01G\x1f\x02{\x9fP\x00\x01[I\x02\x7f\
\x1ar\x00\x00\xd6\x02\x02\x87u\x99\x00\x00\x8b\x0d\x02\x8a\
JU\x00\x01(\x8d\x02\x98\xb0\xe4\x00\x00@G\x02\xa4\
\x11\xb5\x00\x00\xc2k\x02\xa4\x11\xb5\x00\x00\xd4\xfe\x02\xa5\
\xe1\x05\x00\x01T\xf1\x02\xa8\xa1c\x00\x01YL\x02\xa8\
\xd9$\x00\x00\xdb\xdb\x02\xba\x93D\x00\x00\xfd\xaf\x02\xbe\
\x0an\x00\x00\x22\x95\x02\xbe\x0an\x00\x00Y\xb7\x02\xbe\
\x0an\x00\x01\x18\x8a\x02\xbf\xc6\xed\x00\x00t\xf1\x02\xc5\
\x01U\x00\x01M|\x02\xccq\x04\x00\x01Tf\x02\xcd\
\xd7n\x00\x00D\x8f\x02\xd9\x90\xde\x00\x00\x1e\xed\x02\xd9\
\x90\xde\x00\x01\x22E\x02\xdc\xb4\x9f\x00\x01\x1a+\x02\xde\
\x9bE\x00\x00q\x96\x02\xdf\x0dD\x00\x00\xc0o\x02\xe1\
<\xce\x00\x00\x8b\x93\x02\xe3\xe7\x19\x00\x00\xac}\x02\xe7\
-~\x00\x01>\xe5\x02\xe8\xce\xa5\x00\x00p\x91\x02\xf0\
@\xd4\x00\x01\x07\xed\x02\xf2\xc8\x96\x00\x00#-\x02\xf5\
,\xe2\x00\x01\x19\xd9\x02\xf8\x15\xf4\x00\x00\x15\xe2\x02\xfa\
2/\x00\x00\xae/\x02\xfc\xb4\x9f\x00\x00$k\x03\x0e\
_\xfb\x00\x00\x10\x22\x03\x13\x87u\x00\x01V8\x03\x16\
\x17\xd5\x00\x00od\x03\x16Jn\x00\x008\xe3\x03\x16\
iD\x00\x00i`\x03\x1c\xc2\x17\x00\x00J\xa7\x03 \
\x90>\x00\x00e\x92\x03\x22\xe8\xd9\x00\x01,\x18\x03)\
\xd5\xf5\x00\x01\x02\x9d\x033\x84\xad\x00\x00\xee\xb2\x03<\
;\xff\x00\x0090\x03<;\xff\x00\x00\xf9\x06\x03=\
\xb2>\x00\x01E\x9c\x03?\xff\xa3\x00\x01/\xf0\x03@\
\x9e\xb5\x00\x00i\x9c\x03B<S\x00\x01 i\x03K\
F\xe3\x00\x00M\xf1\x03KF\xe3\x00\x00\xf3\x0c\x03U\
\xc5I\x00\x00\x08#\x03U\xc6\x0f\x00\x00\xaa,\x03Y\
V\x94\x00\x01\x07i\x03b\x1fr\x00\x00\x84d\x03f\
\xd1s\x00\x00=6\x03g;-\x00\x01\x09\x0d\x03g\
W.\x00\x00\x9a\xa1\x03\x81\xe8\xd3\x00\x00\x0eq\x03\x8c\
\x98\xb5\x00\x00>.\x03\x8c\xdb\x87\x00\x00\xd7}\x03\x8d\
Y\xc4\x00\x01^l\x03\x8e\x12R\x00\x00\xf8*\x03\x8f\
\x9f\x85\x00\x00r\x0e\x03\x96\x9dY\x00\x000f\x03\x9e\
\xcfD\x00\x00hu\x03\xb68\xc7\x00\x01\x0d\xfd\x03\xbe\
\x185\x00\x00\x098\x03\xc0Q\xab\x00\x00\x14\x8a\x03\xc0\
\xa2\x1d\x00\x00a\xa9\x03\xc5\xde\x04\x00\x00\xd9\x80\x03\xcd\
Y\xc4\x00\x01^\xd6\x03\xce^\xc4\x00\x00\x80B\x03\xcf\
Tm\x00\x00\x04\xaf\x03\xd2\xa7\x09\x00\x00\xff\xd6\x03\xd3\
\x8fU\x00\x01@\xba\x03\xde\xe0\x1c\x00\x01\x11\xa0\x03\xe6\
\xf0\x17\x00\x01&J\x03\xe9.\x85\x00\x00\xb9\x8c\x03\xf0\
\xf7s\x00\x00\x8c\xdd\x03\xf7E\xf2\x00\x01\x00]\x03\xf8\
}\x19\x00\x00\x1d\xfc\x03\xf9\xc5N\x00\x002\xc2\x03\xfa\
\x84\xc4\x00\x01d\x86\x03\xfb\x13\x04\x00\x00*\xa0\x04\x02\
9#\x00\x001\x00\x04\x14\x80\xfe\x00\x00\xa5\xb7\x04\x19\
\x18\xde\x00\x00j\xd0\x04\x1e\xf3\x8f\x00\x00\xb5\x01\x04&\
\xf7\xb4\x00\x00!\xf9\x04)|\xc5\x00\x01\x0f\xd4\x04-\
\x81\xa3\x00\x011\xe2\x043\x18#\x00\x01\x04%\x04<\
\x1b\xb7\x00\x01bH\x04J\xb2%\x00\x00F\xce\x04N\
\xf1\x99\x00\x01[\x97\x04N\xf1\xb9\x00\x00\xaf\x82\x04V\
7\xe9\x00\x01\x1ad\x04Y\xa4\xa9\x00\x00H\x0a\x04Y\
\xb5\xce\x00\x00d\xf5\x04d\x80d\x00\x01P\xe1\x04g\
-\x0d\x00\x00\x16d\x04lw\x90\x00\x01\x12|\x04r\
\x80\xd4\x00\x00Jp\x04r\x80\xd4\x00\x01=\x9d\x04s\
\xf0#\x00\x00P\xae\x04x\x89\xc9\x00\x00S\xbf\x04}\
k\xc5\x00\x00)\xb4\x04}\xb9D\x00\x00l\xfb\x04\x81\
\xd4U\x00\x01Q \x04\x83\x10\xbe\x00\x00\x1f\xff\x04\x87\
S.\x00\x01\x22\x90\x04\x8b[Y\x00\x00}\xe1\x04\x8c\
8\xf4\x00\x01L\x12\x04\x8cd\xa3\x00\x00\xab\x8f\x04\x98\
I\xbc\x00\x01\x13\x94\x04\x98I\xbc\x00\x01F\x81\x04\x9f\
\xec\xe2\x00\x01\x1c\x12\x04\xa5\xbf.\x00\x01\x17\x97\x04\xac\
,\xa5\x00\x00K\xd2\x04\xac,\xa5\x00\x00m\xfa\x04\xac\
,\xa5\x00\x01\x14\xac\x04\xac\xab]\x00\x00 3\x04\xb5\
1\x95\x00\x00n\xa5\x04\xb8:\x03\x00\x00[\x9c\x04\xbe\
\xc0]\x00\x00\x06\xf8\x04\xc1 %\x00\x00q\xd8\x04\xc1\
\x94n\x00\x00f:\x04\xc4\x8d\x15\x00\x00A\xa2\x04\xce\
'w\x00\x00B\xfb\x04\xcf\xa6\xe5\x00\x00\xdbC\x04\xd6\
\x93\x84\x00\x00\x80|\x04\xdby\xd4\x00\x00\xbdA\x04\xe0\
\xaf\xb2\x00\x00\x032\x04\xe2\x8c\x9f\x00\x000\xae\x04\xe3\
%\xc7\x00\x00\xdd\x03\x04\xe6\x04\x8d\x00\x00\xf59\x04\xe6\
\x18^\x00\x00Y\x81\x04\xef2\x94\x00\x01\x02%\x04\xf4\
\xc8\xc5\x00\x00\x05\xf8\x04\xf4\xc8\xc5\x00\x01FH\x05\x00\
W\x99\x00\x00\x0f\x08\x05\x05\x9c\x94\x00\x00\x83\x18\x05\x09\
)n\x00\x01@v\x05\x0a\x82\xf3\x00\x00~A\x05\x12\
\xb7\x03\x00\x00K\x82\x05\x16\x88\x85\x00\x00Fz\x05\x17\
5\xb3\x00\x00\x858\x05\x1b~C\x00\x00\x83I\x05\x1d\
\xb5\xef\x00\x00\xfa\x8e\x05\x1f\x15\xb3\x00\x01\x0fr\x05!\
2\x99\x00\x00\xf0J\x05*k\x84\x00\x00U\x22\x055\
\x94\xfe\x00\x00\x8a\x0f\x055\xe6\xc4\x00\x01\x07\x94\x05=\
&\xae\x00\x00\x959\x05=\xecd\x00\x00N\xb6\x05F\
\xcf\xc3\x00\x00[\x17\x05S\x05\xde\x00\x00\x8bb\x05S\
\xfcY\x00\x01 \xa3\x05V\x93|\x00\x00-\xd7\x05V\
\x93|\x00\x00.^\x05W&\xf7\x00\x00C\xed\x05X\
0\x09\x00\x00x\x88\x05]E\xd3\x00\x00\xd5:\x05_\
e\xe5\x00\x00,=\x05e\xeee\x00\x00~\x12\x05h\
\x99\xc2\x00\x00\xa6u\x05h\xc9\xb4\x00\x01B\xcc\x05n\
\xda\xc5\x00\x00\x19:\x05x\xbd\x08\x00\x00\x81\xb0\x05\x84\
\xb7)\x00\x00\x0a\xa4\x05\x8cF\xc5\x00\x00\x7fw\x05\x8c\
F\xc5\x00\x00\x81\xdf\x05\x8c\xac5\x00\x00L\x9c\x05\x90\
_\xe2\x00\x00v\xbd\x05\x90_\xe2\x00\x00{\xbf\x05\x90\
_\xe2\x00\x00\xf9~\x05\x93\xd8\x84\x00\x01T#\x05\x94\
\x8a\xde\x00\x00c\xe3\x05\x995\x93\x00\x00\xef`\x05\x99\
\x84\xe2\x00\x00\x93\x1b\x05\x99\xae\x84\x00\x00h\xb8\x05\x9b\
\x88\x98\x00\x00\xf5\x0c\x05\x9b\x88\x98\x00\x01\x1e\x9f\x05\x9c\
\x8f\xc3\x00\x00}\x05\x05\xa4\xab\xed\x00\x00X\xf2\x05\xa5\
W\xb4\x00\x00\x8e\x7f\x05\xaa\x8b\xc3\x00\x00\x94\xb3\x05\xab\
\xcd\x08\x00\x00\x82\x0e\x05\xb2G\xc4\x00\x01>e\x05\xb3\
a\xde\x00\x01\x15\xc0\x05\xb4\xea\x14\x00\x00\x8d\xf1\x05\xb5\
\x0a\xae\x00\x00\x93\xea\x05\xb7P\x9e\x00\x00?\xb5\x05\xbd\
\xa2\x18\x00\x00y\x9d\x05\xbe@d\x00\x01\x1a\xdf\x05\xc0\
\x17s\x00\x00\xb4\xc7\x05\xc1\xa8\xe0\x00\x00\x16&\x05\xc2\
\xf3S\x00\x00\x0fO\x05\xd4\xe7\xa7\x00\x01\x0c\x07\x05\xd5\
T\x03\x00\x01\x0d\xc2\x05\xdc\x1b\xb7\x00\x00wb\x05\xe2\
\x81E\x00\x01W\xa4\x05\xe6\x11\xee\x00\x00D6\x05\xe7\
\x0c5\x00\x00r\x98\x05\xec\xf2\x94\x00\x01+\x86\x05\xfe\
\xd7\x87\x00\x00\xd6\xfa\x06\x05\x06u\x00\x00\x0a,\x06\x06\
Tr\x00\x00-\x04\x06\x1c-\xe9\x00\x00\xaf\x12\x06\x22\
\x03\xf3\x00\x00=\xdb\x06\x22\x03\xf3\x00\x01+\xcc\x06%\
.d\x00\x01\x1cL\x06*E\xe0\x00\x01b\xdb\x06-\
\x07\xe5\x00\x00o\xd9\x06.\x90\xc7\x00\x01-\x1e\x064\
W\xfe\x00\x00k\xca\x06;S4\x00\x01\x5cd\x06?\
\xdf5\x00\x01\x5c\xc7\x06BD\x1e\x00\x01!D\x06D\
~\xa3\x00\x002u\x06G\x1a3\x00\x00\x00\xb3\x06I\
\xb3\x9e\x00\x00R\xdc\x06Q\xb7}\x00\x01\x1f\xd6\x06[\
\x01\x15\x00\x00C\xad\x06[\x01\x15\x00\x00W\xe6\x06]\
\x82%\x00\x007J\x06a\xcd\x1d\x00\x00uB\x06l\
;\xf4\x00\x00f\x90\x06m$\xfe\x00\x013\x11\x06p\
-\x87\x00\x01d\xc8\x06r\x8b\x1c\x00\x01\x0f;\x06t\
\x8c\x93\x00\x00\xda\x9a\x06z\xe0\xc4\x00\x00\xa3%\x06\x80\
R\xed\x00\x00\xab(\x06\x83\x15\xe5\x00\x01<\xc2\x06\x9c\
\x00\xb4\x00\x00\xa5\x01\x06\x9d\xb6\xc4\x00\x00L/\x06\xa1\
%\x0e\x00\x01\x00\x99\x06\xaa\xd7\x1f\x00\x01Jm\x06\xb5\
q\xf9\x00\x00\x18\x8b\x06\xbb\x19\xe3\x00\x00\xfe\xb9\x06\xbc\
\xc6\x03\x00\x01\x01\x0f\x06\xc4{.\x00\x00\x021\x06\xcb\
\x10\x19\x00\x00\x1a\x0c\x06\xcc\x92\xd0\x00\x00.\x05\x06\xd7\
\xe97\x00\x00\xfct\x06\xde\xb7\xe4\x00\x00\x1b\xd8\x06\xde\
\xb7\xe4\x00\x01\x16*\x06\xe0\x05^\x00\x00\x8e\xf8\x06\xe4\
\xa5\xf4\x00\x01\x1fj\x06\xe51\xc4\x00\x01&\x86\x06\xe9\
\x80c\x00\x01\x1e\xca\x06\xe9\xb2-\x00\x01DX\x06\xea\
s6\x00\x00xS\x06\xeb\xbd\xa4\x00\x00\x8d\xad\x06\xec\
,c\x00\x00=\x8f\x06\xf0\xb2\x03\x00\x00/\x94\x06\xf1\
\x5c\xae\x00\x00g!\x06\xf70\xf2\x00\x00\x89\x5c\x06\xf8\
\xc7u\x00\x00!\x08\x06\xfa\xc7u\x00\x01P^\x06\xfe\
\x80\xa9\x00\x01\x0e\xf4\x07\x0b>7\x00\x01'2\x07\x0e\
\xb1\xa2\x00\x01Vu\x07\x0f1\xf5\x00\x00t\x99\x07\x15\
uU\x00\x00\x8c\x8f\x07\x15\xd4C\x00\x00Nv\x07\x1a\
\xf3\xd0\x00\x01eA\x07-!\x83\x00\x00\xb4\x04\x07/\
\xd3e\x00\x01\x15\x16\x076Z\xa3\x00\x00\x0d\xc4\x076\
Z\xa3\x00\x00\xfb\x86\x07;\xfce\x00\x01\x13\xc1\x07?\
\xb4\xeb\x00\x00\x10\x97\x07FyE\x00\x010}\x07N\
o~\x00\x00\x8b\xd7\x07\x5cPB\x00\x01[\xd1\x07\x5c\
\x7fB\x00\x01MD\x07]>C\x00\x00E\xe7\x07b\
\xe8\xe2\x00\x01\x1bZ\x07iI\xa4\x00\x01\x0b\x11\x07u\
\xac=\x00\x00]j\x07w\xa5\x95\x00\x01N\xf5\x07}\
\xbb4\x00\x00\x7fH\x07}\xbb4\x00\x00\x80\xdd\x07\x80\
`\x85\x00\x01U\xfd\x07\x82kt\x00\x00\xd7\xf0\x07\x8c\
\xcf\x97\x00\x01\x19\xa9\x07\x8c\xcf\xb7\x00\x00\xb0\xbd\x07\x95\
\xd0u\x00\x00$8\x07\x95\xd0u\x00\x00[l\x07\x95\
\xd0u\x00\x01\x07\xbe\x07\x96\xfd\x05\x00\x00@\xfa\x07\x9e\
4\x1e\x00\x01\x06\xbf\x07\xa3\xe7.\x00\x00@\x91\x07\xa3\
\xf9\xbe\x00\x00\xd9\xdb\x07\xa5\x0c0\x00\x01P\x9c\x07\xa5\
\xc3r\x00\x00\x8f\x9c\x07\xab\x06\x13\x00\x00\x1aE\x07\xab\
\x06\x13\x00\x00\xf0\x18\x07\xab\x8c\xe3\x00\x01\x08\x9e\x07\xac\
\xb9\x07\x00\x00\xbc\xe6\x07\xb0a\x1c\x00\x01\x0a\x1d\x07\xb4\
\xd5\x04\x00\x00b\x1f\x07\xb5pN\x00\x00\x0f\xb2\x07\xb6\
[%\x00\x00\x81\x10\x07\xbf\xca7\x00\x006$\x07\xca\
\x01\x99\x00\x00;\x9f\x07\xd1*\x03\x00\x00\x5c\x01\x07\xd3\
\xae\xf3\x00\x01\x1eR\x07\xde0)\x00\x01M\xbd\x07\xe1\
Oc\x00\x00\x0ae\x07\xefQ\xf4\x00\x00\xb6\x05\x07\xf0\
5\xa4\x00\x01Y\xda\x07\xf9/\xee\x00\x00\x923\x07\xfd\
\x81)\x00\x01\x05\xdb\x08\x08\x0ao\x00\x01\x14\xd9\x08\x1f\
\xa2\x82\x00\x01Qa\x08 \xbf\x1e\x00\x00\x18N\x08#\
\xce\xd4\x00\x01T\xab\x089\xe1\xde\x00\x00\xe6\x1c\x08A\
\x97S\x00\x00\x86\xba\x08C\x03\xb9\x00\x01V\xb1\x08F\
\x8c\x15\x00\x00Lg\x08GI\xb9\x00\x00\xde\x13\x08K\
Gl\x00\x00\xc1\xc2\x08K^\xf3\x00\x00\xff=\x08N\
\xb2\xf5\x00\x01'\x9c\x08N\xb2\xf5\x00\x012>\x08]\
.\xb4\x00\x00g\xab\x08hd9\x00\x00\xf5\xb2\x08m\
P$\x00\x01\x16i\x08m\xa1.\x00\x01`\xf8\x08o\
\xffC\x00\x00G\x5c\x08p-C\x00\x01.\x0d\x08s\
%\xd7\x00\x00\xdcv\x08|e\xc9\x00\x01C\x84\x08\x85\
\x8e\x0e\x00\x00\xc2 \x08\x85\x8e\x0e\x00\x00\xd4\xbc\x08\x85\
\x8e\x0e\x00\x01(O\x08\x8f~\xe5\x00\x00u\xce\x08\x8f\
~\xe5\x00\x00\x82\xe7\x08\x94\xfe\xb4\x00\x00`\xf5\x08\x96\
\x1e\x8c\x00\x01H\xeb\x08\x98\xe4\x81\x00\x01\x14\x0e\x08\xa2\
8\xe4\x00\x00!=\x08\xa2\xb3\xc7\x00\x01J:\x08\xa6\
_D\x00\x01W\x22\x08\xa9\x0c\xf4\x00\x00\xd5\x8a\x08\xa9\
\xeb\x97\x00\x00}\x8e\x08\xaa\xc9Y\x00\x00\xf4\x96\x08\xaa\
\xe3\xe4\x00\x01\x0aI\x08\xae\x08\x15\x00\x00\xd7\xb4\x08\xb2\
\x01\xc9\x00\x00\xadh\x08\xbd\x8c\xc8\x00\x00|\x05\x08\xbd\
\x8c\xc8\x00\x00\x87\xe5\x08\xbd\x91\xc6\x00\x00\x1d\xc5\x08\xbd\
\x91\xc6\x00\x005$\x08\xbd\x91\xc6\x00\x00\xd6i\x08\xbd\
\x91\xc6\x00\x00\xdc5\x08\xbd\x91\xc6\x00\x01\x01\x88\x08\xbd\
\x91\xc6\x00\x01\x05g\x08\xbd\x91\xc6\x00\x01%\x9d\x08\xbd\
\x91\xc6\x00\x01,\xe2\x08\xc2\xf59\x00\x01\x0ek\x08\xc4\
\x01s\x00\x00\x1c\x7f\x08\xcc2\xa9\x00\x01H@\x08\xcc\
\xc9\xc5\x00\x00\xf9\xf6\x08\xd1;\xa3\x00\x00y\xd8\x08\xd3\
5\xa3\x00\x011\x86\x08\xd4Q\xa4\x00\x00\x5c\xf7\x08\xed\
\x8e\xc3\x00\x00\xf7\x13\x08\xed\xc0\x1e\x00\x00\x1e\x99\x08\xf9\
\xdd\xa5\x00\x00\xb4H\x09\x01\xc5\xb4\x00\x01U\xaf\x09\x01\
\xebK\x00\x00A`\x09\x01\xebK\x00\x01a\x96\x09\x01\
\xfct\x00\x00~i\x09\x17\xef#\x00\x00\x8c7\x09$\
\x82\xc3\x00\x01%,\x09.\xd2\x05\x00\x00\x82j\x092\
h\x15\x00\x01IS\x097\xf54\x00\x01\x12\x1a\x099\
\x16S\x00\x00\xf7h\x099\x16S\x00\x00\xfes\x09<\
\xbc\xee\x00\x00\xf0\xb4\x09K\x8e4\x00\x01\x15}\x09K\
\xba\xf4\x00\x00\x16\xb4\x09Mg\xfe\x00\x00p\xc9\x09M\
\xa3\x02\x00\x00\xfa\xcd\x09P\xef\xe3\x00\x00\x13*\x09Q\
\xa2\xae\x00\x01D\x11\x09g\x19C\x00\x00\x01\x17\x09l\
\x08\x04\x00\x00h<\x09l\x08\x04\x00\x00\xa5>\x09l\
\xff\xb2\x00\x00\x1b\xa6\x09p\xc8\xa5\x00\x00\xf1V\x09y\
R\x9e\x00\x00h\xf4\x09{\xb29\x00\x01UE\x09\x80\
\xade\x00\x01Y\x11\x09\x83A\x89\x00\x00\xf1\x1a\x09\x88\
o\xdd\x00\x01\x10J\x09\x8a\x1b\x05\x00\x00I\xc6\x09\x8c\
t\xd3\x00\x01`\xc7\x09\x8e\xc5\x03\x00\x00#\xce\x09\x97\
\x9dC\x00\x00+\x1a\x09\xa5Ve\x00\x00\xf3\x8d\x09\xb1\
\x08s\x00\x00\x00w\x09\xb1\x08s\x00\x00Ug\x09\xb4\
\x94d\x00\x00.\xb4\x09\xb5\xdf\xa7\x00\x00.\xe3\x09\xba\
d\xc3\x00\x00\x0d\x97\x09\xbc\x93\xe3\x00\x00[\xcc\x09\xbd\
\xde\x10\x00\x01OI\x09\xc0\x04\xd7\x00\x01*\xe4\x09\xc1\
\xbb5\x00\x01W\xe1\x09\xc2&\xcd\x00\x00\xf9\xbd\x09\xc4\
\xe8\xd7\x00\x01*\xb2\x09\xc5 \xf3\x00\x00J\xe0\x09\xc9\
C\xf5\x00\x01\x0b\xd9\x09\xc9{$\x00\x01K\xbe\x09\xd0\
\xbf\xb3\x00\x00f\xcb\x09\xd1\x94\x0d\x00\x00\xf8\xac\x09\xe2\
\x7f\xc4\x00\x00M(\x09\xf2*7\x00\x00\x93V\x09\xf3\
\xff\xed\x00\x00\x90\xaa\x09\xf9\x7f\xf3\x00\x004\xcd\x0a\x02\
\x09\x9e\x00\x01B\x95\x0a\x0bj/\x00\x001\xdc\x0a\x16\
2\xe4\x00\x01\x02\xf1\x0a\x162\xe4\x00\x01(\xe8\x0a\x19\
\x1c\xbb\x00\x00\xbd\xc2\x0a\x1e\x03\x05\x00\x00\x15\x07\x0a\x1e\
\x03\x05\x00\x00\xf22\x0a!d\x19\x00\x00\x95z\x0a(\
\x053\x00\x00V_\x0a(\xc7\x04\x00\x01Q\xa5\x0a)\
\x82\x89\x00\x00\xa9\xa5\x0a/\x00R\x00\x00$\xa3\x0a/\
\x00R\x00\x00\x5c3\x0a2C~\x00\x01$h\x0a9\
\xaat\x00\x00\xb0\xea\x0a@\x22\xdd\x00\x00\x01\xe7\x0aJ\
E\xf5\x00\x00)m\x0aO\x00R\x00\x00|w\x0aO\
\x0c\xde\x00\x00\xbe2\x0aTT\xa9\x00\x00\xa9e\x0a^\
\xb1\xf4\x00\x01O\xa4\x0abvc\x00\x00\x0e\x1e\x0ag\
\xb4\xee\x00\x00\xa8-\x0aid\xc9\x00\x01+\x17\x0al\
\x99\x83\x00\x00\x22\xcb\x0al\x99\x83\x00\x00Y\xe6\x0ao\
vV\x00\x00\x1c\xba\x0aovV\x00\x00<\xa2\x0ao\
vV\x00\x00\xfdv\x0aovV\x00\x01\x0c\xd4\x0ar\
&\xc3\x00\x00?$\x0avZ2\x00\x00\x05\xc9\x0a\x85\
8e\x00\x00\x00\x00\x0a\x858e\x00\x00T\xbb\x0a\x8b\
R\x19\x00\x01\x1d^\x0a\x8e8n\x00\x00\xb8b\x0a\x96\
\x0ee\x00\x00\x0b\xf0\x0a\x99's\x00\x00\x85\x05\x0a\x9a\
\xf2\x9d\x00\x00\xb3|\x0a\xa5\xaf\x84\x00\x00?w\x0a\xa8\
\x0e\xa3\x00\x00'x\x0a\xae\xbe\xae\x00\x01\x02`\x0a\xb0\
\xe2\x8c\x00\x00\xc1\x1b\x0a\xb6\xc3\xb9\x00\x01\x0e\xac\x0a\xb6\
\xf0f\x00\x00\x80\x0c\x0a\xbc\x8ct\x00\x01\x14~\x0a\xc1\
@\x9e\x00\x00l_\x0a\xc3\x80\xb3\x00\x00|9\x0a\xc8\
\x97\xc5\x00\x01'j\x0a\xc9t\x05\x00\x00~\x96\x0a\xd7\
\x01\x0e\x00\x00\x88\x14\x0a\xed\xf6n\x00\x01>\xa0\x0a\xfa\
\x8f\xbe\x00\x00mz\x0a\xff\x1e\xf3\x00\x00\xfb\xe2\x0b\x01\
M\xae\x00\x01\x0bx\x0b\x03\xd2\xf3\x00\x00\x01p\x0b\x04\
\x80\x90\x00\x01S\x06\x0b\x07\x83\xb9\x00\x00'\xcc\x0b\x0b\
\xb0\xc5\x00\x01P \x0b\x0c?\xf3\x00\x00<-\x0b\x10\
\xefP\x00\x00\xb2V\x0b\x12?\xf3\x00\x00%`\x0b\x13\
\x91%\x00\x01[\x02\x0b\x19\x02#\x00\x00jI\x0b\x1f\
\x8aW\x00\x01a\xd6\x0b)\xe5\xf5\x00\x001\x94\x0b4\
\x06\x19\x00\x00\x87\xa2\x0b<\xbb\x0e\x00\x01I\xc5\x0bY\
.\x84\x00\x00\x1f6\x0bYu\xb4\x00\x00\xbb\xf0\x0be\
\x0dN\x00\x00\xccf\x0bj^\x9d\x00\x00\x92\xb1\x0bo\
\xa5R\x00\x00\xa8\xfe\x0bz\x83\xb4\x00\x01S\xdd\x0b\x7f\
q\xf3\x00\x00H\xd0\x0b\x83\xb2~\x00\x00\xe3\x01\x0b\x84\
\x0e\x0c\x00\x01\x1f<\x0b\x84\x0e\x0c\x00\x01F\xe9\x0b\x89\
Z\xae\x00\x00O\x14\x0b\x95\xd1\xfd\x00\x00p@\x0b\x9d\
\x0c\xfe\x00\x00\x1a\x9f\x0b\x9d\x0c\xfe\x00\x00\x1c\xef\x0b\x9d\
\x0f\xcc\x00\x00\xbf\xb8\x0b\x9d\x0f\xcc\x00\x00\xf8}\x0b\x9d\
\x1e\x87\x00\x00&\x96\x0b\xa2\x1b\xcd\x00\x00\xd8\xef\x0b\xa3\
\xdc\x0c\x00\x01\x1f\xa7\x0b\xa9?I\x00\x00tM\x0b\xae\
L(\x00\x00z\xd3\x0b\xb3.I\x00\x00)\xfc\x0b\xb4\
\xa8\xf2\x00\x00\xd6\xa3\x0b\xbb*t\x00\x00\x0b7\x0b\xc1\
\x0f\xcc\x00\x00\xfa#\x0b\xc8M\xc4\x00\x00o5\x0b\xc8\
M\xc4\x00\x01#\xab\x0b\xceF\xa4\x00\x01\x1b\x1c\x0b\xd5\
,-\x00\x01D\xa2\x0b\xd8U\xd3\x00\x001R\x0b\xd8\
[7\x00\x00s\xd2\x0b\xdb\xb7\xe5\x00\x00\xef3\x0b\xdc\
\xd4\x04\x00\x00A\xe7\x0b\xde\xf6\x9d\x00\x00\xb3)\x0b\xe1\
4\xe3\x00\x00\xbc6\x0b\xe14\xe3\x00\x00\xfe$\x0b\xe8\
\xcc\xe2\x00\x01#\xdc\x0b\xec\xa3\xe3\x00\x00+m\x0b\xf4\
\xc2Y\x00\x00;\x0b\x0b\xfb~~\x00\x01\x17\xd7\x0b\xfc\
E\x19\x00\x01\x04\x81\x0c\x08^\x84\x00\x01\x11k\x0c\x0b\
;\xb8\x00\x00Pm\x0c\x11\x94\x0d\x00\x00\xfaX\x0c\x12\
\x02\x83\x00\x01\x15F\x0c\x12\xac\x99\x00\x00\xb6\xf6\x0c\x16\
\xcab\x00\x00\xf7\xb3\x0c\x1b\xdcs\x00\x00x\xc8\x0c\x1c\
F4\x00\x00\x7f\xd0\x0c\x1d\x0f\xb7\x00\x00\x1c\x18\x0c\x1d\
\x88\x84\x00\x01\x09\xde\x0c\x1f\x9dB\x00\x01\x08\xc9\x0c\x1f\
\x9dB\x00\x01\x0c\x8b\x0c!\x0aG\x00\x00\x0b\xb7\x0c!\
\x0aG\x00\x00\x18\x14\x0c&\x7f\xd0\x00\x00\xb5I\x0c0\
\x93\xb3\x00\x00\xdea\x0c5\xd1\xc9\x00\x00<\xe7\x0c=\
\xd73\x00\x005_\x0c?Z\xc9\x00\x01\x06#\x0cB\
\x87\x83\x00\x01G\xcc\x0cG\x1a3\x00\x00\x00\xe5\x0cG\
\x1c\xa5\x00\x01Z\x90\x0cI\x03u\x00\x00\x93\xb5\x0cR\
V\x8e\x00\x00\xaei\x0cRV\x8e\x00\x01\x0b\xae\x0c^\
a\x08\x00\x00\xd8\x85\x0c^\xde\xa3\x00\x00v\x89\x0cd\
\xa1u\x00\x00\x89\xdd\x0ci\xf4>\x00\x00\x11\x0a\x0cj\
A]\x00\x01A\x82\x0cj\x84\x83\x00\x01*h\x0cj\
\x8a\x93\x00\x01)\xfe\x0cw\x02\xbe\x00\x01\x12N\x0cw\
\x7f\xb4\x00\x00\x7f\x1a\x0cw\x7f\xb4\x00\x00\x80\xab\x0cz\
Pi\x00\x00\x05\x93\x0czPi\x00\x01\x06\x81\x0c}\
\xcdu\x00\x01_\x0a\x0c\x88\xac\xee\x00\x00 \xdc\x0c\x88\
\xac\xee\x00\x00\xc0:\x0c\x8c\x86\xf3\x00\x00\x94\xe0\x0c\x8e\
\xca\xb4\x00\x00 \xa1\x0c\x95\x89\x13\x00\x01*2\x0c\x97\
\x12\xac\x00\x01H\x88\x0c\x97\x9fe\x00\x00/\x12\x0c\x9c\
F\xa4\x00\x01ZX\x0c\x9e\xe6e\x00\x00F9\x0c\xa1\
\xe2C\x00\x00\xdd\x90\x0c\xa3\xec\x0c\x00\x01G\x95\x0c\xa5\
\x15T\x00\x005\xab\x0c\xa7\xad\x91\x00\x00\x00:\x0c\xa7\
\xad\x91\x00\x00T\xed\x0c\xa7\xad\x91\x00\x00\xf9N\x0c\xab\
\x7f9\x00\x01\x18\xbd\x0c\xab\x98\x09\x00\x00\xb5\x9c\x0c\xab\
\xbcc\x00\x01/\x89\x0c\xbb\x01s\x00\x00\xa6\xed\x0c\xbb\
I\xbe\x00\x01CN\x0c\xbd\xde\x1f\x00\x01\x18\xfa\x0c\xc1\
\xb0\xa5\x00\x010\xbe\x0c\xc4z>\x00\x01B\xf9\x0c\xd1\
\xe4\xe3\x00\x01,\x89\x0c\xd8:\x02\x00\x00):\x0c\xd9\
\xf9\x1e\x00\x00\x1a\xf5\x0c\xd9\xf9\x1e\x00\x01\x03\xa1\x0c\xda\
{\xa2\x00\x00(\xd0\x0c\xda\xfeu\x00\x00\xddE\x0c\xde\
=5\x00\x00!\xc5\x0c\xe8Ge\x00\x00q5\x0c\xed\
\x8d\xb5\x00\x01R\xc0\x0c\xf1\xbbU\x00\x00\xf4\xd0\x0c\xf4\
Q\xa8\x00\x01\x1d\x19\x0c\xf7\x08\xf4\x00\x01?u\x0c\xf8\
\xe2\x98\x00\x00}0\x0c\xfb\xb0\xc5\x00\x00-<\x0d\x09\
/5\x00\x00zd\x0d\x0c\xcc\xc3\x00\x00%\x9f\x0d\x13\
\xfeu\x00\x00\xdc\xb8\x0d\x1dDY\x00\x00\x07\x8f\x0d!\
\x19\xaf\x00\x00W#\x0d,\xcf\xc9\x00\x00D\xe3\x0d-\
\xb6_\x00\x00%\xe0\x0d<)\xfe\x00\x00i\xf6\x0d<\
)\xfe\x00\x00\xa6\x9e\x0dA\xee\x83\x00\x00\x19\x89\x0dC\
p/\x00\x01\x12\xd2\x0dH\xf6\x83\x00\x00\xae\xd5\x0dQ\
\x1eD\x00\x00_\xbb\x0dS\x18n\x00\x00\xb7+\x0dT\
\xb7\x83\x00\x00Z\xe0\x0dV\xee\x04\x00\x01\x09\x9f\x0di\
FC\x00\x00\x22\xfa\x0diFC\x00\x00ZF\x0di\
FC\x00\x00{O\x0diFC\x00\x00\xa3\xd9\x0dk\
\xab$\x00\x01\x16\xb3\x0dm\xe1i\x00\x01\x04\xc9\x0dn\
}\x09\x00\x00\x8a\x84\x0do\xe8\xef\x00\x00\x8f\xe4\x0d\x81\
\xf4\x0e\x00\x00X\x22\x0d\x81\xf4\x0e\x00\x00w\xa0\x0d\x83\
Ct\x00\x00`K\x0d\x87\x9bD\x00\x010>\x0d\x89\
P\x17\x00\x00\x88\xdf\x0d\x8a\x9e\xe4\x00\x00}b\x0d\x8a\
\xbe\x85\x00\x01A\xd4\x0d\x8a\xf5\x99\x00\x01&\xb7\x0d\x8d\
\xdf\xf0\x00\x01c\xef\x0d\x9cg\x8e\x00\x01\x080\x0d\xad\
\x8f\x19\x00\x00\x88T\x0d\xaf\x9e\x19\x00\x00\xad\xca\x0d\xb2\
:\xf4\x00\x01'\xfa\x0d\xb69\x84\x00\x00L\xcb\x0d\xbc\
\xdb\xb3\x00\x01\x05\x09\x0d\xbfCa\x00\x00\xd4;\x0d\xc3\
\x08\xa3\x00\x00\xb08\x0d\xde\xc9c\x00\x00\xaa\xa3\x0d\xdf\
($\x00\x00\x8a\xce\x0d\xdf\x88E\x00\x005\xe8\x0d\xe9\
\xb5G\x00\x00_T\x0d\xf0n\x9e\x00\x00\xdf\x84\x0d\xf1\
\xefr\x00\x01\x1a\xa2\x0d\xfb}~\x00\x00\xf2\x9f\x0d\xfc\
\x9d~\x00\x00\x03d\x0e\x00\xfb\xe5\x00\x00\x89\x0e\x0e\x01\
\xbd\x8e\x00\x01?\xe4\x0e\x0c\xa4\xca\x00\x01K\x88\x0e\x0e\
\x00\x12\x00\x01_\x9e\x0e\x13BS\x00\x01!\x0a\x0e\x19\
\xe9\xde\x00\x00\x08\xf3\x0e\x19\xe9\xde\x00\x00\xf1\xee\x0e\x1b\
\xe9\xde\x00\x00\xed\xe9\x0e\x1c\x06\x89\x00\x00\xfe\xf8\x0e\x1c\
h)\x00\x01SS\x0e-\x00\xfe\x00\x01+K\x0e.\
\xfb\xe5\x00\x01R9\x0e/\xb0\xf3\x00\x00\xaf\xb5\x0e9\
\xfe\xb7\x00\x00\xbbE\x0eE\x5cY\x00\x00\xad\x0c\x0eS\
\x1c\xd3\x00\x00\xa3j\x0eb\xef\xf5\x00\x00n\xe7\x0ee\
\x1a3\x00\x00\x12i\x0eo\xbcE\x00\x01>\x07\x0er\
\x0d5\x00\x008\x7f\x0esO\xfe\x00\x00\xd3B\x0ew\
X%\x00\x006{\x0e{G.\x00\x00kC\x0e}\
'\xfa\x00\x00U\xcb\x0e\x87\xa8\x03\x00\x00TX\x0e\x8b\
^\x05\x00\x01N\xa6\x0e\x8d<\x13\x00\x00$\xda\x0e\x8d\
<\x13\x00\x00\x5cg\x0e\x8e\xce\x87\x00\x01M\x01\x0e\x95\
\xa8\xce\x00\x00\x17\xae\x0e\x97\x1c\xee\x00\x01\x0dJ\x0e\xa6\
}s\x00\x00K4\x0e\xaa\xac\x07\x00\x012\xd4\x0e\xaf\
o\xc3\x00\x00E\xa7\x0e\xafo\xc3\x00\x00qc\x0e\xaf\
o\xc3\x00\x00\xacK\x0e\xafo\xc3\x00\x00\xb3\xcf\x0e\xaf\
o\xc3\x00\x00\xbb\xb5\x0e\xafo\xc3\x00\x00\xd7G\x0e\xaf\
o\xc3\x00\x01\x05\xa3\x0e\xb9[\xbe\x00\x00\x16\xf6\x0e\xba\
\xc1\xce\x00\x00\x95\xed\x0e\xc4{\x99\x00\x00~\xc3\x0e\xc8\
k\x9e\x00\x00\xac\x10\x0e\xccjt\x00\x00\xba\xb8\x0e\xcf\
\x9du\x00\x00\x89\x9a\x0e\xd6os\x00\x00v<\x0e\xd9\
E\xe6\x00\x000 \x0e\xdd\xc5\xd3\x00\x00*O\x0e\xdd\
\xc5\xd3\x00\x00\x8a9\x0e\xe0\xdc\x03\x00\x00M\xaf\x0e\xe0\
\xdc\x03\x00\x01=\x0a\x0e\xe8\xc0\x99\x00\x00x\x0d\x0e\xe8\
\xc0\x99\x00\x01cK\x0e\xeb\x83\xc9\x00\x00\xa9\xe6\x0e\xf2\
K\xc3\x00\x00Z\x12\x0e\xf2l^\x00\x00\x02\xfd\x0e\xf2\
\xe2\x0e\x00\x00a/\x0f\x03-\x85\x00\x01Q\xf2\x0f\x05\
\xb7s\x00\x00\x86[\x0f\x06\xc0W\x00\x00Hp\x0f\x0a\
\xb6\xd9\x00\x00#^\x0f\x0a\xb6\xd9\x00\x00Zv\x0f\x0a\
\xb6\xd9\x00\x00{\x87\x0f\x14\x08\x04\x00\x00\xfb:\x0f\x17\
\x94\xa5\x00\x01Nh\x0f)yw\x00\x00\x5c\x9c\x0f.\
\xf7D\x00\x01$\x0d\x0f1\xdfo\x00\x00\xac\xd8\x0f;\
\x13.\x00\x00\xc2\xb0\x0f<a\xe7\x00\x00\xfd\x0f\x0fD\
C\xf2\x00\x00O\xcf\x0fG7E\x00\x01c\xa0\x0fK\
\xfd\xae\x00\x01?,\x0fL\xf9\xee\x00\x00\x15m\x0fR\
\xa3E\x00\x00z\x1f\x0fV\xf8\x85\x00\x007\x0b\x0f^\
\x06\xe2\x00\x01e\x82\x0f`\xf7E\x00\x01J\x01\x0fg\
3\x15\x00\x00\xee\x89\x0ft\x86D\x00\x00\xbc\x89\x0fv\
\x87\x83\x00\x00s=\x0fw\xf0\xbf\x00\x00#\x91\x0fw\
\xf0\xbf\x00\x00Z\xa6\x0fw\xf0\xbf\x00\x00\x84 \x0f\x80\
\x01\x95\x00\x01R\x85\x0f\x87\x0b3\x00\x00\xbf\xee\x0f\x87\
\x0b3\x00\x00\xf3G\x0f\x88\x15\x91\x00\x01%\xd6\x0f\x8f\
ZI\x00\x01Lk\x0f\x9aq$\x00\x00Xe\x0f\x9f\
.Y\x00\x00\x07M\x0f\xa7\x0f#\x00\x00N3\x0f\xaa\
\x1d.\x00\x00\x83\xa1\x0f\xad`\x0c\x00\x00\x0a\xfb\x0f\xb0\
\xd9\x05\x00\x01\x0a\x9d\x0f\xb2\x5c\xc5\x00\x01\x0d\x8b\x0f\xb3\
\xbb\x04\x00\x00 g\x0f\xb5\xf4\xf4\x00\x01?\xa3\x0f\xb8\
\xc8\x85\x00\x01-x\x0f\xb9\xc8\x03\x00\x00\x81f\x0f\xbb\
\xa3\xc1\x00\x00\xba%\x0f\xc2\xc4\xf9\x00\x00Q<\x0f\xcc\
5d\x00\x00\xa5s\x0f\xcf\x5c\x8e\x00\x01\x1d\xa7\x0f\xcf\
\xec\x95\x00\x00P\x12\x0f\xd4\xf1\xde\x00\x00\xc3\xeb\x0f\xdb\
MU\x00\x00`\xa6\x0f\xe2.\xf5\x00\x01\x1f\x07\x0f\xe5\
tt\x00\x00\x08\xbf\x0f\xe8(r\x00\x01X\x96\x0f\xee\
\xf8M\x00\x00\x85g\x0f\xf1\xdf\xfe\x00\x00\x11\xb3\x0f\xf4\
\xc6#\x00\x00\x12\xd1\x0f\xfb\xff2\x00\x00e\xe9\x0f\xff\
7\x13\x00\x00\xdb}i\x00\x01e\xc7\x03\x00\x00\x00\x04\
_9^U\x08\x00\x00\x00\x00\x06\x00\x00\x00\x07Da\
nmaku\x07\x00\x00\x00\x1aADDITI\
ONAL_FILES_QUALI\
FIER\x01\x03\x00\x00\x00\x06QCepcn\
\x08\x00\x00\x00\x00\x06\x00\x00\x00\x08Metada\
ta\x07\x00\x00\x00\x1aADDITIONA\
L_FILES_QUALIFIE\
R\x01\x03\x00\x00\x00\x04[W^U\x08\x00\x00\x00\x00\
\x06\x00\x00\x00\x09Subtitles\x07\x00\
\x00\x00\x1aADDITIONAL_FI\
LES_QUALIFIER\x01\x03\x00\
\x00\x00\x08\x001\x003\x002\x00K\x08\x00\x00\x00\x00\
\x06\x00\x00\x00\x08132 kbps\x07\x00\x00\
\x00\x0dAUDIO_QUALITY\x01\
\x03\x00\x00\x00\x08\x001\x009\x002\x00K\x08\x00\x00\
\x00\x00\x06\x00\x00\x00\x08192 kbps\x07\
\x00\x00\x00\x0dAUDIO_QUALIT\
Y\x01\x03\x00\x00\x00\x06\x006\x004\x00K\x08\x00\x00\
\x00\x00\x06\x00\x00\x00\x0764 kbps\x07\x00\
\x00\x00\x0dAUDIO_QUALITY\
\x01\x03\x00\x00\x00\x04\x81\xeaR\xa8\x08\x00\x00\x00\x00\x06\
\x00\x00\x00\x04Auto\x07\x00\x00\x00\x0dAUD\
IO_QUALITY\x01\x03\x00\x00\x00\x0a\
g\x5ck\xd4QhfoX\xf0\x08\x00\x00\x00\x00\x06\
\x00\x00\x00\x0bDolby Atmos\x07\
\x00\x00\x00\x0dAUDIO_QUALIT\
Y\x01\x03\x00\x00\x00\x12\x00H\x00i\x00-\x00R\x00\
e\x00s\x00 e\xe0c_\x08\x00\x00\x00\x00\x06\x00\
\x00\x00\x0cHi-Res Audio\x07\
\x00\x00\x00\x0dAUDIO_QUALIT\
Y\x01\x03\x00\x00\x00\x1aQsN\x8e\x00 \x00{\x00\
a\x00p\x00p\x00_\x00n\x00a\x00m\x00e\x00\
}\x08\x00\x00\x00\x00\x06\x00\x00\x00\x10About\
 {app_name}\x07\x00\x00\x00\x0b\
AboutDialog\x01\x03\x00\x00\x00\
r\x00C\x00o\x00p\x00y\x00r\x00i\x00g\x00\
h\x00t\x00 \x00\xa9\x00 \x002\x000\x002\x00\
2\x00-\x00{\x00y\x00e\x00a\x00r\x00}\x00\
 \x00S\x00c\x00o\x00t\x00t\x00 \x00S\x00\
l\x00o\x00a\x00n\x00.\x00 \x00A\x00l\x00\
l\x00 \x00R\x00i\x00g\x00h\x00t\x00s\x00\
 \x00R\x00e\x00s\x00e\x00r\x00v\x00e\x00\
d\x00.\x08\x00\x00\x00\x00\x06\x00\x00\x00:Cop\
yright \xc2\xa9 2022-{\
year} Scott Sloa\
n. All Rights Re\
served.\x07\x00\x00\x00\x0bAbou\
tDialog\x01\x03\x00\x00\x00\x08^.R\
\xa9e\x87hc\x08\x00\x00\x00\x00\x06\x00\x00\x00\x0dD\
ocumentation\x07\x00\x00\x00\
\x0bAboutDialog\x01\x03\x00\x00\
\x00\x0c\x00G\x00i\x00t\x00h\x00u\x00b\x08\x00\
\x00\x00\x00\x06\x00\x00\x00\x06Github\x07\x00\
\x00\x00\x0bAboutDialog\x01\x03\
\x00\x00\x00~Y\x82g\x9c\x8f\xd9N*\x98yv\xee\
\x82\x82w\x01N\x86O`v\x84e\xf6\x95\xf4b\x16\
\x89\xe3Q\xb3N\x86O`v\x84\x95\xee\x98\x98\xff\x0c\
k\x22\x8f\xce\x90\x1a\x8f\xc7\x8d^R\xa9\x8b\xf7O\x5c\
\x80\x05U\x9dgoT\x96Ua\xff\x0cN_R+\
_\xd8N\x86W(\x00 \x00G\x00i\x00t\x00H\
\x00u\x00b\x00 N\x0ap\xb9N*\x00 \x00S\
\x00t\x00a\x00r\x00 e/c\x01_\x00n\x90\
\xff\x01\x08\x00\x00\x00\x00\x06\x00\x00\x00\xadIf t\
his project save\
d you time or so\
lved your proble\
m, consider buyi\
ng the author a \
coffee! Don't fo\
rget to star the\
 repository on G\
itHub to support\
 open-source dev\
elopment.\x07\x00\x00\x00\x0bAb\
outDialog\x01\x03\x00\x00\x00~W\
\xfaN\x8e\x00 \x00Q\x00t\x00 \x00{\x00q\x00\
t\x00_\x00v\x00e\x00r\x00s\x00i\x00o\x00\
n\x00}\x00 T\x8c\x00 \x00Q\x00F\x00l\x00\
u\x00e\x00n\x00t\x00W\x00i\x00d\x00g\x00\
e\x00t\x00s\x00 \x00{\x00q\x00f\x00l\x00\
u\x00e\x00n\x00t\x00w\x00i\x00d\x00g\x00\
e\x00t\x00s\x00_\x00v\x00e\x00r\x00s\x00\
i\x00o\x00n\x00}\x00 g\x84^\xfa\x08\x00\x00\
\x00\x00\x06\x00\x00\x00FPowered b\
y Qt {qt_version\
} and QFluentWid\
gets {qfluentwid\
gets_version}\x07\x00\x00\
\x00\x0bAboutDialog\x01\x03\x00\
\x00\x00\x08\x96\x90y\xc1e?{V\x08\x00\x00\x00\x00\
\x06\x00\x00\x00\x0ePrivacy Pol\
icy\x07\x00\x00\x00\x0bAboutDia\
log\x01\x03\x00\x00\x00\x08\x8d^R\xa9O\x5c\x80\
\x05\x08\x00\x00\x00\x00\x06\x00\x00\x00\x07Spons\
or\x07\x00\x00\x00\x0bAboutDial\
og\x01\x03\x00\x00\x00\x08O\x7fu(SO\x8b\xae\
\x08\x00\x00\x00\x00\x06\x00\x00\x00\x0cTerms \
of Use\x07\x00\x00\x00\x0bAbout\
Dialog\x01\x03\x00\x00\x00Lg,\x8fo\
N\xf6N:QM\x8d9_\x00n\x90\x8foN\xf6\
\xff\x0cO\x7fu(\x00 \x00G\x00N\x00U\x00 \
\x90\x1au(QlQq\x8b\xb8S\xef\x8b\xc1{,\
N\x09rH\xff\x08\x00G\x00P\x00L\x00v\x003\
\xff\x09c\x88gC0\x02\x08\x00\x00\x00\x00\x06\x00\x00\
\x00`This software \
is free and open\
-source, license\
d under the GNU \
General Public L\
icense v3 (GPLv3\
).\x07\x00\x00\x00\x0bAboutDial\
og\x01\x03\x00\x00\x00 rHg,\x00 \x00{\
\x00a\x00p\x00p\x00_\x00v\x00e\x00r\x00s\
\x00i\x00o\x00n\x00}\x08\x00\x00\x00\x00\x06\x00\x00\
\x00\x15Version {app_v\
ersion}\x07\x00\x00\x00\x0bAbou\
tDialog\x01\x03\x00\x00\x00\x10f>y\
:S:W\xdf\x00 \x00(\x00%\x00)\x08\x00\x00\
\x00\x00\x06\x00\x00\x00\x10Display A\
rea (%)\x07\x00\x00\x00\x0dAdva\
ncedGroup\x01\x03\x00\x00\x00\x16g\
\x00\x5c\x0fl4^s\x95\xf4\x8d\xdd\x00 \x00(P\
\xcf} \x00)\x08\x00\x00\x00\x00\x06\x00\x00\x00\x1fM\
inimum Horizonta\
l Spacing (px)\x07\x00\
\x00\x00\x0dAdvancedGroup\
\x01\x03\x00\x00\x00\x10N\x0d\x90\x0ff\x0e^\xa6\x00 \
\x00(\x00%\x00)\x08\x00\x00\x00\x00\x06\x00\x00\x00\x0b\
Opacity (%)\x07\x00\x00\x00\x0d\
AdvancedGroup\x01\x03\x00\
\x00\x00\x14_9^Un\xdaR\xa8e\xf6\x95\x7f\x00\
 \x00(y\xd2\x00)\x08\x00\x00\x00\x00\x06\x00\x00\x00\
\x13Scroll Duration\
 (s)\x07\x00\x00\x00\x0dAdvance\
dGroup\x01\x03\x00\x00\x00\x1e\x98v\x90\xe8\
\x00/^\x95\x90\xe8_9^UP\x5cuYe\xf6\
\x95\x7f\x00 \x00(y\xd2\x00)\x08\x00\x00\x00\x00\x06\
\x00\x00\x00\x13Static Durat\
ion (s)\x07\x00\x00\x00\x0dAdva\
ncedGroup\x01\x03\x00\x00\x00\x08[\
\xf9\x9fPe\xb9_\x0f\x08\x00\x00\x00\x00\x06\x00\x00\x00\
\x09Alignment\x07\x00\x00\x00\x0eA\
lignmentGroup\x01\x03\x00\
\x00\x00\x0c\x81\xeaR\xa8\x89\xe3g\x90R\x06\x98u\x08\
\x00\x00\x00\x00\x06\x00\x00\x00\x15Auto-pa\
rse Pagination\x07\x00\
\x00\x00\x0fAutoParseDial\
og\x01\x03\x00\x00\x00\x1a\x89\xe3g\x90k\xcf\x98u\
T\x0e\x81\xeaR\xa8R\xa0QeN\x0b\x8f}R\x17\
\x88h\x08\x00\x00\x00\x00\x06\x00\x00\x00:Auto\
matically add to\
 download list a\
fter parsing eac\
h page\x07\x00\x00\x00\x0fAutoP\
arseDialog\x01\x03\x00\x00\x00\x10\
\x81\xeaR\xa8f>y:kd[\xf9\x8b\xddhF\
\x08\x00\x00\x00\x00\x06\x00\x00\x00\x1eAutoma\
tically show thi\
s dialog\x07\x00\x00\x00\x0fAut\
oParseDialog\x01\x03\x00\x00\
\x00\x02N\xce\x08\x00\x00\x00\x00\x06\x00\x00\x00\x04Fr\
om\x07\x00\x00\x00\x0fAutoParse\
Dialog\x01\x03\x00\x00\x00\x08e\xe0eH\
\x83\x03V\xf4\x08\x00\x00\x00\x00\x06\x00\x00\x00\x0dIn\
valid Range\x07\x00\x00\x00\x0f\
AutoParseDialog\x01\
\x03\x00\x00\x00\x0c\x89\xe3g\x90Qh\x90\xe8R\x06\x98\
u\x08\x00\x00\x00\x00\x06\x00\x00\x00\x0fParse\
 all pages\x07\x00\x00\x00\x0fA\
utoParseDialog\x01\x03\
\x00\x00\x00\x1cN\xc5\x89\xe3g\x90{,\x00 \x00X\
\x00 \x98uR0{,\x00 \x00Y\x00 \x98u\
\x08\x00\x00\x00\x00\x06\x00\x00\x00\x17Parse \
only pages X to \
Y\x07\x00\x00\x00\x0fAutoParseD\
ialog\x01\x03\x00\x00\x00\x08\x89\xe3g\x90\x95\
\xf4\x96\x94\x08\x00\x00\x00\x00\x06\x00\x00\x00\x10Par\
sing Interval\x07\x00\x00\
\x00\x0fAutoParseDialo\
g\x01\x03\x00\x00\x00\x1c\x8b\xf7\x90\x09b\xe9\x89\xe3g\
\x90\x83\x03V\xf4T\x8cT\x0e~\xedY\x04t\x06e\
\xb9_\x0f\x08\x00\x00\x00\x00\x06\x00\x00\x00@Ple\
ase select the p\
arsing range and\
 subsequent proc\
essing method\x07\x00\x00\
\x00\x0fAutoParseDialo\
g\x01\x03\x00\x00\x00\x08_\x00Y\xcb\x89\xe3g\x90\x08\
\x00\x00\x00\x00\x06\x00\x00\x00\x0dStart P\
arsing\x07\x00\x00\x00\x0fAutoP\
arseDialog\x01\x03\x00\x00\x00\x18\
\x8dwY\xcb\x98ux\x01N\x0d\x80\xfdY'N\x8e\
~\xd3g_\x98ux\x01\x08\x00\x00\x00\x00\x06\x00\x00\
\x008The starting p\
age cannot be gr\
eater than the e\
nding page\x07\x00\x00\x00\x0fA\
utoParseDialog\x01\x03\
\x00\x00\x00\x02R0\x08\x00\x00\x00\x00\x06\x00\x00\x00\x02\
To\x07\x00\x00\x00\x0fAutoParse\
Dialog\x01\x03\x00\x00\x00R\x8bfTJ\
\xff\x1au1N\x8e\x00Bz\xd9\x98\xcec\xa7g:\
R6\xff\x0cR\x06\x98u\x8f\xc7Y\x1a0\x01\x98\x91\
s\x87\x8f\xc7_\xebS\xef\x80\xfd[\xfc\x81\xf4\x89\xe3\
g\x90Y1\x8d%\xff\x0c^v\x5c\x01y\x81\x00I\
\x00P\xff\x0c\x8b\xf7\x8c(aNO\x7fu(\x08\x00\
\x00\x00\x00\x06\x00\x00\x00\x95Warning:\
 Due to Bilibili\
's anti-abuse me\
chanism, parsing\
 too many pages \
and requesting t\
oo frequently ma\
y cause failure \
and IP ban. Use \
with caution.\x07\x00\x00\
\x00\x0fAutoParseDialo\
g\x01\x03\x00\x00\x00\x02y\xd2\x08\x00\x00\x00\x00\x06\x00\
\x00\x00\x07seconds\x07\x00\x00\x00\x0fA\
utoParseDialog\x01\x03\
\x00\x00\x00\x12\x81\xeaR\xa8\x90\x09b\xe9N\x0b\x8f}\
\x98y\x8b\xbe\x7fn\x08\x00\x00\x00\x00\x06\x00\x00\x00#\
Auto-select Down\
load Items Setti\
ngs\x07\x00\x00\x00\x10AutoSele\
ctDialog\x01\x03\x00\x00\x00\x10\x81\xea\
R\xa8R\xfe\x90\x09b@g\x09\x98yv\xee\x08\x00\
\x00\x00\x00\x06\x00\x00\x00\x1eAutomati\
cally select all\
 items\x07\x00\x00\x00\x10AutoS\
electDialog\x01\x03\x00\x00\x00\
\x0ec\x09gaN\xf6\x81\xeaR\xa8R\xfe\x90\x09\x08\
\x00\x00\x00\x00\x06\x00\x00\x00(Automat\
ically select ba\
sed on condition\
s\x07\x00\x00\x00\x10AutoSelect\
Dialog\x01\x03\x00\x00\x00\x08bKR\xa8\
\x90\x09b\xe9\x08\x00\x00\x00\x00\x06\x00\x00\x00\x0fCh\
oose manually\x07\x00\x00\
\x00\x10AutoSelectDial\
og\x01\x03\x00\x00\x00\x0c\x8b\xa9b\x11bKR\xa8\
\x90\x09b\xe9\x08\x00\x00\x00\x00\x06\x00\x00\x00\x16Le\
t me choose manu\
ally\x07\x00\x00\x00\x10AutoSel\
ectDialog\x01\x03\x00\x00\x00\x18\x90\
\x09N-\x8b\xe5Rg\x96\xc6N-b@g\x09k\
crGRg\x96\xc6\x08\x00\x00\x00\x00\x06\x00\x00\x00\
&Select all main\
 episodes in the\
 series\x07\x00\x00\x00\x10Auto\
SelectDialog\x01\x03\x00\x00\
\x00\x1a\x90\x09N-R\x06\x00Pb\x16T\x08\x96\xc6\
N-v\x84b@g\x09\x89\xc6\x98\x91\x08\x00\x00\x00\
\x00\x06\x00\x00\x001Select all\
 videos in the m\
ulti-part or col\
lection\x07\x00\x00\x00\x10Auto\
SelectDialog\x01\x03\x00\x00\
\x00\x18\x90\x09N-\x94\xfec\xa5b@[\xf9^\x94\
v\x84SUN*Rg\x96\xc6\x08\x00\x00\x00\x00\x06\
\x00\x00\x008Select only \
the single episo\
de corresponding\
 to the link\x07\x00\x00\x00\
\x10AutoSelectDialo\
g\x01\x03\x00\x00\x00\x18\x90\x09N-\x94\xfec\xa5b\
@[\xf9^\x94v\x84SUN*\x89\xc6\x98\x91\x08\
\x00\x00\x00\x00\x06\x00\x00\x006Select \
only the single \
video correspond\
ing to the link\x07\
\x00\x00\x00\x10AutoSelectDi\
alog\x01\x03\x00\x00\x00.\x8b\xbe\x7fn\x89\xe3\
g\x90[\x8cb\x10T\x0e\xff\x0c\x89\xe3g\x90R\x17\
\x88hN-v\x84\x98yv\xeeY\x82OU\x81\xea\
R\xa8R\xfe\x90\x090\x02\x08\x00\x00\x00\x00\x06\x00\x00\
\x00VSet how items \
in the parsed li\
st are automatic\
ally selected af\
ter parsing is c\
omplete.\x07\x00\x00\x00\x10Aut\
oSelectDialog\x01\x03\x00\
\x00\x00,N\xc5W(\x90\x09b\xe9\x00\x22c\x09g\
aN\xf6\x81\xeaR\xa8R\xfe\x90\x09\x00\x22e\xf6S\
\xefO\xeee9N\xe5N\x0b\x89\xc4R\x190\x02\x08\
\x00\x00\x00\x00\x06\x00\x00\x00eThe fol\
lowing rules can\
 only be modifie\
d when \x22Automati\
cally select bas\
ed on conditions\
\x22 is selected.\x07\x00\
\x00\x00\x10AutoSelectDia\
log\x01\x03\x00\x00\x00\x18\x89\xe3g\x90Rg\x96\
\xc6|{b\x16\x8b\xfez\x0b|{\x89\xc6\x98\x91e\
\xf6\x08\x00\x00\x00\x00\x06\x00\x00\x00+When \
parsing episodic\
 or course-type \
videos\x07\x00\x00\x00\x10AutoS\
electDialog\x01\x03\x00\x00\x00\
\x12\x89\xe3g\x90QvN\xd6|{W\x8b\x89\xc6\x98\
\x91e\xf6\x08\x00\x00\x00\x00\x06\x00\x00\x00\x22Whe\
n parsing other \
types of videos\x07\
\x00\x00\x00\x10AutoSelectDi\
alog\x01\x03\x00\x00\x00\x0e\x89\xe3g\x90b\x95\
z?\x89\xc6\x98\x91e\xf6\x08\x00\x00\x00\x00\x06\x00\x00\
\x00!When parsing u\
ser-uploaded vid\
eos\x07\x00\x00\x00\x10AutoSele\
ctDialog\x01\x03\x00\x00\x00fc\x09\
\x00 \x00C\x00t\x00r\x00l\x00 \x00+\x00 \
\x00A\x00 Qh\x90\x09\xff\x0c\x00C\x00t\x00r\
\x00l\x00 \x00+\x00 \x00D\x00 S\xd6m\x88\
Qh\x90\x09\x00\x0aN_S\xefN\xe5c\x09OO\
\x00 \x00S\x00h\x00i\x00f\x00t\x00 ^v\
p\xb9Q\xfbN\xe5\x90\x09b\xe9\x8f\xde~\xed\x98y\
v\xee0\x02\x08\x00\x00\x00\x00\x06\x00\x00\x00\x7fPr\
ess Ctrl + A to \
select all items\
, Ctrl + D to de\
select all items\
\x0aYou can also pr\
ess shift + clic\
k to select a ra\
nge of items.\x07\x00\x00\
\x00\x12BATCH_SELECT_G\
UIDE\x01\x03\x00\x00\x00\x1e\x89\xe3g\x90k\xcf\
ga\x94\xfec\xa5T\x0e\x81\xeaR\xa8R\xa0Qe\
N\x0b\x8f}R\x17\x88h\x08\x00\x00\x00\x00\x06\x00\x00\
\x00:Automatically \
add to download \
list after parsi\
ng each link\x07\x00\x00\x00\
\x10BatchParseDialo\
g\x01\x03\x00\x00\x00\x08by\x91\xcf\x89\xe3g\x90\x08\
\x00\x00\x00\x00\x06\x00\x00\x00\x0bBatch P\
arse\x07\x00\x00\x00\x10BatchPa\
rseDialog\x01\x03\x00\x00\x00\x04n\
\x05\x96d\x08\x00\x00\x00\x00\x06\x00\x00\x00\x05Cle\
ar\x07\x00\x00\x00\x10BatchPars\
eDialog\x01\x03\x00\x00\x00$v\xeeR\
MN\xc5e/c\x01\x00 \x00a\x00v\x00 S\
\xf7b\x16\x00 \x00B\x00V\x00 S\xf7\x94\xfec\
\xa5\x08\x00\x00\x00\x00\x06\x00\x00\x00,Curre\
ntly only av or \
BV links are sup\
ported.\x07\x00\x00\x00\x10Batc\
hParseDialog\x01\x03\x00\x00\
\x00\x0c\x94\xfec\xa5h<_\x0f\x95\x19\x8b\xef\x08\x00\
\x00\x00\x00\x06\x00\x00\x00\x13Invalid \
Link Format\x07\x00\x00\x00\x10\
BatchParseDialog\
\x01\x03\x00\x00\x00\x0c\x94\xfec\xa5ep\x91\xcf\xff\x1a\
\x000\x08\x00\x00\x00\x00\x06\x00\x00\x00\x0dLink\
 Count: 0\x07\x00\x00\x00\x10Ba\
tchParseDialog\x01\x03\
\x00\x00\x00\x18\x94\xfec\xa5ep\x91\xcf\xff\x1a\x00{\
\x00c\x00o\x00u\x00n\x00t\x00}\x08\x00\x00\x00\
\x00\x06\x00\x00\x00\x13Link Count\
: {count}\x07\x00\x00\x00\x10Ba\
tchParseDialog\x01\x03\
\x00\x00\x00\x0c\x94\xfec\xa5ep\x91\xcfN:zz\
\x08\x00\x00\x00\x00\x06\x00\x00\x00\x11No Lin\
ks Provided\x07\x00\x00\x00\x10\
BatchParseDialog\
\x01\x03\x00\x00\x00@W(kd|\x98\x8d4\x89\xc6\
\x98\x91\x94\xfec\xa5\xff\x0cN\x00\x88LN\x00N*\
\xff\x0cv\xeeRMN\xc5e/c\x01\x00 \x00a\
\x00v\x00 S\xf7T\x8c\x00 \x00B\x00V\x00 \
S\xf7\x94\xfec\xa5\x08\x00\x00\x00\x00\x06\x00\x00\x00S\
Paste video link\
s here, one per \
line. Currently \
only av and BV l\
inks are support\
ed.\x07\x00\x00\x00\x10BatchPar\
seDialog\x01\x03\x00\x00\x00\x18\x8b\xf7\
W(e\x87g,hFN-|\x98\x8d4\x89\xc6\
\x98\x91\x94\xfec\xa5\x08\x00\x00\x00\x00\x06\x00\x00\x00)\
Please paste vid\
eo links in the \
text box.\x07\x00\x00\x00\x10Ba\
tchParseDialog\x01\x03\
\x00\x00\x00\x08_\x00Y\xcb\x89\xe3g\x90\x08\x00\x00\x00\
\x00\x06\x00\x00\x00\x0dStart Pars\
ing\x07\x00\x00\x00\x10BatchPar\
seDialog\x01\x03\x00\x00\x00\x08by\
\x91\xcf\x90\x09b\xe9\x08\x00\x00\x00\x00\x06\x00\x00\x00\x0f\
Batch Selection\x07\
\x00\x00\x00\x11BatchSelectD\
ialog\x01\x03\x00\x00\x00\x22\x8b\xf7\x8f\x93Q\
e\x88LS\xf7\xff\x0cO\x8bY\x82\xff\x1a\x001\x00\
,\x003\x00,\x005\x00-\x001\x000\x08\x00\x00\
\x00\x00\x06\x00\x00\x00\x22Enter lin\
e numbers (e.g. \
1,3,5-10)\x07\x00\x00\x00\x11Ba\
tchSelectDialog\x01\
\x03\x00\x00\x00\x0c\x88LS\xf7h<_\x0f\x95\x19\x8b\
\xef\x08\x00\x00\x00\x00\x06\x00\x00\x00\x13Inval\
id line number\x07\x00\
\x00\x00\x11BatchSelectDi\
alog\x01\x03\x00\x00\x00\x10\x88LS\xf7\x83\x03\
V\xf4h<_\x0f\x95\x19\x8b\xef\x08\x00\x00\x00\x00\x06\
\x00\x00\x00\x19Invalid line\
 number range\x07\x00\x00\
\x00\x11BatchSelectDia\
log\x01\x03\x00\x00\x00\x0a\x8b\xf7\x8f\x93Qe\x88\
LS\xf7\x08\x00\x00\x00\x00\x06\x00\x00\x00\x19Ple\
ase enter line n\
umbers\x07\x00\x00\x00\x11Batch\
SelectDialog\x01\x03\x00\x00\
\x00\x0e\x8f\xb9hF\x00 \x00(P\xcf} \x00)\
\x08\x00\x00\x00\x00\x06\x00\x00\x00\x0cOutlin\
e (px)\x07\x00\x00\x00\x0bBorde\
rGroup\x01\x03\x00\x00\x00\x0e\x964_q\
\x00 \x00(P\xcf} \x00)\x08\x00\x00\x00\x00\x06\
\x00\x00\x00\x0bShadow (px)\x07\
\x00\x00\x00\x0bBorderGroup\x01\
\x03\x00\x00\x00\x04d\xcdO\x5c\x08\x00\x00\x00\x00\x06\x00\
\x00\x00\x07Actions\x07\x00\x00\x00\x0fC\
DNServerDialog\x01\x03\
\x00\x00\x00\x04m\xfbR\xa0\x08\x00\x00\x00\x00\x06\x00\x00\
\x00\x03Add\x07\x00\x00\x00\x0fCDNSer\
verDialog\x01\x03\x00\x00\x00\x14\x81\
\xea[\x9aNIg\x0dR\xa1UF\x00 \x00C\x00\
D\x00N\x08\x00\x00\x00\x00\x06\x00\x00\x00\x1eCus\
tomize Service P\
rovider CDN\x07\x00\x00\x00\x0f\
CDNServerDialog\x01\
\x03\x00\x00\x00(b\xd6b\xfdR\x17\x88h\x98yv\
\xee\x8f\xdb\x88Lc\x92^\x8f\xff\x0c\x8d\x8a\x97`N\
\x0aO\x18QH~\xa7\x8d\x8a\x9a\xd80\x02\x08\x00\x00\
\x00\x00\x06\x00\x00\x009Drag item\
s to reorder. Hi\
gher items have \
higher priority.\
\x07\x00\x00\x00\x0fCDNServerDi\
alog\x01\x03\x00\x00\x00\x04\x82\x82p\xb9\x08\x00\
\x00\x00\x00\x06\x00\x00\x00\x04Node\x07\x00\x00\x00\
\x0fCDNServerDialog\
\x01\x03\x00\x00\x00\x06g\x0dR\xa1UF\x08\x00\x00\x00\
\x00\x06\x00\x00\x00\x08Provider\x07\x00\
\x00\x00\x0fCDNServerDial\
og\x01\x03\x00\x00\x00\x0c\x91\xcd\x7fnN:\x9e\xd8\
\x8b\xa4P<\x08\x00\x00\x00\x00\x06\x00\x00\x00\x10Re\
set to Default\x07\x00\
\x00\x00\x0fCDNServerDial\
og\x01\x03\x00\x00\x00\x1c\x8c\x03etu(N\x8e\
N\x0b\x8f}v\x84\x00 \x00C\x00D\x00N\x00 \
\x8b\xbe\x7fn\x08\x00\x00\x00\x00\x06\x00\x00\x00(Ad\
just CDN setting\
s used for downl\
oading\x07\x00\x00\x00\x0eCDNSe\
ttingCard\x01\x03\x00\x00\x00\x0c\x00\
C\x00D\x00N\x00 \x8b\xbe\x7fn\x08\x00\x00\x00\x00\
\x06\x00\x00\x00\x0cCDN Setting\
s\x07\x00\x00\x00\x0eCDNSetting\
Card\x01\x03\x00\x00\x00\x06\x8b\xbe\x7fn &\
\x08\x00\x00\x00\x00\x06\x00\x00\x00\x0cConfig\
ure\xe2\x80\xa6\x07\x00\x00\x00\x0eCDNSe\
ttingCard\x01\x03\x00\x00\x00\x14\x81\
\xea[\x9aNIg\x0dR\xa1UF\x00 \x00C\x00\
D\x00N\x08\x00\x00\x00\x00\x06\x00\x00\x00\x1eCus\
tomize Service P\
rovider CDN\x07\x00\x00\x00\x0e\
CDNSettingCard\x01\x03\
\x00\x00\x00&\x81\xea[\x9aNIg\x0dR\xa1UF\
\x00 \x00C\x00D\x00N\x00 R\x17\x88hT\x8c\
O\x18QH~\xa7\x8b\xbe\x7fn\x08\x00\x00\x00\x00\x06\
\x00\x00\x008Customize th\
e list and prior\
ity of service p\
rovider CDNs\x07\x00\x00\x00\
\x0eCDNSettingCard\x01\
\x03\x00\x00\x00\x08\x81\xea[\x9aNI &\x08\x00\x00\
\x00\x00\x06\x00\x00\x00\x0cCustomize\
\xe2\x80\xa6\x07\x00\x00\x00\x0eCDNSetti\
ngCard\x01\x03\x00\x00\x00.O\x18QH\
O\x7fu(g\x0dR\xa1VhUFc\xd0O\x9b\
v\x84\x00 \x00C\x00D\x00N\xff\x0cc\xd0\x9a\xd8\
N\x0b\x8f}z3[\x9a`'\x08\x00\x00\x00\x00\x06\
\x00\x00\x00LPrefer CDN p\
rovided by cloud\
 service provide\
rs to improve do\
wnload stability\
\x07\x00\x00\x00\x0eCDNSettingC\
ard\x01\x03\x00\x00\x00\x16O\x18QHO\x7fu\
(g\x0dR\xa1UF\x00 \x00C\x00D\x00N\x08\
\x00\x00\x00\x00\x06\x00\x00\x00\x1bPrefer \
Service Provider\
 CDN\x07\x00\x00\x00\x0eCDNSett\
ingCard\x01\x03\x00\x00\x00\x0c\x90\x09b\
\xe9W0t\x06OM\x7fn\x08\x00\x00\x00\x00\x06\x00\
\x00\x00\x1aSelect Geogra\
phic Location\x07\x00\x00\
\x00\x0eCDNSettingCard\
\x01\x03\x00\x00\x00>\x90\x09b\xe9[\x9e\x96EOM\
\x7fn\xff\x0cN\xe5\x81\xeaR\xa8S9\x91Mf\xf4\
T\x08\x90\x02v\x84\x00 \x00C\x00D\x00N\x00 \
g\x0dR\xa1Vh^vc\xd0SGN\x0b\x8f}\
\x90\x1f^\xa6\x08\x00\x00\x00\x00\x06\x00\x00\x00hSe\
lect your actual\
 location to aut\
omatically match\
 a more suitable\
 CDN server and \
improve download\
 speed\x07\x00\x00\x00\x0eCDNSe\
ttingCard\x01\x03\x00\x00\x00\x06\x96\
?\x91\xccN\x91\x08\x00\x00\x00\x00\x06\x00\x00\x00\x06A\
liyun\x07\x00\x00\x00\x13CDN_SE\
RVER_PROVIDER\x01\x03\x00\
\x00\x00\x06\x81\xea[\x9aNI\x08\x00\x00\x00\x00\x06\x00\
\x00\x00\x06Custom\x07\x00\x00\x00\x13CD\
N_SERVER_PROVIDE\
R\x01\x03\x00\x00\x00\x06SNN:N\x91\x08\x00\x00\
\x00\x00\x06\x00\x00\x00\x0cHuawei Cl\
oud\x07\x00\x00\x00\x13CDN_SERV\
ER_PROVIDER\x01\x03\x00\x00\x00\
\x06\x81~\x8b\xafN\x91\x08\x00\x00\x00\x00\x06\x00\x00\x00\
\x0dTencent Cloud\x07\x00\
\x00\x00\x13CDN_SERVER_PR\
OVIDER\x01\x03\x00\x00\x00\x04e\xf6\x95\x7f\
\x08\x00\x00\x00\x00\x06\x00\x00\x00\x08Durati\
on\x07\x00\x00\x00\x0bCOLUMN_NA\
ME\x01\x03\x00\x00\x00\x08e6\x85\xcfe\xf6\x95\xf4\
\x08\x00\x00\x00\x00\x06\x00\x00\x00\x0dFavori\
te Time\x07\x00\x00\x00\x0bCOLU\
MN_NAME\x01\x03\x00\x00\x00\x0cN\x0ak\
!\x89\xc2w\x0be\xf6\x95\xf4\x08\x00\x00\x00\x00\x06\x00\
\x00\x00\x0cLast Watched\x07\
\x00\x00\x00\x0bCOLUMN_NAME\x01\
\x03\x00\x00\x00\x04^\x8fS\xf7\x08\x00\x00\x00\x00\x06\x00\
\x00\x00\x03No.\x07\x00\x00\x00\x0bCOLUM\
N_NAME\x01\x03\x00\x00\x00\x04Y\x07l\xe8\
\x08\x00\x00\x00\x00\x06\x00\x00\x00\x05Notes\x07\
\x00\x00\x00\x0bCOLUMN_NAME\x01\
\x03\x00\x00\x00\x08S\xd1^\x03e\xf6\x95\xf4\x08\x00\x00\
\x00\x00\x06\x00\x00\x00\x0cPublish T\
ime\x07\x00\x00\x00\x0bCOLUMN_N\
AME\x01\x03\x00\x00\x00(S\xd1^\x03e\xf6\x95\
\xf4\x00 \x00/\x00 e6\x85\xcfe\xf6\x95\xf4\x00\
 \x00/\x00 N\x0ak!\x89\xc2w\x0be\xf6\x95\
\xf4\x08\x00\x00\x00\x00\x06\x00\x00\x00+Publi\
sh Time / Favori\
te Time / Last W\
atched\x07\x00\x00\x00\x0bCOLUM\
N_NAME\x01\x03\x00\x00\x00\x04h\x07\x98\x98\
\x08\x00\x00\x00\x00\x06\x00\x00\x00\x05Title\x07\
\x00\x00\x00\x0bCOLUMN_NAME\x01\
\x03\x00\x00\x00\x08\x89\xc6\x98\x91T\x08\x96\xc6\x08\x00\x00\
\x00\x00\x06\x00\x00\x00\x0aCollectio\
n\x07\x00\x00\x00\x0fCONVENTION\
_TYPE\x01\x03\x00\x00\x00\x04\x8b\xfez\x0b\x08\
\x00\x00\x00\x00\x06\x00\x00\x00\x07Courses\
\x07\x00\x00\x00\x0fCONVENTION_\
TYPE\x01\x03\x00\x00\x00\x06e6\x85\xcfY9\
\x08\x00\x00\x00\x00\x06\x00\x00\x00\x09Favori\
tes\x07\x00\x00\x00\x0fCONVENTI\
ON_TYPE\x01\x03\x00\x00\x00\x04_q\x89\
\xc6\x08\x00\x00\x00\x00\x06\x00\x00\x00\x09Film \
& TV\x07\x00\x00\x00\x0fCONVENT\
ION_TYPE\x01\x03\x00\x00\x00\x08S\x86\
S\xf2\x8b\xb0_U\x08\x00\x00\x00\x00\x06\x00\x00\x00\x07\
History\x07\x00\x00\x00\x0fCONV\
ENTION_TYPE\x01\x03\x00\x00\x00\
\x08N\x92R\xa8\x89\xc6\x98\x91\x08\x00\x00\x00\x00\x06\x00\
\x00\x00\x11Interactive V\
ideo\x07\x00\x00\x00\x0fCONVENT\
ION_TYPE\x01\x03\x00\x00\x00\x08R\x06\
\x00P\x89\xc6\x98\x91\x08\x00\x00\x00\x00\x06\x00\x00\x00\x11\
Multi-part Serie\
s\x07\x00\x00\x00\x0fCONVENTION\
_TYPE\x01\x03\x00\x00\x00\x04\x97\xf3NP\x08\
\x00\x00\x00\x00\x06\x00\x00\x00\x05Music\x07\x00\
\x00\x00\x0fCONVENTION_TY\
PE\x01\x03\x00\x00\x00\x08N*N\xbazz\x95\xf4\
\x08\x00\x00\x00\x00\x06\x00\x00\x00\x07Profil\
e\x07\x00\x00\x00\x0fCONVENTION\
_TYPE\x01\x03\x00\x00\x00\x08SUN*\x89\
\xc6\x98\x91\x08\x00\x00\x00\x00\x06\x00\x00\x00\x0cSin\
gle Video\x07\x00\x00\x00\x0fCO\
NVENTION_TYPE\x01\x03\x00\
\x00\x00\x08z\x0dT\x0eQ\x8dw\x0b\x08\x00\x00\x00\x00\
\x06\x00\x00\x00\x0bWatch Later\
\x07\x00\x00\x00\x0fCONVENTION_\
TYPE\x01\x03\x00\x00\x00\x08k\xcfTh_\xc5\
w\x0b\x08\x00\x00\x00\x00\x06\x00\x00\x00\x0cWeek\
ly Picks\x07\x00\x00\x00\x0fCON\
VENTION_TYPE\x01\x03\x00\x00\
\x00\x10\x8c\x03etz\xe0\x82\x82v\xf8Qs\x8b\xbe\
\x7fn\x08\x00\x00\x00\x00\x06\x00\x00\x00\x17Adju\
st chapter setti\
ngs\x07\x00\x00\x00\x12ChapterS\
ettingCard\x01\x03\x00\x00\x00\x08\
z\xe0\x82\x82\x8b\xbe\x7fn\x08\x00\x00\x00\x00\x06\x00\x00\
\x00\x10Chapter Settin\
gs\x07\x00\x00\x00\x12ChapterSe\
ttingCard\x01\x03\x00\x00\x00\x0c]\
LQez\xe0\x82\x82O\xe1`o\x08\x00\x00\x00\x00\
\x06\x00\x00\x00\x0eEmbed Chapt\
ers\x07\x00\x00\x00\x12ChapterS\
ettingCard\x01\x03\x00\x00\x006\
\x5c\x06\x89\xc6\x98\x91v\x84R\x06k\xb5z\xe0\x82\x82\
Q\x99Qe\x89\xc6\x98\x91e\x87N\xf6\xff\x0cN\xc5\
W(T\x08^v\x89\xc6\x98\x91T\x8c\x97\xf3\x98\x91\
e\xf6u\x1feH\x08\x00\x00\x00\x00\x06\x00\x00\x00Y\
Embed the video \
chapters into th\
e video file, on\
ly effective whe\
n merging video \
and audio\x07\x00\x00\x00\x12Ch\
apterSettingCard\
\x01\x03\x00\x00\x00\x08z\xcbSsh\xc0g\xe5\x08\x00\
\x00\x00\x00\x06\x00\x00\x00\x09Check No\
w\x07\x00\x00\x00\x16CheckUpdat\
eSettingCard\x01\x03\x00\x00\
\x00\x08h\xc0g\xe5f\xf4e\xb0\x08\x00\x00\x00\x00\x06\
\x00\x00\x00\x11Check for Up\
dates\x07\x00\x00\x00\x16CheckU\
pdateSettingCard\
\x01\x03\x00\x00\x00\x14h\xc0g\xe5f/T&g\x09\
e\xb0rHg,S\xefu(\x08\x00\x00\x00\x00\x06\
\x00\x00\x00#Check if a n\
ew version is av\
ailable\x07\x00\x00\x00\x16Chec\
kUpdateSettingCa\
rd\x01\x03\x00\x00\x00\x0eS\x05T+\x98\x84S\xd1\
^\x03rHg,\x08\x00\x00\x00\x00\x06\x00\x00\x00\x1b\
Include Prerelea\
se Versions\x07\x00\x00\x00\x16\
CheckUpdateSetti\
ngCard\x01\x03\x00\x00\x00(W(f\xf4\
e\xb0h\xc0g\xe5N-S\x05T+\x98\x84S\xd1\
^\x03rHg,\xff\x08S\xef\x80\xfdN\x0dz3\
[\x9a\xff\x09\x08\x00\x00\x00\x00\x06\x00\x00\x00>In\
clude prerelease\
 versions in upd\
ate checks (may \
be unstable)\x07\x00\x00\x00\
\x16CheckUpdateSett\
ingCard\x01\x03\x00\x00\x00\x0c\x81\xea[\
\x9aNIO\x18QH~\xa7\x08\x00\x00\x00\x00\x06\x00\
\x00\x00\x12Customize Pri\
ority\x07\x00\x00\x00\x0cChoice\
Widget\x01\x03\x00\x00\x00\x08\x8f\xb9hF\
\x98\x9c\x82r\x08\x00\x00\x00\x00\x06\x00\x00\x00\x0dOu\
tline Color\x07\x00\x00\x00\x0a\
ColorGroup\x01\x03\x00\x00\x00\x08\
N;\x89\x81\x98\x9c\x82r\x08\x00\x00\x00\x00\x06\x00\x00\
\x00\x0dPrimary Color\x07\
\x00\x00\x00\x0aColorGroup\x01\x03\
\x00\x00\x00\x08k!\x89\x81\x98\x9c\x82r\x08\x00\x00\x00\
\x00\x06\x00\x00\x00\x0fSecondary \
Color\x07\x00\x00\x00\x0aColorG\
roup\x01\x03\x00\x00\x00\x08\x964_q\x98\x9c\
\x82r\x08\x00\x00\x00\x00\x06\x00\x00\x00\x0cShad\
ow Color\x07\x00\x00\x00\x0aCol\
orGroup\x01\x03\x00\x00\x00\x0e\x81\xea[\
\x9aNI_9^Uh7_\x0f\x08\x00\x00\x00\x00\
\x06\x00\x00\x00\x17Customize D\
anmaku Style\x07\x00\x00\x00\
\x0dContentWidget\x01\x03\
\x00\x00\x00\x0e\x81\xea[\x9aNI[W^Uh7\
_\x0f\x08\x00\x00\x00\x00\x06\x00\x00\x00\x18Cust\
omize Subtitle S\
tyle\x07\x00\x00\x00\x0dContent\
Widget\x01\x03\x00\x00\x00\x16\x00C\x00o\
\x00o\x00k\x00i\x00e\x00 N\x0d\x80\xfdN:\
zz\x08\x00\x00\x00\x00\x06\x00\x00\x00\x17Cook\
ies cannot be em\
pty\x07\x00\x00\x00\x11CookieLo\
ginDialog\x01\x03\x00\x00\x00\x18O\
\x7fu(\x00 \x00C\x00o\x00o\x00k\x00i\x00\
e\x00 v{_U\x08\x00\x00\x00\x00\x06\x00\x00\x00\
\x13Log in with Coo\
kies\x07\x00\x00\x00\x11CookieL\
oginDialog\x01\x03\x00\x00\x00\x22\
e/c\x01\x00 \x00J\x00S\x00O\x00N\x00 \
h<_\x0fT\x8cR\x06S\xf7R\x06\x96\x94_b\
_\x0f\x08\x00\x00\x00\x00\x06\x00\x00\x002Supp\
ort JSON format \
and semicolon-se\
parated format\x07\x00\
\x00\x00\x11CookieLoginDi\
alog\x01\x03\x00\x00\x00\x10\x8c\x03et\x5c\x01\
\x97bN\x0b\x8f}\x8b\xbe\x7fn\x08\x00\x00\x00\x00\x06\
\x00\x00\x00\x1eAdjust cover\
 download settin\
gs\x07\x00\x00\x00\x10CoverSett\
ingCard\x01\x03\x00\x00\x00\x0c\x5c\x01\x97\
bN\x0b\x8f}\x8b\xbe\x7fn\x08\x00\x00\x00\x00\x06\x00\
\x00\x00\x17Cover Downloa\
d Settings\x07\x00\x00\x00\x10C\
overSettingCard\x01\
\x03\x00\x00\x00\x08\x5c\x01\x97bh<_\x0f\x08\x00\x00\
\x00\x00\x06\x00\x00\x00\x0cCover For\
mat\x07\x00\x00\x00\x10CoverSet\
tingCard\x01\x03\x00\x00\x00\x0e]L\
QeT\x0eR \x96d\x5c\x01\x97b\x08\x00\x00\x00\
\x00\x06\x00\x00\x00\x1cDelete Cov\
er After Embeddi\
ng\x07\x00\x00\x00\x10CoverSett\
ingCard\x01\x03\x00\x00\x00\x22\x5c\x06\x5c\
\x01\x97b]LQe\x89\xc6\x98\x91e\x87N\xf6T\
\x0eR \x96dS\x9f\x5c\x01\x97be\x87N\xf6\x08\
\x00\x00\x00\x00\x06\x00\x00\x00EDelete \
the original cov\
er file after em\
bedding it into \
the video file\x07\x00\
\x00\x00\x10CoverSettingC\
ard\x01\x03\x00\x00\x00\x08N\x0b\x8f}\x5c\x01\x97\
b\x08\x00\x00\x00\x00\x06\x00\x00\x00\x0eDownl\
oad Cover\x07\x00\x00\x00\x10Co\
verSettingCard\x01\x03\
\x00\x00\x00\x08]LQe\x5c\x01\x97b\x08\x00\x00\x00\
\x00\x06\x00\x00\x00\x0bEmbed Cove\
r\x07\x00\x00\x00\x10CoverSetti\
ngCard\x01\x03\x00\x00\x00\x1c\x5c\x06N\x0b\
\x8f}v\x84\x5c\x01\x97b]LQeR0\x89\xc6\
\x98\x91e\x87N\xf6N-\x08\x00\x00\x00\x00\x06\x00\x00\
\x00.Embed the down\
loaded cover int\
o the video file\
\x07\x00\x00\x00\x10CoverSettin\
gCard\x01\x03\x00\x00\x00\x04\x8f\x83Y\x1a\x08\
\x00\x00\x00\x00\x06\x00\x00\x00\x04High\x07\x00\x00\
\x00\x0fDANMAKU_DENSIT\
Y\x01\x03\x00\x00\x00\x04kc^8\x08\x00\x00\x00\x00\
\x06\x00\x00\x00\x06Normal\x07\x00\x00\x00\x0f\
DANMAKU_DENSITY\x01\
\x03\x00\x00\x00\x04\x91\xcdS\xe0\x08\x00\x00\x00\x00\x06\x00\
\x00\x00\x07Overlap\x07\x00\x00\x00\x0fD\
ANMAKU_DENSITY\x01\x03\
\x00\x00\x00\x04\x8f\x83_\xeb\x08\x00\x00\x00\x00\x06\x00\x00\
\x00\x04Fast\x07\x00\x00\x00\x0dDANMA\
KU_SPEED\x01\x03\x00\x00\x00\x04kc\
^8\x08\x00\x00\x00\x00\x06\x00\x00\x00\x06Norm\
al\x07\x00\x00\x00\x0dDANMAKU_S\
PEED\x01\x03\x00\x00\x00\x04\x8f\x83ab\x08\x00\
\x00\x00\x00\x06\x00\x00\x00\x04Slow\x07\x00\x00\x00\
\x0dDANMAKU_SPEED\x01\x03\
\x00\x00\x00\x04g\x81_\xeb\x08\x00\x00\x00\x00\x06\x00\x00\
\x00\x09Very Fast\x07\x00\x00\x00\x0d\
DANMAKU_SPEED\x01\x03\x00\
\x00\x00\x04g\x81ab\x08\x00\x00\x00\x00\x06\x00\x00\x00\
\x09Very Slow\x07\x00\x00\x00\x0dD\
ANMAKU_SPEED\x01\x03\x00\x00\
\x00\x08e\xb0^\xfa\x89\xc4R\x19\x08\x00\x00\x00\x00\x06\
\x00\x00\x00\x08New rule\x07\x00\x00\x00\
\x12DEFAULT_RULE_NA\
MES\x01\x03\x00\x00\x00\x12\x98\x84\x8b\xbe\x89\xc4R\
\x19\xff\x1a\x89\xc6\x98\x91T\x08\x96\xc6\x08\x00\x00\x00\x00\
\x06\x00\x00\x00\x12Preset: Col\
lection\x07\x00\x00\x00\x12DEFA\
ULT_RULE_NAMES\x01\x03\
\x00\x00\x00\x0e\x98\x84\x8b\xbe\x89\xc4R\x19\xff\x1a\x8b\xfe\
z\x0b\x08\x00\x00\x00\x00\x06\x00\x00\x00\x0fPres\
et: Courses\x07\x00\x00\x00\x12\
DEFAULT_RULE_NAM\
ES\x01\x03\x00\x00\x00\x10\x98\x84\x8b\xbe\x89\xc4R\x19\
\xff\x1ae6\x85\xcfY9\x08\x00\x00\x00\x00\x06\x00\x00\
\x00\x11Preset: Favori\
tes\x07\x00\x00\x00\x12DEFAULT_\
RULE_NAMES\x01\x03\x00\x00\x00\x0e\
\x98\x84\x8b\xbe\x89\xc4R\x19\xff\x1a_q\x89\xc6\x08\x00\
\x00\x00\x00\x06\x00\x00\x00\x11Preset: \
Film & TV\x07\x00\x00\x00\x12DE\
FAULT_RULE_NAMES\
\x01\x03\x00\x00\x00\x12\x98\x84\x8b\xbe\x89\xc4R\x19\xff\x1a\
S\x86S\xf2\x8b\xb0_U\x08\x00\x00\x00\x00\x06\x00\x00\
\x00\x0fPreset: Histor\
y\x07\x00\x00\x00\x12DEFAULT_RU\
LE_NAMES\x01\x03\x00\x00\x00\x12\x98\x84\
\x8b\xbe\x89\xc4R\x19\xff\x1aN\x92R\xa8\x89\xc6\x98\x91\
\x08\x00\x00\x00\x00\x06\x00\x00\x00\x19Preset\
: Interactive Vi\
deo\x07\x00\x00\x00\x12DEFAULT_\
RULE_NAMES\x01\x03\x00\x00\x00\x12\
\x98\x84\x8b\xbe\x89\xc4R\x19\xff\x1aR\x06\x00P\x89\xc6\
\x98\x91\x08\x00\x00\x00\x00\x06\x00\x00\x00\x19Pres\
et: Multi-part S\
eries\x07\x00\x00\x00\x12DEFAUL\
T_RULE_NAMES\x01\x03\x00\x00\
\x00\x0e\x98\x84\x8b\xbe\x89\xc4R\x19\xff\x1a\x97\xf3NP\
\x08\x00\x00\x00\x00\x06\x00\x00\x00\x0dPreset\
: Music\x07\x00\x00\x00\x12DEFA\
ULT_RULE_NAMES\x01\x03\
\x00\x00\x00\x12\x98\x84\x8b\xbe\x89\xc4R\x19\xff\x1aN*\
N\xbazz\x95\xf4\x08\x00\x00\x00\x00\x06\x00\x00\x00\x0f\
Preset: Profile\x07\
\x00\x00\x00\x12DEFAULT_RULE\
_NAMES\x01\x03\x00\x00\x00\x12\x98\x84\x8b\xbe\
\x89\xc4R\x19\xff\x1aSUN*\x89\xc6\x98\x91\x08\x00\
\x00\x00\x00\x06\x00\x00\x00\x14Preset: \
Single Video\x07\x00\x00\x00\
\x12DEFAULT_RULE_NA\
MES\x01\x03\x00\x00\x00\x12\x98\x84\x8b\xbe\x89\xc4R\
\x19\xff\x1az\x0dT\x0eQ\x8dw\x0b\x08\x00\x00\x00\x00\
\x06\x00\x00\x00\x13Preset: Wat\
ch Later\x07\x00\x00\x00\x12DEF\
AULT_RULE_NAMES\x01\
\x03\x00\x00\x00\x12\x98\x84\x8b\xbe\x89\xc4R\x19\xff\x1ak\
\xcfTh_\xc5w\x0b\x08\x00\x00\x00\x00\x06\x00\x00\x00\
\x14Preset: Weekly \
Picks\x07\x00\x00\x00\x12DEFAUL\
T_RULE_NAMES\x01\x03\x00\x00\
\x00\xb2g,R\x9f\x80\xfd\x90\x1a\x8f\xc7\x89\xc6\x98\x91\
U/N\x00h\x07\x8b\xc6\xff\x08Y\x82\x00 \x00B\
\x00VS\xf70\x01\x00a\x00vS\xf7\xff\x09R$\
e\xadf/T&\x91\xcdY\x0d\xff\x0cN\x0ee\x87\
N\xf6T\x0de\xe0Qs0\x02\x00\x0a\x8b\xf7l\xe8\
a\x0fN\x0b\x8f}\x8b\xb0_Uf/\x8b\xc6R+\
]\xf2N\x0b\x8f}\x89\xc6\x98\x91v\x84U/N\x00\
O\x9dcn\xff\x0cY\x82g\x9cn\x05\x96dN\x0b\
\x8f}\x8b\xb0_U\xff\x0c|\xfb~\xdf\x5c\x06e\xe0\
l\xd5\x8b\xc6R+]\xf2N\x0b\x8f}Q\x85[\xb9\
\xff\x0cS\xef\x80\xfd[\xfc\x81\xf4\x91\xcdY\x0dN\x0b\
\x8f}0\x02\x08\x00\x00\x00\x00\x06\x00\x00\x01,Th\
is feature detec\
ts duplicates ba\
sed on unique vi\
deo identifiers \
(e.g., BV/av IDs\
), not filenames\
.\x0aPlease note th\
at download hist\
ory is the sole \
basis for recogn\
izing downloaded\
 videos. Clearin\
g it will preven\
t the system fro\
m identifying ex\
isting downloads\
, which may resu\
lt in duplicate \
downloads.\x07\x00\x00\x00\x18D\
UPLICATE_DOWNLOA\
D_GUIDE\x01\x03\x00\x00\x00\x10\x8c\x03e\
t_9^UN\x0b\x8f}\x8b\xbe\x7fn\x08\x00\x00\
\x00\x00\x06\x00\x00\x00 Adjust da\
nmaku download s\
ettings\x07\x00\x00\x00\x12Danm\
akuSettingCard\x01\x03\
\x00\x00\x00\x08\x81\xea[\x9aNI &\x08\x00\x00\x00\
\x00\x06\x00\x00\x00\x0cCustomize\xe2\
\x80\xa6\x07\x00\x00\x00\x12DanmakuSe\
ttingCard\x01\x03\x00\x00\x00\x0c_\
9^UN\x0b\x8f}\x8b\xbe\x7fn\x08\x00\x00\x00\x00\
\x06\x00\x00\x00\x19Danmaku Dow\
nload Settings\x07\x00\
\x00\x00\x12DanmakuSettin\
gCard\x01\x03\x00\x00\x00\x08_9^Uh\
<_\x0f\x08\x00\x00\x00\x00\x06\x00\x00\x00\x0eDan\
maku Format\x07\x00\x00\x00\x12\
DanmakuSettingCa\
rd\x01\x03\x00\x00\x00\x08_9^Uh7_\x0f\
\x08\x00\x00\x00\x00\x06\x00\x00\x00\x0dDanmak\
u Style\x07\x00\x00\x00\x12Danm\
akuSettingCard\x01\x03\
\x00\x00\x00\x12]LQeT\x0eR \x96d_9\
^Ue\x87N\xf6\x08\x00\x00\x00\x00\x06\x00\x00\x00\x1e\
Delete Danmaku A\
fter Embedding\x07\x00\
\x00\x00\x12DanmakuSettin\
gCard\x01\x03\x00\x00\x00\x22\x5c\x06_9^\
U]LQe\x89\xc6\x98\x91e\x87N\xf6T\x0eR\
 \x96dS\x9f_9^Ue\x87N\xf6\x08\x00\x00\
\x00\x00\x06\x00\x00\x00GDelete th\
e original danma\
ku file after em\
bedding it into \
the video file\x07\x00\
\x00\x00\x12DanmakuSettin\
gCard\x01\x03\x00\x00\x00\x08N\x0b\x8f}_\
9^U\x08\x00\x00\x00\x00\x06\x00\x00\x00\x10Dow\
nload Danmaku\x07\x00\x00\
\x00\x12DanmakuSetting\
Card\x01\x03\x00\x00\x00\x08]LQe_9\
^U\x08\x00\x00\x00\x00\x06\x00\x00\x00\x0dEmbe\
d Danmaku\x07\x00\x00\x00\x12Da\
nmakuSettingCard\
\x01\x03\x00\x00\x00V\x5c\x06_9^UO\x5cN:\
[W^U\x8fh]LQeR0\x89\xc6\x98\x91\
e\x87N\xf6N-\xff\x0cN\xc5W(_9^U\
h<_\x0fN:\x00 \x00A\x00S\x00S\x00 \
N\x14\x8f\x93Q\xfa[\xb9VhN:\x00 \x00M\
\x00K\x00V\x00 e\xf6S\xefu(\x08\x00\x00\x00\
\x00\x06\x00\x00\x00|Embed danm\
aku into the vid\
eo file as a sub\
title track, onl\
y available when\
 the format is A\
SS and the outpu\
t container is M\
KV\x07\x00\x00\x00\x12DanmakuSe\
ttingCard\x01\x03\x00\x00\x00\x18N\
\xc5\x00 \x00A\x00S\x00S\x00 h<_\x0f_\
9^Ug\x09eH\x08\x00\x00\x00\x00\x06\x00\x00\x00\
%Only effective \
for ASS format d\
anmaku\x07\x00\x00\x00\x12Danma\
kuSettingCard\x01\x03\x00\
\x00\x00\x08N\x0dQ\x8dc\xd0y:\x08\x00\x00\x00\x00\
\x06\x00\x00\x00\x15Don't show \
this again\x07\x00\x00\x00\x1bD\
ownloadAsSingleV\
ideoDialog\x01\x03\x00\x00\x00\x0e\
N\x0b\x8f}N:SUN*\x89\xc6\x98\x91\x08\x00\
\x00\x00\x00\x06\x00\x00\x00\x18Download\
 as Single Video\
\x07\x00\x00\x00\x1bDownloadAsS\
ingleVideoDialog\
\x01\x03\x00\x00\x00D\x8b\xe5d\xcdO\x5cO\x1av\xf4\
c\xa5N\xe5\x89\xc6\x98\x91h\x07\x98\x98O\x5cN:\
e\x87N\xf6T\x0dO\xdd[X\xff\x0cN\x0dS\xd7\
O`\x8b\xbe\x7fnv\x84e\x87N\xf6T}T\x0d\
\x89\xc4R\x19~\xa6g_0\x02\x08\x00\x00\x00\x00\x06\
\x00\x00\x00yThis will sa\
ve the file dire\
ctly using the v\
ideo's title as \
its name, withou\
t applying your \
configured file \
naming rules.\x07\x00\x00\
\x00\x1bDownloadAsSing\
leVideoDialog\x01\x03\x00\
\x00\x00&\x8c\x03etk\xcfN\xfbR\xa1~\xbfz\
\x0bep0\x01^vS\xd1N\x0b\x8f}epT\
\x8c\x90\x1f^\xa6\x96PR6\x08\x00\x00\x00\x00\x06\x00\
\x00\x00?Adjust per-ta\
sk threads, conc\
urrent downloads\
, and speed limi\
ts\x07\x00\x00\x00\x1eDownloadC\
oncurrencySettin\
gCard\x01\x03\x00\x00\x00 \x8c\x03etT\
\x0ce\xf6N\x0b\x8f}v\x84N\xfbR\xa1ep\xff\
\x0c\x9e\xd8\x8b\xa4N:\x00 \x001\x08\x00\x00\x00\x00\
\x06\x00\x00\x00AAdjust the \
number of tasks \
downloaded simul\
taneously (defau\
lt: 1)\x07\x00\x00\x00\x1eDownl\
oadConcurrencySe\
ttingCard\x01\x03\x00\x00\x00$\x8c\
\x03etSUN*N\xfbR\xa1O\x7fu(v\
\x84~\xbfz\x0bep\xff\x0c\x9e\xd8\x8b\xa4N:\x00\
 \x004\x08\x00\x00\x00\x00\x06\x00\x00\x007Adj\
ust the number o\
f threads used p\
er task (default\
: 4)\x07\x00\x00\x00\x1eDownloa\
dConcurrencySett\
ingCard\x01\x03\x00\x00\x00\x16\x91M\x7f\
nN\x0b\x8f}v\x84\x90\x1f^\xa6\x96PR6\x8b\
\xbe\x7fn\x08\x00\x00\x00\x00\x06\x00\x00\x00,Con\
figure speed lim\
it settings for \
downloads\x07\x00\x00\x00\x1eDo\
wnloadConcurrenc\
ySettingCard\x01\x03\x00\x00\
\x00\x06\x8b\xbe\x7fn &\x08\x00\x00\x00\x00\x06\x00\x00\
\x00\x0cConfigure\xe2\x80\xa6\x07\x00\
\x00\x00\x1eDownloadConcu\
rrencySettingCar\
d\x01\x03\x00\x00\x00\x08N\x0b\x8f}^vS\xd1\x08\
\x00\x00\x00\x00\x06\x00\x00\x00\x14Downloa\
d Concurrency\x07\x00\x00\
\x00\x1eDownloadConcur\
rencySettingCard\
\x01\x03\x00\x00\x00\x0a^v\x88LN\x0b\x8f}ep\
\x08\x00\x00\x00\x00\x06\x00\x00\x00\x1cNumber\
 of Parallel Dow\
nloads\x07\x00\x00\x00\x1eDownl\
oadConcurrencySe\
ttingCard\x01\x03\x00\x00\x00\x08Y\
\x1a~\xbfz\x0bep\x08\x00\x00\x00\x00\x06\x00\x00\x00\
\x11Number of Threa\
ds\x07\x00\x00\x00\x1eDownloadC\
oncurrencySettin\
gCard\x01\x03\x00\x00\x00\x0c\x90\x1f^\xa6\x96\
PR6\x8b\xbe\x7fn\x08\x00\x00\x00\x00\x06\x00\x00\x00\
\x14Speed Limit Set\
tings\x07\x00\x00\x00\x1eDownlo\
adConcurrencySet\
tingCard\x01\x03\x00\x00\x00\x1e\x90\x09\
b\xe9g\x00~\xc8\x8f\x93Q\xfa\x89\xc6\x98\x91e\x87\
N\xf6v\x84[\xb9Vhh<_\x0f\x08\x00\x00\x00\
\x00\x06\x00\x00\x00;Choose the\
 container forma\
t for the final \
output video fil\
e\x07\x00\x00\x00\x12DownloadFo\
rmatCard\x01\x03\x00\x00\x00\x1a\x8b\xbe\
\x7fnN\x0b\x8f}e\x87N\xf6v\x84\x8f\x93Q\xfa\
h<_\x0f\x90\x09\x98y\x08\x00\x00\x00\x00\x06\x00\x00\
\x005Configure outp\
ut format settin\
gs for downloade\
d files\x07\x00\x00\x00\x12Down\
loadFormatCard\x01\x03\
\x00\x00\x00\x1a\x5c\x06\x00 \x00M\x004\x00A\x00 \
\x8flcbN:\x00 \x00M\x00P\x003\x08\x00\
\x00\x00\x00\x06\x00\x00\x00\x12Convert \
M4A to MP3\x07\x00\x00\x00\x12D\
ownloadFormatCar\
d\x01\x03\x00\x00\x00\x08N\x0b\x8f}h<_\x0f\x08\
\x00\x00\x00\x00\x06\x00\x00\x00\x0fDownloa\
d Format\x07\x00\x00\x00\x12Dow\
nloadFormatCard\x01\
\x03\x00\x00\x00\x16N\xc5W(N\x0b\x8f}~\xaf\x97\
\xf3\x98\x91mAe\xf6g\x09eH\x08\x00\x00\x00\x00\
\x06\x00\x00\x00UOnly applie\
s when downloadi\
ng audio-only st\
reams. Disabled \
if video is also\
 selected.\x07\x00\x00\x00\x12D\
ownloadFormatCar\
d\x01\x03\x00\x00\x00\x0c\x8f\x93Q\xfa[\xb9Vhh\
<_\x0f\x08\x00\x00\x00\x00\x06\x00\x00\x00\x17Out\
put Container Fo\
rmat\x07\x00\x00\x00\x12Downloa\
dFormatCard\x01\x03\x00\x00\x00\
\x16g\x09Qs\x91\xcdY\x0dN\x0b\x8f}Y\x04t\
\x06v\x84\x8b\xf4f\x0e\x08\x00\x00\x00\x00\x06\x00\x00\x00\
#About Duplicate\
 Download Resolu\
tion\x07\x00\x00\x00\x1bDownloa\
dHandlingSetting\
Card\x01\x03\x00\x00\x00\x18g\x09Qs\x98\x84\
R\x06\x91Me\x87N\xf6zz\x95\xf4v\x84\x8b\xf4\
f\x0e\x08\x00\x00\x00\x00\x06\x00\x00\x00\x1eAbou\
t Preallocating \
File Space\x07\x00\x00\x00\x1bD\
ownloadHandlingS\
ettingCard\x01\x03\x00\x00\x00\x08\
`;f/\x8b\xe2\x95\xee\x08\x00\x00\x00\x00\x06\x00\x00\
\x00\x0aAlways ask\x07\x00\x00\x00\
\x1bDownloadHandlin\
gSettingCard\x01\x03\x00\x00\
\x00\x0a\x81\xeaR\xa8\x91\xcdT}T\x0d\x08\x00\x00\x00\
\x00\x06\x00\x00\x00\x0bAuto-renam\
e\x07\x00\x00\x00\x1bDownloadHa\
ndlingSettingCar\
d\x01\x03\x00\x00\x00\x1a\x90\x09b\xe9h\xc0mKR\
0\x91\xcdY\x0dN\x0b\x8f}e\xf6v\x84d\xcdO\
\x5c\x08\x00\x00\x00\x00\x06\x00\x00\x007Choos\
e the action whe\
n a duplicate do\
wnload is detect\
ed\x07\x00\x00\x00\x1bDownloadH\
andlingSettingCa\
rd\x01\x03\x00\x00\x00$\x90\x09b\xe9_Sv\xee\
h\x07OM\x7fn]\xf2[XW(T\x0cT\x0d\
e\x87N\xf6e\xf6v\x84d\xcdO\x5c\x08\x00\x00\x00\
\x00\x06\x00\x00\x00?Choose the\
 action when a f\
ile with the sam\
e name already e\
xists\x07\x00\x00\x00\x1bDownlo\
adHandlingSettin\
gCard\x01\x03\x00\x00\x00*\x91M\x7fnN\
\x0b\x8f}c\xd0y:0\x01\x90\x1aw\xe50\x01\x81\
\xeaR\xa8\x91\xcd\x8b\xd5S\xcaT\x0cT\x0de\x87N\
\xf6Y\x04t\x06\x08\x00\x00\x00\x00\x06\x00\x00\x00XC\
onfigure downloa\
d prompts, notif\
ications, automa\
tic retries, and\
 file conflict h\
andling\x07\x00\x00\x00\x1bDown\
loadHandlingSett\
ingCard\x01\x03\x00\x00\x00\x08~\xe7~\
\xedN\x0b\x8f}\x08\x00\x00\x00\x00\x06\x00\x00\x00\x08C\
ontinue\x07\x00\x00\x00\x1bDown\
loadHandlingSett\
ingCard\x01\x03\x00\x00\x00\x08N\x0b\x8f\
}Y\x04t\x06\x08\x00\x00\x00\x00\x06\x00\x00\x00\x11D\
ownload Handling\
\x07\x00\x00\x00\x1bDownloadHan\
dlingSettingCard\
\x01\x03\x00\x00\x00\x0c\x91\xcdY\x0dN\x0b\x8f}Y\x04\
t\x06\x08\x00\x00\x00\x00\x06\x00\x00\x00\x1dDupl\
icate Download R\
esolution\x07\x00\x00\x00\x1bDo\
wnloadHandlingSe\
ttingCard\x01\x03\x00\x00\x00\x0cT\
\x0cT\x0de\x87N\xf6Y\x04t\x06\x08\x00\x00\x00\x00\
\x06\x00\x00\x00\x18File Confli\
ct Resolution\x07\x00\x00\
\x00\x1bDownloadHandli\
ngSettingCard\x01\x03\x00\
\x00\x00:\x8f\xde~\xed\x91\xcd\x8b\xd5\x8f\xd9NHY\
\x1ak!N\xcdg*b\x10R\x9fT\x0e\xff\x0ce\
>_\x03^v{I_\x85bKR\xa8Y\x04t\
\x06\xff\x08\x9e\xd8\x8b\xa4\xff\x1a\x005\xff\x09\x08\x00\x00\
\x00\x00\x06\x00\x00\x00ZGive up a\
nd wait for manu\
al action after \
this many consec\
utive failed ret\
ries (default: 5\
)\x07\x00\x00\x00\x1bDownloadHa\
ndlingSettingCar\
d\x01\x03\x00\x00\x00\x04\x8b\xf4f\x0e\x08\x00\x00\x00\x00\
\x06\x00\x00\x00\x0cInstruction\
s\x07\x00\x00\x00\x1bDownloadHa\
ndlingSettingCar\
d\x01\x03\x00\x00\x00\x0cg\x00Y'\x91\xcd\x8b\xd5k\
!ep\x08\x00\x00\x00\x00\x06\x00\x00\x00\x16Max\
imum Retry Attem\
pts\x07\x00\x00\x00\x1bDownload\
HandlingSettingC\
ard\x01\x03\x00\x00\x00\x08\x89\x86v\xd6e\x87N\
\xf6\x08\x00\x00\x00\x00\x06\x00\x00\x00\x09Overw\
rite\x07\x00\x00\x00\x1bDownloa\
dHandlingSetting\
Card\x01\x03\x00\x00\x00\x0e\x98\x84R\x06\x91M\
e\x87N\xf6zz\x95\xf4\x08\x00\x00\x00\x00\x06\x00\x00\
\x00\x16Preallocate Fi\
le Space\x07\x00\x00\x00\x1bDow\
nloadHandlingSet\
tingCard\x01\x03\x00\x00\x00\x1eN\x0b\
\x8f}RM\x98\x84R\x06\x91Me\x87N\xf6zz\
\x95\xf4N\xe5c\xd0SG`'\x80\xfd\x08\x00\x00\x00\
\x00\x06\x00\x00\x00@Preallocat\
e file space bef\
ore downloading \
to improve perfo\
rmance\x07\x00\x00\x00\x1bDownl\
oadHandlingSetti\
ngCard\x01\x03\x00\x00\x00.\x7fQ~\xdc\
\x95\x19\x8b\xef[\xfc\x81\xf4Y1\x8d%T\x0e\xff\x0c\
\x95\xf4\x96\x94\x90\x10k!^\xf6\x95\x7fW0\x91\xcd\
e\xb0c\x92\x96\x1fN\x0b\x8f}\x08\x00\x00\x00\x00\x06\
\x00\x00\x00PRe-queue a t\
ask after a netw\
ork error, with \
an increasing de\
lay between atte\
mpts\x07\x00\x00\x00\x1bDownloa\
dHandlingSetting\
Card\x01\x03\x00\x00\x00\x12N\x0b\x8f}Y1\
\x8d%T\x0e\x81\xeaR\xa8\x91\xcd\x8b\xd5\x08\x00\x00\x00\
\x00\x06\x00\x00\x00$Retry Fail\
ed Downloads Aut\
omatically\x07\x00\x00\x00\x1bD\
ownloadHandlingS\
ettingCard\x01\x03\x00\x00\x00\x14\
N\x0b\x8f}e\xf6f>y:\x90\x09\x98y[\xf9\
\x8b\xddhF\x08\x00\x00\x00\x00\x06\x00\x00\x00\x1cSh\
ow Download Opti\
ons Dialog\x07\x00\x00\x00\x1bD\
ownloadHandlingS\
ettingCard\x01\x03\x00\x00\x00\x08\
f>y:\x90\x1aw\xe5\x08\x00\x00\x00\x00\x06\x00\x00\
\x00\x12Show Notificat\
ions\x07\x00\x00\x00\x1bDownloa\
dHandlingSetting\
Card\x01\x03\x00\x00\x00.W(_\x00Y\xcb\
N\x0b\x8f}RM_9Q\xfa[\xf9\x8b\xddhF\
\xff\x0cN\xe5O\xbf\x81\xea[\x9aNIg,k!\
N\x0b\x8f}\x8b\xbe\x7fn\x08\x00\x00\x00\x00\x06\x00\x00\
\x00NShow a dialog \
before starting \
the download to \
customize settin\
gs for this task\
\x07\x00\x00\x00\x1bDownloadHan\
dlingSettingCard\
\x01\x03\x00\x00\x00\x14_SN\x0b\x8f}[\x8cb\x10\
e\xf6f>y:\x90\x1aw\xe5\x08\x00\x00\x00\x00\x06\
\x00\x00\x00*Show notific\
ations when down\
loads complete\x07\x00\
\x00\x00\x1bDownloadHandl\
ingSettingCard\x01\x03\
\x00\x00\x00\x08\x8d\xf3\x8f\xc7N\x0b\x8f}\x08\x00\x00\x00\
\x00\x06\x00\x00\x00\x04Skip\x07\x00\x00\x00\x1bD\
ownloadHandlingS\
ettingCard\x01\x03\x00\x00\x00\x08\
N\x0b\x8f}[\x8cb\x10\x08\x00\x00\x00\x00\x06\x00\x00\
\x00\x09Completed\x07\x00\x00\x00\x11\
DownloadInterfac\
e\x01\x03\x00\x00\x00\x08kcW(N\x0b\x8f}\x08\
\x00\x00\x00\x00\x06\x00\x00\x00\x0bDownloa\
ding\x07\x00\x00\x00\x11Downloa\
dInterface\x01\x03\x00\x00\x00\x10\
g\xe5\x8b\xe2N\x0b\x8f}N\xfbR\xa1Y1\x8d%\
\x08\x00\x00\x00\x00\x06\x00\x00\x00\x1eFailed\
 to query downlo\
ad tasks\x07\x00\x00\x00\x11Dow\
nloadInterface\x01\x03\
\x00\x00\x00\x12l\xa1g\x09N\x0b\x8f}[\x8cb\x10\
v\x84N\xfbR\xa1\x08\x00\x00\x00\x00\x06\x00\x00\x00\x16\
No completed dow\
nloads\x07\x00\x00\x00\x11Downl\
oadInterface\x01\x03\x00\x00\
\x00\x12l\xa1g\x09kcW(N\x0b\x8f}v\x84\
N\xfbR\xa1\x08\x00\x00\x00\x00\x06\x00\x00\x00\x18No\
 downloads in pr\
ogress\x07\x00\x00\x00\x11Downl\
oadInterface\x01\x03\x00\x00\
\x00\x04R \x96d\x08\x00\x00\x00\x00\x06\x00\x00\x00\x06\
Delete\x07\x00\x00\x00\x10Downl\
oadListView\x01\x03\x00\x00\x00\
\x04f\x82P\x5c\x08\x00\x00\x00\x00\x06\x00\x00\x00\x05P\
ause\x07\x00\x00\x00\x10Downloa\
dListView\x01\x03\x00\x00\x00\x08\x91\
\xcde\xb0N\x0b\x8f}\x08\x00\x00\x00\x00\x06\x00\x00\x00\
\x0bRe-download\x07\x00\x00\x00\
\x10DownloadListVie\
w\x01\x03\x00\x00\x00\x08\x91\xcde\xb0\x89\xe3g\x90\x08\
\x00\x00\x00\x00\x06\x00\x00\x00\x08Re-pars\
e\x07\x00\x00\x00\x10DownloadLi\
stView\x01\x03\x00\x00\x00\x04~\xe7~\xed\
\x08\x00\x00\x00\x00\x06\x00\x00\x00\x06Resume\
\x07\x00\x00\x00\x10DownloadLis\
tView\x01\x03\x00\x00\x00\x16\x90\x09[\x9av\
\x84N\xfbR\xa1_\x00Y\xcb\x91\xcde\xb0N\x0b\x8f\
}\x08\x00\x00\x00\x00\x06\x00\x00\x00\x22Selec\
ted task will be\
 redownloaded\x07\x00\x00\
\x00\x10DownloadListVi\
ew\x01\x03\x00\x00\x00,Y\x04N\x8e\x00 \x00F\
\x00F\x00m\x00p\x00e\x00g\x00 Y\x04t\x06\
N-v\x84N\xfbR\xa1e\xe0l\xd5\x91\xcde\xb0\
N\x0b\x8f}\x08\x00\x00\x00\x00\x06\x00\x00\x006Ta\
sks being proces\
sed by FFmpeg ca\
nnot be redownlo\
aded\x07\x00\x00\x00\x10Downloa\
dListView\x01\x03\x00\x00\x00\x08\x96\
DR\xa0e\x87N\xf6\x08\x00\x00\x00\x00\x06\x00\x00\x00\
\x10Additional File\
s\x07\x00\x00\x00\x15DownloadOp\
tionsDialog\x01\x03\x00\x00\x00\
\x08N\x0b\x8f}\x90\x09\x98y\x08\x00\x00\x00\x00\x06\x00\
\x00\x00\x10Download Opti\
ons\x07\x00\x00\x00\x15Download\
OptionsDialog\x01\x03\x00\
\x00\x00\x08N\x0b\x8f}\x8b\xbe\x7fn\x08\x00\x00\x00\x00\
\x06\x00\x00\x00\x11Download Se\
ttings\x07\x00\x00\x00\x15Downl\
oadOptionsDialog\
\x01\x03\x00\x00\x00\x08Z\x92OS\x8b\xbe\x7fn\x08\x00\
\x00\x00\x00\x06\x00\x00\x00\x0eMedia Se\
ttings\x07\x00\x00\x00\x15Downl\
oadOptionsDialog\
\x01\x03\x00\x00\x00\x16g*\x90\x09b\xe9N\xfbOU\
e\x87N\xf6\x8f\xdb\x88LN\x0b\x8f}\x08\x00\x00\x00\
\x00\x06\x00\x00\x00\x1eNo files s\
elected for down\
load\x07\x00\x00\x00\x15Downloa\
dOptionsDialog\x01\x03\
\x00\x00\x004\x8b\xf7\x81\xf3\x5c\x11\x90\x09b\xe9N\x0b\
\x8f}r\xecz\xcb\x89\xc6\x98\x91mA0\x01\x97\xf3\
\x98\x91mAb\x16\x96DR\xa0e\x87N\xf6N-\
v\x84N\x00N*0\x02\x08\x00\x00\x00\x00\x06\x00\x00\
\x00]Please select \
at least one of \
the following: v\
ideo stream, aud\
io stream, or ad\
ditional files.\x07\
\x00\x00\x00\x15DownloadOpti\
onsDialog\x01\x03\x00\x00\x00\x0a\x90\
\x09b\xe9e\x87N\xf6Y9\x08\x00\x00\x00\x00\x06\x00\
\x00\x00\x0dChoose folder\
\x07\x00\x00\x00\x17DownloadPat\
hSettingCard\x01\x03\x00\x00\
\x00\x10N\x0b\x8f}v\xee_UN\x0dS\xef\x8b\xbf\
\x95\xee\x08\x00\x00\x00\x00\x06\x00\x00\x00\x1fDown\
load Directory I\
naccessible\x07\x00\x00\x00\x17\
DownloadPathSett\
ingCard\x01\x03\x00\x00\x00\x08N\x0b\x8f\
}\x8d\xef_\x84\x08\x00\x00\x00\x00\x06\x00\x00\x00\x0dD\
ownload Path\x07\x00\x00\x00\
\x17DownloadPathSet\
tingCard\x01\x03\x00\x00\x00 b@\
\x90\x09\x8d\xef_\x84v\x84e\x87N\xf6|\xfb~\xdf\
N\x0de/c\x01z\x00u\x8fe\x87N\xf6\x08\x00\
\x00\x00\x00\x06\x00\x00\x00BThe file\
 system of the s\
elected path doe\
s not support sp\
arse files\x07\x00\x00\x00\x17D\
ownloadPathSetti\
ngCard\x01\x03\x00\x00\x00\x96_SRM\
\x90\x09b\xe9v\x84N\x0b\x8f}\x8d\xef_\x84b@\
W(v\x84e\x87N\xf6|\xfb~\xdf|{W\x8b\
N:\x00 \x00{\x00f\x00s\x00}\xff\x0c\x8b\xe5\
e\x87N\xf6|\xfb~\xdfN\x0de/c\x01z\x00\
u\x8fe\x87N\xf60\x02\x00\x0a\x00\x0aY\x82~\xe7\
~\xedO\x7fu(\xff\x0c\x8b\xf7Qs\x95\xed\x98\x84\
R\x06\x91Me\x87N\xf6zz\x95\xf4\x90\x09\x98y\
0\x02\xff\x08\x8b\xbe\x7fn\x00 !\x92\x00 \x88L\
N:\x00 !\x92\x00 N\x0b\x8f}Y\x04t\x06\
\xff\x09\x08\x00\x00\x00\x00\x06\x00\x00\x00\xdeThe \
file system type\
 of the currentl\
y selected downl\
oad path is {fs}\
, which does not\
 support sparse \
files.\x0a\x0aIf you c\
ontinue, please \
disable the \x22Pre\
allocate file sp\
ace\x22 option. (Se\
ttings \xe2\x86\x92 Behav\
ior \xe2\x86\x92 Download\
 Handling)\x07\x00\x00\x00\x17D\
ownloadPathSetti\
ngCard\x01\x03\x00\x00\x00>b@\x90\x09\
N\x0b\x8f}v\xee_Ue\xe0l\xd5\x8b\xbf\x95\xee\
b\x16l\xa1g\x09Q\x99QegC\x96P\xff\x0c\
\x8b\xf7h\xc0g\xe5T\x0e\x91\xcde\xb0\x90\x09b\xe9\
QvN\xd6v\xee_U0\x02\x08\x00\x00\x00\x00\x06\
\x00\x00\x00yThe selected\
 download direct\
ory is inaccessi\
ble or lacks wri\
te permission. P\
lease check and \
choose a differe\
nt directory.\x07\x00\x00\
\x00\x17DownloadPathSe\
ttingCard\x01\x03\x00\x00\x00$\x00\
{\x00p\x00a\x00t\x00h\x00}\x00 \x00(\x00\
{\x00f\x00r\x00e\x00e\x00}\x00 S\xefu\
(\x00)\x08\x00\x00\x00\x00\x06\x00\x00\x00\x19{pa\
th} ({free} avai\
lable)\x07\x00\x00\x00\x17Downl\
oadPathSettingCa\
rd\x01\x03\x00\x00\x00\x04\x97\xf3\x98\x91\x08\x00\x00\x00\
\x00\x06\x00\x00\x00\x05Audio\x07\x00\x00\x00\x12\
DownloadPreviewB\
ar\x01\x03\x00\x00\x00\x04z\xe0\x82\x82\x08\x00\x00\x00\
\x00\x06\x00\x00\x00\x08Chapters\x07\x00\
\x00\x00\x12DownloadPrevi\
ewBar\x01\x03\x00\x00\x00\x04\x5c\x01\x97b\x08\
\x00\x00\x00\x00\x06\x00\x00\x00\x05Cover\x07\x00\
\x00\x00\x12DownloadPrevi\
ewBar\x01\x03\x00\x00\x00\x04_9^U\x08\
\x00\x00\x00\x00\x06\x00\x00\x00\x07Danmaku\
\x07\x00\x00\x00\x12DownloadPre\
viewBar\x01\x03\x00\x00\x00\x06QCe\
pcn\x08\x00\x00\x00\x00\x06\x00\x00\x00\x08Met\
adata\x07\x00\x00\x00\x12Downlo\
adPreviewBar\x01\x03\x00\x00\
\x00\x0eg*\x90\x09b\xe9N\xfbOUQ\x85[\xb9\
\x08\x00\x00\x00\x00\x06\x00\x00\x00\x10Nothin\
g selected\x07\x00\x00\x00\x12D\
ownloadPreviewBa\
r\x01\x03\x00\x00\x00\x04[W^U\x08\x00\x00\x00\x00\
\x06\x00\x00\x00\x09Subtitles\x07\x00\
\x00\x00\x12DownloadPrevi\
ewBar\x01\x03\x00\x00\x00\x04\x89\xc6\x98\x91\x08\
\x00\x00\x00\x00\x06\x00\x00\x00\x05Video\x07\x00\
\x00\x00\x12DownloadPrevi\
ewBar\x01\x03\x00\x00\x00\x08\x5c\x06N\x0b\x8f\
}\xff\x1a\x08\x00\x00\x00\x00\x06\x00\x00\x00\x0eWil\
l download:\x07\x00\x00\x00\x12\
DownloadPreviewB\
ar\x01\x03\x00\x00\x00\x10\x81\xeaR\xa8f>y:\
kd[\xf9\x8b\xddhF\x08\x00\x00\x00\x00\x06\x00\x00\
\x00\x1eAutomatically \
show this dialog\
\x07\x00\x00\x00\x14DownloadSet\
tingsPage\x01\x03\x00\x00\x00,W\
(_\x00Y\xcbN\x0b\x8f}RM\x81\xeaR\xa8f\
>y:kd[\xf9\x8b\xddhF\xff\x0cN\xe5O\
\xbf\x81\xea[\x9aNI\x8b\xbe\x7fn\x08\x00\x00\x00\x00\
\x06\x00\x00\x00GAutomatical\
ly show this dia\
log before downl\
oading to custom\
ize settings\x07\x00\x00\x00\
\x14DownloadSetting\
sPage\x01\x03\x00\x00\x00\x04\x97\xf3\x98\x91\x08\
\x00\x00\x00\x00\x06\x00\x00\x00\x05Audio\x07\x00\
\x00\x00\x0aDownloader\x01\x03\x00\
\x00\x004h\xc0mKR0N\x0b\x8f}R\x17\x88\
hN-]\xf2[XW(v\xf8T\x0cv\x84N\
\x0b\x8f}N\xfbR\xa1\xff\x0cf/T&~\xe7~\
\xedN\x0b\x8f}\xff\x1f\x08\x00\x00\x00\x00\x06\x00\x00\x00\
cA duplicate dow\
nload task alrea\
dy exists in the\
 download list. \
Do you want to c\
ontinue download\
ing?\x07\x00\x00\x00\x17Duplica\
teDownloadDialog\
\x01\x03\x00\x00\x00\x08~\xe7~\xedN\x0b\x8f}\x08\x00\
\x00\x00\x00\x06\x00\x00\x00\x08Continue\
\x07\x00\x00\x00\x17DuplicateDo\
wnloadDialog\x01\x03\x00\x00\
\x00\x08N\x0dQ\x8d\x8b\xe2\x95\xee\x08\x00\x00\x00\x00\x06\
\x00\x00\x00\x0fDon't ask ag\
ain\x07\x00\x00\x00\x17Duplicat\
eDownloadDialog\x01\
\x03\x00\x00\x00\x0eh\xc0mKR0\x91\xcdY\x0dN\
\x0b\x8f}\x08\x00\x00\x00\x00\x06\x00\x00\x00\x1bDup\
licate Download \
Detected\x07\x00\x00\x00\x17Dup\
licateDownloadDi\
alog\x01\x03\x00\x00\x00\x08\x8d\xf3\x8f\xc7N\x0b\
\x8f}\x08\x00\x00\x00\x00\x06\x00\x00\x00\x04Skip\
\x07\x00\x00\x00\x17DuplicateDo\
wnloadDialog\x01\x03\x00\x00\
\x00\x22N\xfbR\xa1T\x0dy\xf0\xff\x1a\x00{\x00t\
\x00a\x00s\x00k\x00_\x00t\x00i\x00t\x00l\
\x00e\x00}\x08\x00\x00\x00\x00\x06\x00\x00\x00\x17Ta\
sk Name: {task_t\
itle}\x07\x00\x00\x00\x17Duplic\
ateDownloadDialo\
g\x01\x03\x00\x00\x00\x04ujRg\x08\x00\x00\x00\x00\
\x06\x00\x00\x00\x05Anime\x07\x00\x00\x00\x0cE\
PISODE_TYPE\x01\x03\x00\x00\x00\
\x04V\xfdR\x1b\x08\x00\x00\x00\x00\x06\x00\x00\x00\x11C\
hinese Animation\
\x07\x00\x00\x00\x0cEPISODE_TYP\
E\x01\x03\x00\x00\x00\x04T\x08\x96\xc6\x08\x00\x00\x00\x00\
\x06\x00\x00\x00\x0aCollection\x07\
\x00\x00\x00\x0cEPISODE_TYPE\
\x01\x03\x00\x00\x00\x04\x8b\xfez\x0b\x08\x00\x00\x00\x00\x06\
\x00\x00\x00\x07Courses\x07\x00\x00\x00\x0c\
EPISODE_TYPE\x01\x03\x00\x00\
\x00\x06~\xaa_UrG\x08\x00\x00\x00\x00\x06\x00\x00\
\x00\x0dDocumentaries\x07\
\x00\x00\x00\x0cEPISODE_TYPE\
\x01\x03\x00\x00\x00\x06e6\x85\xcfY9\x08\x00\x00\x00\
\x00\x06\x00\x00\x00\x09Favorites\x07\
\x00\x00\x00\x0cEPISODE_TYPE\
\x01\x03\x00\x00\x00\x08S\x86S\xf2\x8b\xb0_U\x08\x00\
\x00\x00\x00\x06\x00\x00\x00\x07History\x07\
\x00\x00\x00\x0cEPISODE_TYPE\
\x01\x03\x00\x00\x00\x08N\x92R\xa8\x89\xc6\x98\x91\x08\x00\
\x00\x00\x00\x06\x00\x00\x00\x11Interact\
ive Video\x07\x00\x00\x00\x0cEP\
ISODE_TYPE\x01\x03\x00\x00\x00\x0a\
O\x1aTX\x8d-\x8b\xfez\x0b\x08\x00\x00\x00\x00\x06\
\x00\x00\x00\x0cMall Courses\
\x07\x00\x00\x00\x0cEPISODE_TYP\
E\x01\x03\x00\x00\x00\x04u5_q\x08\x00\x00\x00\x00\
\x06\x00\x00\x00\x06Movies\x07\x00\x00\x00\x0c\
EPISODE_TYPE\x01\x03\x00\x00\
\x00\x04\x97\xf3NP\x08\x00\x00\x00\x00\x06\x00\x00\x00\x05\
Music\x07\x00\x00\x00\x0cEPISOD\
E_TYPE\x01\x03\x00\x00\x00\x08N*N\xba\
zz\x95\xf4\x08\x00\x00\x00\x00\x06\x00\x00\x00\x07Pr\
ofile\x07\x00\x00\x00\x0cEPISOD\
E_TYPE\x01\x03\x00\x00\x00\x06u5\x89\xc6\
Rg\x08\x00\x00\x00\x00\x06\x00\x00\x00\x09TV D\
ramas\x07\x00\x00\x00\x0cEPISOD\
E_TYPE\x01\x03\x00\x00\x00\x08b\x95z?\
\x89\xc6\x98\x91\x08\x00\x00\x00\x00\x06\x00\x00\x00\x0cUs\
er Uploads\x07\x00\x00\x00\x0cE\
PISODE_TYPE\x01\x03\x00\x00\x00\
\x04~\xfc\x82z\x08\x00\x00\x00\x00\x06\x00\x00\x00\x0dV\
ariety Shows\x07\x00\x00\x00\
\x0cEPISODE_TYPE\x01\x03\x00\
\x00\x00\x08z\x0dT\x0eQ\x8dw\x0b\x08\x00\x00\x00\x00\
\x06\x00\x00\x00\x0bWatch Later\
\x07\x00\x00\x00\x0cEPISODE_TYP\
E\x01\x03\x00\x00\x00\x08k\xcfTh_\xc5w\x0b\x08\
\x00\x00\x00\x00\x06\x00\x00\x00\x0cWeekly \
Picks\x07\x00\x00\x00\x0cEPISOD\
E_TYPE\x01\x03\x00\x00\x00\x10N\xd8\x8d9\
Q\x85[\xb9\x97\x00\x89\x81\x8d-Np\x08\x00\x00\x00\
\x00\x06\x00\x00\x00 Paid conte\
nt requires purc\
hasing\x07\x00\x00\x00\x16ERROR\
_CODE_EXPLANATIO\
N\x01\x03\x00\x00\x00\x1e\x8b\xf7lB\x88\xab\x96;k\
b\xff\x0c[\xa2b7z\xef\x00I\x00P]\xf2\x88\
\xab\x5c\x01y\x81\x08\x00\x00\x00\x00\x06\x00\x00\x00*R\
equest blocked, \
client IP has be\
en banned\x07\x00\x00\x00\x16ER\
ROR_CODE_EXPLANA\
TION\x01\x03\x00\x00\x00\xb2\x89\xe3g\x90\x8f\xc7\
z\x0bN-S\xd1u\x1fN\x86\x95\x19\x8b\xef\xff\x0c\
]\xf2P\x5ckb\x89\xe3g\x900\x02_SRM\
]\xf2\x89\xe3g\x90R0{,\x00 \x00{\x00p\
\x00a\x00g\x00e\x00}\x00 \x98u0\x02\x00\x0a\
\x00\x0aQ\x8dk!c\xd0\x91\x92\xff\x1au1N\x8e\
\x00Bz\xd9\x98\xcec\xa7g:R6\xff\x0cR\x06\
\x98u\x8f\xc7Y\x1a0\x01\x98\x91s\x87\x8f\xc7_\xeb\
S\xef\x80\xfd[\xfc\x81\xf4\x89\xe3g\x90Y1\x8d%\
\xff\x0c^v\x5c\x01y\x81\x00I\x00P\xff\x0c\x8b\xf7\
\x8c(aNO\x7fu(\xff\x01\x00\x0a\x00\x0a\x00{\
\x00e\x00r\x00r\x00o\x00r\x00}\x08\x00\x00\x00\
\x00\x06\x00\x00\x01\x15An error o\
ccurred during p\
arsing, and the \
process has been\
 stopped. Parsin\
g was completed \
up to page {page\
}.\x0a\x0aReminder: Du\
e to Bilibili's \
anti-abuse mecha\
nism, parsing to\
o many pages or \
at too high a fr\
equency may resu\
lt in failure an\
d IP ban. Please\
 use with cautio\
n!\x0a\x0a{error}\x07\x00\x00\x00\x0e\
ERROR_MESSAGES\x01\x03\
\x00\x00\x00\x1e\x8c\x03u(\x00 \x00F\x00F\x00m\
\x00p\x00e\x00g\x00 e\xf6S\xd1u\x1f\x95\x19\
\x8b\xef\x08\x00\x00\x00\x00\x06\x00\x00\x00&An e\
rror occurred wh\
ile running FFmp\
eg\x07\x00\x00\x00\x0eERROR_MES\
SAGES\x01\x03\x00\x00\x00\x0cS\xd1u\x1fg\
*w\xe5\x95\x19\x8b\xef\x08\x00\x00\x00\x00\x06\x00\x00\x00\
\x19An unknown erro\
r occurred\x07\x00\x00\x00\x0eE\
RROR_MESSAGES\x01\x03\x00\
\x00\x00\x10e\xe0l\xd5\x8f\xdec\xa5\x00 \x00B\x00\
 z\xd9\x08\x00\x00\x00\x00\x06\x00\x00\x00\x15Can\
not reach Bilibi\
li\x07\x00\x00\x00\x0eERROR_MES\
SAGES\x01\x03\x00\x00\x00\x1a\x00C\x00o\x00\
o\x00k\x00i\x00e\x00 e\xe0eHb\x16]\
\xf2\x8f\xc7g\x1f\x08\x00\x00\x00\x00\x06\x00\x00\x00\x1eC\
ookies are inval\
id or expired\x07\x00\x00\
\x00\x0eERROR_MESSAGES\
\x01\x03\x00\x00\x00\x10e\xe0l\xd5R\x1b^\xfa\x8f\x93\
Q\xfae\x87N\xf6\x08\x00\x00\x00\x00\x06\x00\x00\x00\x1c\
Could not create\
 output file\x07\x00\x00\x00\
\x0eERROR_MESSAGES\x01\
\x03\x00\x00\x00\x08N\x0b\x8f}Y1\x8d%\x08\x00\x00\
\x00\x00\x06\x00\x00\x00\x0fDownload \
failed\x07\x00\x00\x00\x0eERROR\
_MESSAGES\x01\x03\x00\x00\x00\x1cN\
\x0b\x8f}e\x87N\xf6]\xf2c_WO\xff\x0c\x8b\
\xf7\x91\xcde\xb0N\x0b\x8f}0\x02\x08\x00\x00\x00\x00\
\x06\x00\x00\x00;Downloaded \
file is corrupte\
d, please try do\
wnloading again.\
\x07\x00\x00\x00\x0eERROR_MESSA\
GES\x01\x03\x00\x00\x000\x8c\x03u(\x00 \x00\
F\x00F\x00m\x00p\x00e\x00g\x00 e\xf6S\
\xd1u\x1f\x95\x19\x8b\xef\x00 \x00(\x00{\x00c\x00\
o\x00d\x00e\x00}\x00)\x08\x00\x00\x00\x00\x06\x00\
\x00\x00#FFmpeg failed\
 with exit code \
{code}\x07\x00\x00\x00\x0eERROR\
_MESSAGES\x01\x03\x00\x00\x00\x16\x00\
F\x00F\x00m\x00p\x00e\x00g\x00 Y\x04t\
\x06Y1\x8d%\x08\x00\x00\x00\x00\x06\x00\x00\x00\x18F\
Fmpeg processing\
 failed\x07\x00\x00\x00\x0eERRO\
R_MESSAGES\x01\x03\x00\x00\x00X\
\x00F\x00F\x00m\x00p\x00e\x00g\x00 e\xe0\
T\xcd^\x94\xff\x0c]\xf2~\xc8kb0\x02\x8f\x93\
Q\xfae\x87N\xf6S\xef\x80\xfd\x88\xabQvN\xd6\
z\x0b^\x8f\xff\x08Y\x82g@k\xd2\x8foN\xf6\
\xff\x09S`u(\xff\x0cb\x16v\xeeh\x07x\xc1\
v\xd8N\x0dS\xefu(\x08\x00\x00\x00\x00\x06\x00\x00\
\x00\xaeFFmpeg stopped\
 responding and \
has been termina\
ted. The output \
file may be lock\
ed by another pr\
ogram (such as a\
ntivirus softwar\
e), or the desti\
nation drive may\
 be unavailable.\
\x07\x00\x00\x00\x0eERROR_MESSA\
GES\x01\x03\x00\x00\x00\x0ch\xc0g\xe5f\xf4e\
\xb0Y1\x8d%\x08\x00\x00\x00\x00\x06\x00\x00\x00\x1bF\
ailed to check f\
or updates\x07\x00\x00\x00\x0eE\
RROR_MESSAGES\x01\x03\x00\
\x00\x008g*\x80\xfd\x83\xb7S\xd6{~T\x0d[\
\xc6\x94\xa5\xff\x0ce\xe0l\xd5[\x8cb\x10\x8b\xf7l\
B{~T\x0d\xff\x0c\x8b\xf7h\xc0g\xe5\x7fQ~\
\xdc\x8f\xdec\xa5T\x0e\x91\xcd\x8b\xd5\x08\x00\x00\x00\x00\
\x06\x00\x00\x00uFailed to o\
btain the signat\
ure key, the req\
uest cannot be s\
igned. Please ch\
eck your network\
 connection and \
try again.\x07\x00\x00\x00\x0eE\
RROR_MESSAGES\x01\x03\x00\
\x00\x00\x0ce\xe0l\xd5bS_\x00e\x87N\xf6\x08\
\x00\x00\x00\x00\x06\x00\x00\x00\x13Failed \
to open file\x07\x00\x00\x00\
\x0eERROR_MESSAGES\x01\
\x03\x00\x00\x00\x10e\xe0l\xd5\x89\xe3g\x90N\x0b\x8f\
}W0W@\x08\x00\x00\x00\x00\x06\x00\x00\x00$F\
ailed to parse d\
ownload informat\
ion\x07\x00\x00\x00\x0eERROR_ME\
SSAGES\x01\x03\x00\x00\x00\x0e\x91\xcdT}\
T\x0de\x87N\xf6Y1\x8d%\x08\x00\x00\x00\x00\x06\
\x00\x00\x00\x15Failed to re\
name file\x07\x00\x00\x00\x0eER\
ROR_MESSAGES\x01\x03\x00\x00\
\x00\x10\x83\xb7S\xd6Z\x92OSO\xe1`oY1\
\x8d%\x08\x00\x00\x00\x00\x06\x00\x00\x00$Fail\
ed to retrieve m\
edia information\
\x07\x00\x00\x00\x0eERROR_MESSA\
GES\x01\x03\x00\x00\x00\x10\x83\xb7S\xd6u(b\
7Y4P\xcfY1\x8d%\x08\x00\x00\x00\x00\x06\x00\
\x00\x00\x1eFailed to ret\
rieve user avata\
r\x07\x00\x00\x00\x0eERROR_MESS\
AGES\x01\x03\x00\x00\x00\x10\x83\xb7S\xd6u(\
b7O\xe1`oY1\x8d%\x08\x00\x00\x00\x00\x06\
\x00\x00\x00#Failed to re\
trieve user info\
rmation\x07\x00\x00\x00\x0eERRO\
R_MESSAGES\x01\x03\x00\x00\x00\x0a\
e\x87N\xf6N\x0d[XW(\x08\x00\x00\x00\x00\x06\
\x00\x00\x00\x0eFile Not Fou\
nd\x07\x00\x00\x00\x0eERROR_MES\
SAGES\x01\x03\x00\x00\x00\x12e\x87N\xf6\x88\
\xabQvN\xd6\x8f\xdbz\x0bS`u(\x08\x00\x00\
\x00\x00\x06\x00\x00\x00!File is i\
n use by another\
 process\x07\x00\x00\x00\x0eERR\
OR_MESSAGES\x01\x03\x00\x00\x00\
$x\xc1v\xd8zz\x95\xf4N\x0d\x8d\xb3\xff\x0c\x8b\
\xf7\x81~Q\xfa\x8d\xb3Y\x1fv\x84zz\x95\xf4T\
\x0eQ\x8d\x8b\xd5\x08\x00\x00\x00\x00\x06\x00\x00\x00CI\
nsufficient disk\
 space, please f\
ree up enough sp\
ace and try agai\
n.\x07\x00\x00\x00\x0eERROR_MES\
SAGES\x01\x03\x00\x00\x00\x18\x00C\x00o\x00\
o\x00k\x00i\x00e\x00 h<_\x0fN\x0dT\
\x08l\xd5\x08\x00\x00\x00\x00\x06\x00\x00\x00\x16Inv\
alid Cookies for\
mat\x07\x00\x00\x00\x0eERROR_ME\
SSAGES\x01\x03\x00\x00\x00\x0ae\xe0eH\
v\x84\x94\xfec\xa5\x08\x00\x00\x00\x00\x06\x00\x00\x00\x13\
Invalid link for\
mat\x07\x00\x00\x00\x0eERROR_ME\
SSAGES\x01\x03\x00\x00\x00\x08\x97\x00\x89\x81\
v{_U\x08\x00\x00\x00\x00\x06\x00\x00\x00\x0eLo\
gin Required\x07\x00\x00\x00\
\x0eERROR_MESSAGES\x01\
\x03\x00\x00\x00\x0cv{_Ur\xb6`\x01Y1e\
H\x08\x00\x00\x00\x00\x06\x00\x00\x00\x14Login\
 status expired\x07\
\x00\x00\x00\x0eERROR_MESSAG\
ES\x01\x03\x00\x00\x00\x0cl\xe8\x95\x00v{_U\
Y1\x8d%\x08\x00\x00\x00\x00\x06\x00\x00\x00\x0dLo\
gout failed\x07\x00\x00\x00\x0e\
ERROR_MESSAGES\x01\x03\
\x00\x00\x00\x22b~N\x0dR0u(N\x8e\x8fl\
cbv\x84\x00 \x00m\x004\x00a\x00 \x97\xf3\
\x98\x91e\x87N\xf6\x08\x00\x00\x00\x00\x06\x00\x00\x00'\
M4A audio file n\
ot found for con\
version\x07\x00\x00\x00\x0eERRO\
R_MESSAGES\x01\x03\x00\x00\x00\x0a\
]\xf2P\x5ckb\x89\xe3g\x90\x08\x00\x00\x00\x00\x06\
\x00\x00\x00\x0fParsing stop\
ped\x07\x00\x00\x00\x0eERROR_ME\
SSAGES\x01\x03\x00\x00\x00\x10l\xa1g\x09\
gC\x96PQ\x99Qee\x87N\xf6\x08\x00\x00\x00\
\x00\x06\x00\x00\x00'Permission\
 denied: cannot \
write to file\x07\x00\x00\
\x00\x0eERROR_MESSAGES\
\x01\x03\x00\x00\x00\x0c\x8b\xf7QHv{_U\x8d&\
S\xf7\x08\x00\x00\x00\x00\x06\x00\x00\x00$Plea\
se log in to you\
r account first.\
\x07\x00\x00\x00\x0eERROR_MESSA\
GES\x01\x03\x00\x00\x006|\x98\x8d4v\x84\x00\
 \x00C\x00o\x00o\x00k\x00i\x00e\x00 N\
-g*b~R0\x00 \x00S\x00E\x00S\x00\
S\x00D\x00A\x00T\x00A\x00 [Wk\xb5\x08\
\x00\x00\x00\x00\x06\x00\x00\x00.SESSDAT\
A field not foun\
d in the pasted \
Cookies\x07\x00\x00\x00\x0eERRO\
R_MESSAGES\x01\x03\x00\x00\x00 \
\x00b\x002\x003\x00.\x00t\x00vw\xed\x94\xfe\
c\xa5e\xe0eHb\x16]\xf2\x8f\xc7g\x1f0\x02\
\x08\x00\x00\x00\x00\x06\x00\x00\x000The b2\
3.tv short link \
is invalid or ha\
s expired.\x07\x00\x00\x00\x0eE\
RROR_MESSAGES\x01\x03\x00\
\x00\x00\x22e\x87N\xf6S\xef\x80\xfd]\xf2\x88\xaby\
\xfbR\xa8b\x16R \x96d\xff\x0c\x8b\xf7\x91\xcde\
\xb0N\x0b\x8f}\x08\x00\x00\x00\x00\x06\x00\x00\x00BT\
he file may have\
 been moved or d\
eleted. Please d\
ownload it again\
.\x07\x00\x00\x00\x0eERROR_MESS\
AGES\x01\x03\x00\x00\x00.N\x0aN\x00N*\
\x00 \x00F\x00F\x00m\x00p\x00e\x00g\x00 \
N\xfbR\xa1\x5c\x1ag*\x90\x00Q\xfa\xff\x0c\x8b\xf7\
z\x0dT\x0e\x91\xcd\x8b\xd5\x08\x00\x00\x00\x00\x06\x00\x00\
\x00DThe previous F\
Fmpeg task has n\
ot exited yet. P\
lease try again \
later.\x07\x00\x00\x00\x0eERROR\
_MESSAGES\x01\x03\x00\x00\x00*e\
\x87N\xf6N\x0d[XW(b\x16\x8d\xef_\x84\x95\
\x19\x8b\xef\xff\x0cO`S\xef\x80\xfd\x97\x00\x89\x81\x91\
\xcde\xb0N\x0b\x8f}0\x02\x08\x00\x00\x00\x00\x06\x00\
\x00\x00OThe specified\
 file or folder \
does not exist, \
you may need to \
download it agai\
n.\x07\x00\x00\x00\x0eERROR_MES\
SAGES\x01\x03\x00\x00\x00\x1ee\xe0l\xd5\x8b\
\xc6R+\x8b\xe5gav\xeev\x84|{W\x8b\xff\
\x0ce\xe0l\xd5N\x0b\x8f}\x08\x00\x00\x00\x00\x06\x00\
\x00\x00>This item's t\
ype is not recog\
nized, so it can\
not be downloade\
d\x07\x00\x00\x00\x0eERROR_MESS\
AGES\x01\x03\x00\x00\x00\x22_SRM\x8d&\
S\xf7v{_Ur\xb6`\x01]\xf2Y1eH\
\xff\x0c\x8b\xf7\x91\xcde\xb0v{_U\x08\x00\x00\x00\
\x00\x06\x00\x00\x00;Your accou\
nt login status \
has expired. Ple\
ase log in again\
.\x07\x00\x00\x00\x0eERROR_MESS\
AGES\x01\x03\x00\x00\x00\x04R \x96d\x08\x00\
\x00\x00\x00\x06\x00\x00\x00\x06Delete\x07\x00\
\x00\x00\x10EditActionWid\
get\x01\x03\x00\x00\x00\x04\x7f\x16\x8f\x91\x08\x00\x00\
\x00\x00\x06\x00\x00\x00\x04Edit\x07\x00\x00\x00\x10\
EditActionWidget\
\x01\x03\x00\x00\x00\x14\x00C\x00D\x00N\x00 \x82\x82\
p\xb9N\x0d\x80\xfdN:zz\x08\x00\x00\x00\x00\x06\
\x00\x00\x00\x18CDN node can\
not be empty\x07\x00\x00\x00\
\x0eEditHostDialog\x01\
\x03\x00\x00\x00\x12\x7f\x16\x8f\x91\x00 \x00C\x00D\x00\
N\x00 \x82\x82p\xb9\x08\x00\x00\x00\x00\x06\x00\x00\x00\
\x0dEdit CDN Node\x07\x00\
\x00\x00\x0eEditHostDialo\
g\x01\x03\x00\x00\x00\x14\x8b\xf7\x8f\x93Qe\x00 \x00\
C\x00D\x00N\x00 \x82\x82p\xb9\x08\x00\x00\x00\x00\
\x06\x00\x00\x00\x17Please ente\
r a CDN node\x07\x00\x00\x00\
\x0eEditHostDialog\x01\
\x03\x00\x00\x00\x04\x9a\xd8~\xa7\x08\x00\x00\x00\x00\x06\x00\
\x00\x00\x08Advanced\x07\x00\x00\x00\x0e\
EditRuleDialog\x01\x03\
\x00\x00\x00\x1cS\xef\x90\x09k\xb5N-_\xc5\x98{\
\x81\xf3\x5c\x11S\x05T+N\x00N*S\xd8\x91\xcf\
\x08\x00\x00\x00\x00\x06\x00\x00\x006An opt\
ional segment mu\
st contain at le\
ast one variable\
\x07\x00\x00\x00\x0eEditRuleDia\
log\x01\x03\x00\x00\x00\x14\x8b\xe5|{W\x8bN\
\x0b]\xf2g\x09T\x0cT\x0d\x89\xc4R\x19\x08\x00\x00\
\x00\x00\x06\x00\x00\x000Another r\
ule of this type\
 already uses th\
is name\x07\x00\x00\x00\x0eEdit\
RuleDialog\x01\x03\x00\x00\x00\x1c\
]\xf2Y\x0dR6\xff\x1a\x00{\x00v\x00a\x00r\
\x00i\x00a\x00b\x00l\x00e\x00}\x08\x00\x00\x00\
\x00\x06\x00\x00\x00\x12Copied: {v\
ariable}\x07\x00\x00\x00\x0eEdi\
tRuleDialog\x01\x03\x00\x00\x00\
\x08Y\x0dR6S\xd8\x91\xcf\x08\x00\x00\x00\x00\x06\x00\
\x00\x00\x0dCopy Variable\
\x07\x00\x00\x00\x0eEditRuleDia\
log\x01\x03\x00\x00\x00\x04T+NI\x08\x00\x00\
\x00\x00\x06\x00\x00\x00\x0bDescripti\
on\x07\x00\x00\x00\x0eEditRuleD\
ialog\x01\x03\x00\x00\x00\x08e>_\x03O\
\xeee9\x08\x00\x00\x00\x00\x06\x00\x00\x00\x0fDis\
card changes\x07\x00\x00\x00\
\x0eEditRuleDialog\x01\
\x03\x00\x00\x00\x04y:O\x8b\x08\x00\x00\x00\x00\x06\x00\
\x00\x00\x07Example\x07\x00\x00\x00\x0eE\
ditRuleDialog\x01\x03\x00\
\x00\x00\x04\x8b\xf4f\x0e\x08\x00\x00\x00\x00\x06\x00\x00\x00\
\x0cInstructions\x07\x00\x00\
\x00\x0eEditRuleDialog\
\x01\x03\x00\x00\x00\x0cT}T\x0d\x89\xc4R\x19e\xe0\
eH\x08\x00\x00\x00\x00\x06\x00\x00\x00\x13Inva\
lid naming rule\x07\
\x00\x00\x00\x0eEditRuleDial\
og\x01\x03\x00\x00\x00\x08T}T\x0d\x89\xc4R\x19\
\x08\x00\x00\x00\x00\x06\x00\x00\x00\x0bNaming\
 Rule\x07\x00\x00\x00\x0eEditRu\
leDialog\x01\x03\x00\x00\x00\x08{\x80\
\x89\x81\x8b\xf4f\x0e\x08\x00\x00\x00\x00\x06\x00\x00\x00\x11\
Naming Rule Guid\
e\x07\x00\x00\x00\x0eEditRuleDi\
alog\x01\x03\x00\x00\x00\x10T}T\x0d\x89\xc4\
R\x19N\x0d\x80\xfdN:zz\x08\x00\x00\x00\x00\x06\
\x00\x00\x00\x1bNaming rule \
cannot be empty\x07\
\x00\x00\x00\x0eEditRuleDial\
og\x01\x03\x00\x00\x00\x0cbS_\x00^.R\xa9\
\x98u\x97b\x08\x00\x00\x00\x00\x06\x00\x00\x00\x0eOp\
en help page\x07\x00\x00\x00\
\x0eEditRuleDialog\x01\
\x03\x00\x00\x00\x08\x89\xc4R\x19T\x0dy\xf0\x08\x00\x00\
\x00\x00\x06\x00\x00\x00\x09Rule Name\
\x07\x00\x00\x00\x0eEditRuleDia\
log\x01\x03\x00\x00\x00\x08\x89\xc4R\x19|{W\
\x8b\x08\x00\x00\x00\x00\x06\x00\x00\x00\x09Rule \
Type\x07\x00\x00\x00\x0eEditRul\
eDialog\x01\x03\x00\x00\x002T}T\
\x0d\x89\xc4R\x19S\x05T+\x97^l\xd5[W{\
&\xff\x1a\x00<\x00>\x00:\x00\x5c\x00\x22\x00|\x00\
?\x00*\x00 b\x16c\xa7R6[W{&\x08\
\x00\x00\x00\x00\x06\x00\x00\x00@Rule co\
ntains illegal c\
haracters: <>:\x5c\x22\
|?* or control c\
haracters\x07\x00\x00\x00\x0eEd\
itRuleDialog\x01\x03\x00\x00\
\x00.T}T\x0d\x89\xc4R\x19N\x0d\x80\xfdN\xe5\
\x00 \x00'\x00/\x00'\x00 b\x16\x00 \x00'\
\x00.\x00'\x00 _\x00Y4b\x16~\xd3\x5c>\
\x08\x00\x00\x00\x00\x06\x00\x00\x00*Rule m\
ust not start or\
 end with '/' or\
 '.'\x07\x00\x00\x00\x0eEditRul\
eDialog\x01\x03\x00\x00\x00\x10\x89\xc4R\
\x19T\x0dy\xf0N\x0d\x80\xfdN:zz\x08\x00\x00\
\x00\x00\x06\x00\x00\x00\x19Rule name\
 cannot be empty\
\x07\x00\x00\x00\x0eEditRuleDia\
log\x01\x03\x00\x00\x00\x14\x8b\xbeN:\x8b\xe5|\
{W\x8bv\x84\x9e\xd8\x8b\xa4\x89\xc4R\x19\x08\x00\x00\
\x00\x00\x06\x00\x00\x00!Set as de\
fault rule for t\
his type\x07\x00\x00\x00\x0eEdi\
tRuleDialog\x01\x03\x00\x00\x00\
\x16g*w\xe5S\xd8\x91\xcf\xff\x1a\x00{\x00n\x00\
a\x00m\x00e\x00}\x08\x00\x00\x00\x00\x06\x00\x00\x00\
\x18Unknown variabl\
e: {name}\x07\x00\x00\x00\x0eEd\
itRuleDialog\x01\x03\x00\x00\
\x00>OM\x7fn\x00 \x00{\x00p\x00o\x00s\
\x00i\x00t\x00i\x00o\x00n\x00}\x00 Y\x04\
v\x84\x00 \x00'\x00<\x00'\x00 b\x16\x00 \
\x00'\x00>\x00'\x00 l\xa1g\x09\x91M[\xf9\
\x08\x00\x00\x00\x00\x06\x00\x00\x00+Unmatc\
hed '<' or '>' a\
t position {posi\
tion}\x07\x00\x00\x00\x0eEditRu\
leDialog\x01\x03\x00\x00\x00\x06S\xd8\
\x91\xcfT\x0d\x08\x00\x00\x00\x00\x06\x00\x00\x00\x08Va\
riable\x07\x00\x00\x00\x0eEditR\
uleDialog\x01\x03\x00\x00\x00\x08S\
\xd8\x91\xcfS\xc2\x80\x03\x08\x00\x00\x00\x00\x06\x00\x00\x00\
\x12Variable refere\
nce\x07\x00\x00\x00\x0eEditRule\
Dialog\x01\x03\x00\x00\x00\x16\x00{\x00c\
\x00o\x00u\x00n\x00t\x00}\x00 N*\x98y\
v\xee\x08\x00\x00\x00\x00\x06\x00\x00\x00\x0d{cou\
nt} items\x07\x00\x00\x00\x15En\
tryListItemDeleg\
ate\x01\x03\x00\x00\x00\x08f\x82e\xe0Q\x85[\
\xb9\x08\x00\x00\x00\x00\x06\x00\x00\x00\x0aNo en\
tries\x07\x00\x00\x00\x0dEntryL\
istView\x01\x03\x00\x00\x00\x0eW(m\
O\x89\xc8VhN-bS_\x00\x08\x00\x00\x00\x00\
\x06\x00\x00\x00\x0fOpen in Bro\
wser\x07\x00\x00\x00\x0dEntryLi\
stView\x01\x03\x00\x00\x00\x04\x89\xe3g\x90\
\x08\x00\x00\x00\x00\x06\x00\x00\x00\x05Parse\x07\
\x00\x00\x00\x0dEntryListVie\
w\x01\x03\x00\x00\x00\x0c\x90\x09b\xe9N\x00N*d\
\xcdO\x5c\x08\x00\x00\x00\x00\x06\x00\x00\x00\x10Cho\
ose an action\x07\x00\x00\
\x00\x0aExitDialog\x01\x03\x00\x00\
\x00\x0aQs\x95\xedN;z\x97S\xe3\x08\x00\x00\x00\
\x00\x06\x00\x00\x00\x15Close the \
main window\x07\x00\x00\x00\x0a\
ExitDialog\x01\x03\x00\x00\x00\x08\
N\x0dQ\x8d\x8b\xe2\x95\xee\x08\x00\x00\x00\x00\x06\x00\x00\
\x00\x0fDon't ask agai\
n\x07\x00\x00\x00\x0aExitDialog\
\x01\x03\x00\x00\x00\x08\x90\x00Q\xfaz\x0b^\x8f\x08\x00\
\x00\x00\x00\x06\x00\x00\x00\x10Exit the\
 program\x07\x00\x00\x00\x0aExi\
tDialog\x01\x03\x00\x00\x00\x10g\x00\x5c\
\x0fS\x16R0|\xfb~\xdfbXv\xd8\x08\x00\x00\
\x00\x00\x06\x00\x00\x00\x17Minimize \
to system tray\x07\x00\
\x00\x00\x0aExitDialog\x01\x03\x00\
\x00\x00\x06mO\x89\xc8 &\x08\x00\x00\x00\x00\x06\x00\
\x00\x00\x09Browse\xe2\x80\xa6\x07\x00\x00\x00\
\x11FFmpegSettingCa\
rd\x01\x03\x00\x00\x00\x08z\x0b^\x8f\x96D^&\
\x08\x00\x00\x00\x00\x06\x00\x00\x00\x12Bundle\
d (with app)\x07\x00\x00\x00\
\x11FFmpegSettingCa\
rd\x01\x03\x00\x00\x00&\x91M\x7fnu(N\x8e\
T\x08^vT\x8c\x8flcb\x89\xc6\x98\x91v\x84\
\x00 \x00F\x00F\x00m\x00p\x00e\x00g\x08\x00\
\x00\x00\x00\x06\x00\x00\x007Configur\
e FFmpeg used fo\
r merging and co\
nverting videos\x07\
\x00\x00\x00\x11FFmpegSettin\
gCard\x01\x03\x00\x00\x00\x1a\x81\xea[\x9aN\
I\x00 \x00F\x00F\x00m\x00p\x00e\x00g\x00\
 \x8d\xef_\x84\x08\x00\x00\x00\x00\x06\x00\x00\x00\x12C\
ustom FFmpeg Pat\
h\x07\x00\x00\x00\x11FFmpegSett\
ingCard\x01\x03\x00\x00\x00\x0a\x81\xea[\
\x9aNI\x8d\xef_\x84\x08\x00\x00\x00\x00\x06\x00\x00\x00\
\x0bCustom path\x07\x00\x00\x00\
\x11FFmpegSettingCa\
rd\x01\x03\x00\x00\x00\x12\x00F\x00F\x00m\x00p\
\x00e\x00g\x00 \x8b\xbe\x7fn\x08\x00\x00\x00\x00\x06\
\x00\x00\x00\x0fFFmpeg Setti\
ngs\x07\x00\x00\x00\x11FFmpegSe\
ttingCard\x01\x03\x00\x00\x00\x12\x00\
F\x00F\x00m\x00p\x00e\x00g\x00 gen\
\x90\x08\x00\x00\x00\x00\x06\x00\x00\x00\x0dFFmpe\
g Source\x07\x00\x00\x00\x11FFm\
pegSettingCard\x01\x03\
\x00\x00\x00&\x90\x09b\xe9\x89\x81O\x7fu(v\x84\
\x00 \x00F\x00F\x00m\x00p\x00e\x00g\x00 \
S\xefbg\x88Le\x87N\xf6\x08\x00\x00\x00\x00\x06\
\x00\x00\x00#Select the F\
Fmpeg executable\
 to use\x07\x00\x00\x00\x11FFmp\
egSettingCard\x01\x03\x00\
\x00\x00\x0c|\xfb~\xdfs\xafX\x83S\xd8\x91\xcf\x08\
\x00\x00\x00\x00\x06\x00\x00\x00\x0bSystem \
PATH\x07\x00\x00\x00\x11FFmpegS\
ettingCard\x01\x03\x00\x00\x00\x08\
\x8f\xfduj\x8f\xfdRg\x08\x00\x00\x00\x00\x06\x00\x00\
\x00\x0eAnime & Series\
\x07\x00\x00\x00\x14FavoriteFly\
outWidget\x01\x03\x00\x00\x00\x06e\
6\x85\xcfY9\x08\x00\x00\x00\x00\x06\x00\x00\x00\x09F\
avorites\x07\x00\x00\x00\x14Fav\
oriteFlyoutWidge\
t\x01\x03\x00\x00\x00\x08S\x86S\xf2\x8b\xb0_U\x08\
\x00\x00\x00\x00\x06\x00\x00\x00\x07History\
\x07\x00\x00\x00\x14FavoriteFly\
outWidget\x01\x03\x00\x00\x00\x0eW\
(mO\x89\xc8VhN-bS_\x00\x08\x00\x00\
\x00\x00\x06\x00\x00\x00\x0fOpen in B\
rowser\x07\x00\x00\x00\x14Favor\
iteFlyoutWidget\x01\
\x03\x00\x00\x00\x04R7e\xb0\x08\x00\x00\x00\x00\x06\x00\
\x00\x00\x07Refresh\x07\x00\x00\x00\x14F\
avoriteFlyoutWid\
get\x01\x03\x00\x00\x00\x08\x8b\xa2\x96\x05T\x08\x96\
\xc6\x08\x00\x00\x00\x00\x06\x00\x00\x00\x0dSubsc\
riptions\x07\x00\x00\x00\x14Fav\
oriteFlyoutWidge\
t\x01\x03\x00\x00\x00\x08z\x0dT\x0eQ\x8dw\x0b\x08\
\x00\x00\x00\x00\x06\x00\x00\x00\x0bWatch l\
ater\x07\x00\x00\x00\x14Favorit\
eFlyoutWidget\x01\x03\x00\
\x00\x00\x04Qh\x90\xe8\x08\x00\x00\x00\x00\x06\x00\x00\x00\
\x03All\x07\x00\x00\x00\x0cFollowW\
idget\x01\x03\x00\x00\x00\x04\x8f\xfduj\x08\
\x00\x00\x00\x00\x06\x00\x00\x00\x05Anime\x07\x00\
\x00\x00\x0cFollowWidget\x01\
\x03\x00\x00\x00\x04\x8f\xfdRg\x08\x00\x00\x00\x00\x06\x00\
\x00\x00\x06Series\x07\x00\x00\x00\x0cFo\
llowWidget\x01\x03\x00\x00\x00\x04\
`\xf3w\x0b\x08\x00\x00\x00\x00\x06\x00\x00\x00\x0dWa\
nt to watch\x07\x00\x00\x00\x0c\
FollowWidget\x01\x03\x00\x00\
\x00\x04w\x0b\x8f\xc7\x08\x00\x00\x00\x00\x06\x00\x00\x00\x07\
Watched\x07\x00\x00\x00\x0cFoll\
owWidget\x01\x03\x00\x00\x00\x04W(\
w\x0b\x08\x00\x00\x00\x00\x06\x00\x00\x00\x08Watc\
hing\x07\x00\x00\x00\x0cFollowW\
idget\x01\x03\x00\x00\x00\x04|\x97OS\x08\
\x00\x00\x00\x00\x06\x00\x00\x00\x04Bold\x07\x00\x00\
\x00\x09FontGroup\x01\x03\x00\x00\x00\
\x08[WOST\x0dy\xf0\x08\x00\x00\x00\x00\x06\x00\
\x00\x00\x0bFont Family\x07\x00\
\x00\x00\x09FontGroup\x01\x03\x00\x00\
\x00\x08[WOSY'\x5c\x0f\x08\x00\x00\x00\x00\x06\
\x00\x00\x00\x09Font Size\x07\x00\x00\
\x00\x09FontGroup\x01\x03\x00\x00\x00\
\x04e\x9cOS\x08\x00\x00\x00\x00\x06\x00\x00\x00\x06I\
talic\x07\x00\x00\x00\x09FontGr\
oup\x01\x03\x00\x00\x00\x06R \x96d~\xbf\x08\
\x00\x00\x00\x00\x06\x00\x00\x00\x09Strikeo\
ut\x07\x00\x00\x00\x09FontGroup\
\x01\x03\x00\x00\x00\x06N\x0bR\x12~\xbf\x08\x00\x00\x00\
\x00\x06\x00\x00\x00\x09Underline\x07\
\x00\x00\x00\x09FontGroup\x01\x03\x00\
\x00\x00\x06\xff\x08zz\xff\x09\x08\x00\x00\x00\x00\x06\x00\
\x00\x00\x07(empty)\x07\x00\x00\x00\x0cF\
ragmentChip\x01\x03\x00\x00\x00\
\x04\x7f\x16\x8f\x91\x08\x00\x00\x00\x00\x06\x00\x00\x00\x04E\
dit\x07\x00\x00\x00\x0cFragment\
Chip\x01\x03\x00\x00\x00\x04]\xe6y\xfb\x08\x00\
\x00\x00\x00\x06\x00\x00\x00\x09Move lef\
t\x07\x00\x00\x00\x0cFragmentCh\
ip\x01\x03\x00\x00\x00\x04S\xf3y\xfb\x08\x00\x00\x00\
\x00\x06\x00\x00\x00\x0aMove right\
\x07\x00\x00\x00\x0cFragmentChi\
p\x01\x03\x00\x00\x00\x04y\xfb\x96d\x08\x00\x00\x00\x00\
\x06\x00\x00\x00\x06Remove\x07\x00\x00\x00\x0c\
FragmentChip\x01\x03\x00\x00\
\x00\x04S\x9fh7\x08\x00\x00\x00\x00\x06\x00\x00\x00\x05\
As is\x07\x00\x00\x00\x10Fragme\
ntEditView\x01\x03\x00\x00\x00\x0a\
\x81\xea[\x9aNIh<_\x0f\x08\x00\x00\x00\x00\x06\
\x00\x00\x00\x0dCustom forma\
t\x07\x00\x00\x00\x10FragmentEd\
itView\x01\x03\x00\x00\x00\x08\x81\xea[\x9a\
NI &\x08\x00\x00\x00\x00\x06\x00\x00\x00\x09Cu\
stom\xe2\x80\xa6\x07\x00\x00\x00\x10Frag\
mentEditView\x01\x03\x00\x00\
\x00\x08\x7f\x16\x8f\x91rGk\xb5\x08\x00\x00\x00\x00\x06\
\x00\x00\x00\x0dEdit fragmen\
t\x07\x00\x00\x00\x10FragmentEd\
itView\x01\x03\x00\x00\x00\x04h<_\x0f\
\x08\x00\x00\x00\x00\x06\x00\x00\x00\x06Format\
\x07\x00\x00\x00\x10FragmentEdi\
tView\x01\x03\x00\x00\x00\x04]\xe6y\xfb\x08\
\x00\x00\x00\x00\x06\x00\x00\x00\x09Move le\
ft\x07\x00\x00\x00\x10FragmentE\
ditView\x01\x03\x00\x00\x00\x04S\xf3y\
\xfb\x08\x00\x00\x00\x00\x06\x00\x00\x00\x0aMove \
right\x07\x00\x00\x00\x10Fragme\
ntEditView\x01\x03\x00\x00\x00\x12\
\x8b\xe5S\xd8\x91\xcfl\xa1g\x09S\xef\x90\x09h<\
_\x0f\x08\x00\x00\x00\x00\x06\x00\x00\x00\x1fNot \
available for th\
is variable\x07\x00\x00\x00\x10\
FragmentEditView\
\x01\x03\x00\x00\x00\x0cQvOYS\xefu(S\xd8\
\x91\xcf\x08\x00\x00\x00\x00\x06\x00\x00\x00\x19Othe\
r available vari\
ables\x07\x00\x00\x00\x10Fragme\
ntEditView\x01\x03\x00\x00\x00\x04\
RM\x7f\x00\x08\x00\x00\x00\x00\x06\x00\x00\x00\x06Pr\
efix\x07\x00\x00\x00\x10Fragmen\
tEditView\x01\x03\x00\x00\x00\x04y\
\xfb\x96d\x08\x00\x00\x00\x00\x06\x00\x00\x00\x06Rem\
ove\x07\x00\x00\x00\x10Fragment\
EditView\x01\x03\x00\x00\x00\x04T\x0e\
\x7f\x00\x08\x00\x00\x00\x00\x06\x00\x00\x00\x06Suff\
ix\x07\x00\x00\x00\x10FragmentE\
ditView\x01\x03\x00\x00\x00\x04e\x87[\
W\x08\x00\x00\x00\x00\x06\x00\x00\x00\x04Text\x07\
\x00\x00\x00\x10FragmentEdit\
View\x01\x03\x00\x00\x00\x1eS\xd8\x91\xcfN:\
zze\xf6\xff\x0cRM\x7f\x00N\x0eT\x0e\x7f\x00\
N\x00^vm\x88Y1\x08\x00\x00\x00\x00\x06\x00\x00\
\x00:The prefix and\
 suffix disappea\
r together with \
the variable\x07\x00\x00\x00\
\x10FragmentEditVie\
w\x01\x03\x00\x00\x00\x04S\xd8\x91\xcf\x08\x00\x00\x00\x00\
\x06\x00\x00\x00\x08Variable\x07\x00\x00\
\x00\x10FragmentEditVi\
ew\x01\x03\x00\x00\x00\x04c\xd2Qe\x08\x00\x00\x00\
\x00\x06\x00\x00\x00\x06Insert\x07\x00\x00\x00\
\x12InsertActionWid\
get\x01\x03\x00\x00\x00\x10\x81\xeaR\xa8\x89\xe3g\
\x90b@g\x09\x82\x82p\xb9\x08\x00\x00\x00\x00\x06\x00\
\x00\x00\x1dAutomatically\
 parse all nodes\
\x07\x00\x00\x00\x16Interactive\
VideoDialog\x01\x03\x00\x00\x00\
\x1ah\xc0mKR0N\x92R\xa8\x89\xc6\x98\x91\xff\
\x0c\x8b\xf7\x90\x09b\xe9d\xcdO\x5c\x08\x00\x00\x00\x00\
\x06\x00\x00\x00:Detection o\
f interactive vi\
deo, please sele\
ct an operation\x07\
\x00\x00\x00\x16InteractiveV\
ideoDialog\x01\x03\x00\x00\x00\x08\
N\x92R\xa8\x89\xc6\x98\x91\x08\x00\x00\x00\x00\x06\x00\x00\
\x00\x11Interactive Vi\
deo\x07\x00\x00\x00\x16Interact\
iveVideoDialog\x01\x03\
\x00\x00\x00\x08\x8f\x93Qe\x98ux\x01\x08\x00\x00\x00\
\x00\x06\x00\x00\x00\x11Enter page\
 number\x07\x00\x00\x00\x10Jump\
ToPageDialog\x01\x03\x00\x00\
\x00\x0a\x8d\xf3\x8flR0\x98u\x97b\x08\x00\x00\x00\
\x00\x06\x00\x00\x00\x0cJump To Pa\
ge\x07\x00\x00\x00\x10JumpToPag\
eDialog\x01\x03\x00\x00\x00\x04Y\x0dR\
6\x08\x00\x00\x00\x00\x06\x00\x00\x00\x04Copy\x07\
\x00\x00\x00\x0bLogListView\x01\
\x03\x00\x00\x00\x08e\xe5_\xd7\x8b\xe6`\xc5\x08\x00\x00\
\x00\x00\x06\x00\x00\x00\x0bLog Detai\
ls\x07\x00\x00\x00\x0bLogListVi\
ew\x01\x03\x00\x00\x00\x08f\x82e\xe0e\xe5_\xd7\
\x08\x00\x00\x00\x00\x06\x00\x00\x00\x07No log\
s\x07\x00\x00\x00\x0bLogListVie\
w\x01\x03\x00\x00\x00\x80e\xf6\x95\xf4b3\xff\x1a\x00\
{\x00t\x00i\x00m\x00e\x00s\x00t\x00a\x00\
m\x00p\x00}\x00\x0a~\xa7R+\xff\x1a\x00{\x00\
l\x00e\x00v\x00e\x00l\x00}\x00\x0aT\x0dy\
\xf0\xff\x1a\x00{\x00n\x00a\x00m\x00e\x00}\x00\
 \x00(\x00{\x00c\x00a\x00l\x00l\x00s\x00\
i\x00t\x00e\x00}\x00)\x00\x0a\x00\x0am\x88`\
o\xff\x1a\x00\x0a\x00{\x00m\x00e\x00s\x00s\x00\
a\x00g\x00e\x00}\x08\x00\x00\x00\x00\x06\x00\x00\x00\
TTimestamp: {tim\
estamp}\x0aLevel: {\
level}\x0aName: {na\
me} ({callsite})\
\x0a\x0aMessage: \x0a{mes\
sage}\x07\x00\x00\x00\x0bLogLis\
tView\x01\x03\x00\x00\x00\x08g\xe5w\x0b\x8b\
\xe6`\xc5\x08\x00\x00\x00\x00\x06\x00\x00\x00\x0cVie\
w Details\x07\x00\x00\x00\x0bLo\
gListView\x01\x03\x00\x00\x00\x04Q\
h\x90\xe8\x08\x00\x00\x00\x00\x06\x00\x00\x00\x03All\
\x07\x00\x00\x00\x0fLogViewerDi\
alog\x01\x03\x00\x00\x00\x08n\x05\x96de\xe5\
_\xd7\x08\x00\x00\x00\x00\x06\x00\x00\x00\x0aClea\
r Logs\x07\x00\x00\x00\x0fLogVi\
ewerDialog\x01\x03\x00\x00\x00\x04\
\x8c\x03\x8b\xd5\x08\x00\x00\x00\x00\x06\x00\x00\x00\x05De\
bug\x07\x00\x00\x00\x0fLogViewe\
rDialog\x01\x03\x00\x00\x00\x04\x95\x19\x8b\
\xef\x08\x00\x00\x00\x00\x06\x00\x00\x00\x05Error\
\x07\x00\x00\x00\x0fLogViewerDi\
alog\x01\x03\x00\x00\x00\x04O\xe1`o\x08\x00\
\x00\x00\x00\x06\x00\x00\x00\x04Info\x07\x00\x00\x00\
\x0fLogViewerDialog\
\x01\x03\x00\x00\x00\x04e\xe5_\xd7\x08\x00\x00\x00\x00\x06\
\x00\x00\x00\x04Logs\x07\x00\x00\x00\x0fLog\
ViewerDialog\x01\x03\x00\x00\
\x00\x0cbS_\x00e\xe5_\xd7v\xee_U\x08\x00\
\x00\x00\x00\x06\x00\x00\x00\x13Open Log\
s Directory\x07\x00\x00\x00\x0f\
LogViewerDialog\x01\
\x03\x00\x00\x00\x04R7e\xb0\x08\x00\x00\x00\x00\x06\x00\
\x00\x00\x07Refresh\x07\x00\x00\x00\x0fL\
ogViewerDialog\x01\x03\
\x00\x00\x00\x0ed\x1c}\x22e\xe5_\xd7\x00.\x00.\
\x00.\x08\x00\x00\x00\x00\x06\x00\x00\x00\x0eSear\
ch logs...\x07\x00\x00\x00\x0fL\
ogViewerDialog\x01\x03\
\x00\x00\x00(c\xd0y:\xff\x1ap\xb9Q\xfbe\xe5\
_\xd7gav\xeeg\xe5w\x0b\x8b\xe6`\xc5\xff\x0c\
S\xf3\x95.p\xb9Q\xfbY\x0dR6\x08\x00\x00\x00\
\x00\x06\x00\x00\x00?Tips: Clic\
k on a log entry\
 to view details\
, right-click to\
 copy\x07\x00\x00\x00\x0fLogVie\
werDialog\x01\x03\x00\x00\x00\x04\x8b\
fTJ\x08\x00\x00\x00\x00\x06\x00\x00\x00\x07War\
ning\x07\x00\x00\x00\x0fLogView\
erDialog\x01\x03\x00\x00\x00\x12\x8b\xf7\
W(\x8b\xbeY\x07O\xa7xn\x8b\xa4v{_U\
\x08\x00\x00\x00\x00\x06\x00\x00\x00\x1cConfir\
m login on your \
device\x07\x00\x00\x00\x0bLogin\
Dialog\x01\x03\x00\x00\x00\x0c\x8b\xf7\x8f\x93\
QebKg:S\xf7\x08\x00\x00\x00\x00\x06\x00\x00\
\x00\x12Enter phone nu\
mber\x07\x00\x00\x00\x0bLoginDi\
alog\x01\x03\x00\x00\x00\x0c\x8b\xf7\x8f\x93Qe\
\x9a\x8c\x8b\xc1x\x01\x08\x00\x00\x00\x00\x06\x00\x00\x00\x17\
Enter verificati\
on code\x07\x00\x00\x00\x0bLogi\
nDialog\x01\x03\x00\x00\x00\x0a\x83\xb7S\
\xd6\x9a\x8c\x8b\xc1x\x01\x08\x00\x00\x00\x00\x06\x00\x00\x00\
\x08Get Code\x07\x00\x00\x00\x0bLo\
ginDialog\x01\x03\x00\x00\x00\x04v\
{_U\x08\x00\x00\x00\x00\x06\x00\x00\x00\x06Log\
 In\x07\x00\x00\x00\x0bLoginDia\
log\x01\x03\x00\x00\x00\x18O\x7fu(\x00 \x00\
C\x00o\x00o\x00k\x00i\x00e\x00 v{_\
U\x08\x00\x00\x00\x00\x06\x00\x00\x00\x13Log i\
n with Cookies\x07\x00\
\x00\x00\x0bLoginDialog\x01\x03\
\x00\x00\x00\x0ebKg:S\xf7N\x0d\x80\xfdN:\
zz\x08\x00\x00\x00\x00\x06\x00\x00\x00\x1cPhon\
e number cannot \
be empty\x07\x00\x00\x00\x0bLog\
inDialog\x01\x03\x00\x00\x00\x0cN\x8c\
~\xf4x\x01]\xf2\x8f\xc7g\x1f\x08\x00\x00\x00\x00\x06\
\x00\x00\x00\x13QR code has \
expired\x07\x00\x00\x00\x0bLogi\
nDialog\x01\x03\x00\x00\x00\x22\x91\xcde\
\xb0S\xd1\x90\x01\x00(\x00{\x00c\x00o\x00u\x00\
n\x00t\x00d\x00o\x00w\x00n\x00}\x00)\x08\
\x00\x00\x00\x00\x06\x00\x00\x00\x13Resend(\
{countdown})\x07\x00\x00\x00\
\x0bLoginDialog\x01\x03\x00\x00\
\x00\x08w\xedO\xe1v{_U\x08\x00\x00\x00\x00\x06\
\x00\x00\x00\x09SMS Login\x07\x00\x00\
\x00\x0bLoginDialog\x01\x03\x00\
\x00\x00\x0ebkc\xcfN\x8c~\xf4x\x01v{_\
U\x08\x00\x00\x00\x00\x06\x00\x00\x00\x16Scan \
QR Code to Log I\
n\x07\x00\x00\x00\x0bLoginDialo\
g\x01\x03\x00\x00\x00\x1c\x8b\xf7O\x7fu(T\xd4T\
\xe9T\xd4T\xe9[\xa2b7z\xefbkx\x01v\
{_U\x08\x00\x00\x00\x00\x06\x00\x00\x00$Sca\
n with the Bilib\
ili app to log i\
n\x07\x00\x00\x00\x0bLoginDialo\
g\x01\x03\x00\x00\x00\x16\x00C\x00o\x00o\x00k\x00\
i\x00e\x00 v{_Ub\x10R\x9f\x08\x00\x00\
\x00\x00\x06\x00\x00\x00\x22Successfu\
lly logged in vi\
a Cookies\x07\x00\x00\x00\x0bLo\
ginDialog\x01\x03\x00\x00\x00\x0cb\
kx\x01v{_Ub\x10R\x9f\x08\x00\x00\x00\x00\
\x06\x00\x00\x00\x22Successfull\
y logged in via \
QR code\x07\x00\x00\x00\x0bLogi\
nDialog\x01\x03\x00\x00\x00\x0cw\xedO\
\xe1v{_Ub\x10R\x9f\x08\x00\x00\x00\x00\x06\x00\
\x00\x00\x1eSuccessfully \
logged in via SM\
S\x07\x00\x00\x00\x0bLoginDialo\
g\x01\x03\x00\x00\x00\x0e\x9a\x8c\x8b\xc1x\x01N\x0d\x80\
\xfdN:zz\x08\x00\x00\x00\x00\x06\x00\x00\x00!V\
erification code\
 cannot be empty\
\x07\x00\x00\x00\x0bLoginDialog\
\x01\x03\x00\x00\x00\x08\x8b\xbf\x95\xeeN\xe4rL\x08\x00\
\x00\x00\x00\x06\x00\x00\x00\x0cAccess T\
oken\x07\x00\x00\x00\x0eMCPSett\
ingCard\x01\x03\x00\x00\x00\x0e]\xf2Y\
\x0dR6\x8b\xbf\x95\xeeN\xe4rL\x08\x00\x00\x00\x00\
\x06\x00\x00\x00\x13Access toke\
n copied\x07\x00\x00\x00\x0eMCP\
SettingCard\x01\x03\x00\x00\x00\
\x12]\xf2\x91\xcde\xb0u\x1fb\x10\x8b\xbf\x95\xeeN\
\xe4rL\x08\x00\x00\x00\x00\x06\x00\x00\x00\x18Acc\
ess token regene\
rated\x07\x00\x00\x00\x0eMCPSet\
tingCard\x01\x03\x00\x00\x00\x0a[\xa2\
b7z\xef\x91M\x7fn\x08\x00\x00\x00\x00\x06\x00\x00\
\x00\x14Client Configu\
ration\x07\x00\x00\x00\x0eMCPSe\
ttingCard\x01\x03\x00\x00\x00\x10]\
\xf2Y\x0dR6[\xa2b7z\xef\x91M\x7fn\x08\
\x00\x00\x00\x00\x06\x00\x00\x00\x1bClient \
configuration co\
pied\x07\x00\x00\x00\x0eMCPSett\
ingCard\x01\x03\x00\x00\x00\x04Y\x0dR\
6\x08\x00\x00\x00\x00\x06\x00\x00\x00\x04Copy\x07\
\x00\x00\x00\x0eMCPSettingCa\
rd\x01\x03\x00\x00\x00$Y\x0dR6S\xefv\xf4\
c\xa5O\x7fu(v\x84\x00 \x00M\x00C\x00P\
\x00 [\xa2b7z\xef\x91M\x7fn\x08\x00\x00\x00\
\x00\x06\x00\x00\x00,Copy a rea\
dy-to-use MCP cl\
ient configurati\
on\x07\x00\x00\x00\x0eMCPSettin\
gCard\x01\x03\x00\x00\x00\x06]\xf2Qs\x95\
\xed\x08\x00\x00\x00\x00\x06\x00\x00\x00\x08Disab\
led\x07\x00\x00\x00\x0eMCPSetti\
ngCard\x01\x03\x00\x00\x00\x14T/u(\
\x00 \x00M\x00C\x00P\x00 g\x0dR\xa1Vh\
\x08\x00\x00\x00\x00\x06\x00\x00\x00\x11Enable\
 MCP Server\x07\x00\x00\x00\x0e\
MCPSettingCard\x01\x03\
\x00\x00\x00Ds\xb0g\x09\x00 \x00A\x00I\x00 \
[\xa2b7z\xef\x5c\x06e\xe0l\xd5~\xe7~\xed\
O\x7fu(\xff\x0c\x97\x00\x89\x81O\x7fu(e\xb0\
N\xe4rL\x91\xcde\xb0\x91M\x7fn0\x02f/\
T&~\xe7~\xed\xff\x1f\x08\x00\x00\x00\x00\x06\x00\x00\
\x00_Existing AI cl\
ients will stop \
working until th\
ey are reconfigu\
red with the new\
 token. Continue\
?\x07\x00\x00\x00\x0eMCPSetting\
Card\x01\x03\x00\x00\x00\x18T/R\xa8Y1\
\x8d%\xff\x1a\x00{\x00e\x00r\x00r\x00o\x00r\
\x00}\x08\x00\x00\x00\x00\x06\x00\x00\x00\x18Fail\
ed to start: {er\
ror}\x07\x00\x00\x00\x0eMCPSett\
ingCard\x01\x03\x00\x00\x00,\x00H\x00\
T\x00T\x00P\x00 v\xf4\x8f\xde\xff\x08\x00C\x00\
l\x00a\x00u\x00d\x00e\x00 \x00C\x00o\x00\
d\x00e\x00 {I\xff\x09\x08\x00\x00\x00\x00\x06\x00\
\x00\x00\x18HTTP (Claude \
Code, etc.)\x07\x00\x00\x00\x0e\
MCPSettingCard\x01\x03\
\x00\x00\x00Z\x8b\xa9\x00 \x00A\x00I\x00 [\xa2\
b7z\xef\x90\x1a\x8f\xc7\x00 \x00M\x00o\x00d\
\x00e\x00l\x00 \x00C\x00o\x00n\x00t\x00e\
\x00x\x00t\x00 \x00P\x00r\x00o\x00t\x00o\
\x00c\x00o\x00l\x00 \x89\xe3g\x90\x94\xfec\xa5\
^v{\xa1t\x06N\x0b\x8f}N\xfbR\xa1\x08\x00\
\x00\x00\x00\x06\x00\x00\x00RLet AI c\
lients parse lin\
ks and manage do\
wnloads through \
the Model Contex\
t Protocol\x07\x00\x00\x00\x0eM\
CPSettingCard\x01\x03\x00\
\x00\x00\x1cN\xc5v\xd1T,g,W0V\xdes\
\xafW0W@\xff\x0c\x9e\xd8\x8b\xa4Qs\x95\xed\x08\
\x00\x00\x00\x00\x06\x00\x00\x00?Listen \
on the local loo\
pback address on\
ly. Disabled by \
default.\x07\x00\x00\x00\x0eMCP\
SettingCard\x01\x03\x00\x00\x00\
*kcW(v\xd1T,\x00 \x001\x002\x00\
7\x00.\x000\x00.\x000\x00.\x001\x00:\x00\
{\x00p\x00o\x00r\x00t\x00}\x08\x00\x00\x00\x00\
\x06\x00\x00\x00\x1dListening o\
n 127.0.0.1:{por\
t}\x07\x00\x00\x00\x0eMCPSettin\
gCard\x01\x03\x00\x00\x00\x0e\x00M\x00C\x00\
P\x00 g\x0dR\xa1Vh\x08\x00\x00\x00\x00\x06\x00\
\x00\x00\x0aMCP Server\x07\x00\x00\
\x00\x0eMCPSettingCard\
\x01\x03\x00\x00\x00\x06g*\x8f\xd0\x88L\x08\x00\x00\x00\
\x00\x06\x00\x00\x00\x0bNot runnin\
g\x07\x00\x00\x00\x0eMCPSetting\
Card\x01\x03\x00\x00\x00\x04z\xefS\xe3\x08\x00\
\x00\x00\x00\x06\x00\x00\x00\x04Port\x07\x00\x00\x00\
\x0eMCPSettingCard\x01\
\x03\x00\x00\x00\x08\x91\xcde\xb0u\x1fb\x10\x08\x00\x00\
\x00\x00\x06\x00\x00\x00\x0aRegenerat\
e\x07\x00\x00\x00\x0eMCPSetting\
Card\x01\x03\x00\x00\x00\x10\x91\xcde\xb0u\x1f\
b\x10\x8b\xbf\x95\xeeN\xe4rL\x08\x00\x00\x00\x00\x06\
\x00\x00\x00\x17Regenerate A\
ccess Token\x07\x00\x00\x00\x0e\
MCPSettingCard\x01\x03\
\x00\x00\x00(k\xcfk!\x8b\xf7lB\x90\xfd\x97\x00\
\x89\x81c\xd0O\x9b\xff\x0c\x8b\xf7P\xcf[\xc6x\x01\
N\x00h7Y\xa5U\x84O\xdd{\xa1\x08\x00\x00\x00\
\x00\x06\x00\x00\x004Required b\
y every request.\
 Treat it like a\
 password.\x07\x00\x00\x00\x0eM\
CPSettingCard\x01\x03\x00\
\x00\x00\x04r\xb6`\x01\x08\x00\x00\x00\x00\x06\x00\x00\x00\
\x06Status\x07\x00\x00\x00\x0eMCPS\
ettingCard\x01\x03\x00\x00\x00\x10\
\x91\xcdT/g\x0dR\xa1VhT\x0eu\x1feH\
\x08\x00\x00\x00\x00\x06\x00\x00\x00&Takes \
effect after the\
 server restarts\
\x07\x00\x00\x00\x0eMCPSettingC\
ard\x01\x03\x00\x00\x00\x0cg\xe5w\x0b^.R\
\xa9e\x87hc\x08\x00\x00\x00\x00\x06\x00\x00\x00\x12V\
iew Documentatio\
n\x07\x00\x00\x00\x0eMCPSetting\
Card\x01\x03\x00\x00\x004\x00s\x00t\x00d\
\x00i\x00o\x00 hec\xa5\xff\x08\x00C\x00l\
\x00a\x00u\x00d\x00e\x00 \x00D\x00e\x00s\
\x00k\x00t\x00o\x00p\x00 {I\xff\x09\x08\x00\
\x00\x00\x00\x06\x00\x00\x00\x1cstdio (C\
laude Desktop, e\
tc.)\x07\x00\x00\x00\x0eMCPSett\
ingCard\x01\x03\x00\x00\x01\xd8kdY\
\x04f>y:v\x84Z\x92OSO\xe1`oS\
\xeaS\xd6\x81\xea\x89\xe3g\x90~\xd3g\x9cN-v\
\x84N\x00N*\x89\xc6\x98\x91\xff\x1a\x94\xfec\xa5c\
\x07T\x11T\xeaN*\x5c1S\xd6T\xeaN*\xff\
\x0cg*c\x07T\x11QwOS\x89\xc6\x98\x91e\
\xf6R\x19S\xd6{,N\x00N*0\x02\x82\xe5\x8b\
\xe5\x89\xc6\x98\x91v\x84Z\x92OSO\xe1`oe\
\xe0l\xd5\x83\xb7S\xd6\xff\x08O\x8bY\x82QEu\
5N\x13\x5c^0\x01N\xd8\x8d9Q\x85[\xb9\xff\
\x09\xff\x0cO\x1a\x81\xeaR\xa8e9u(QvN\
\xd6\x89\xc6\x98\x910\x02[\x9e\x96ES\xd6\x81\xeaT\
\xeaN*\x89\xc6\x98\x91\xff\x0cS\xefW(N\x0ae\
\xb9v\x84\x00\x22Z\x92OSO\xe1`ogen\
\x90\x00\x22N-g\xe5w\x0b0\x02\x00\x0a\x00\x0a\x82\
\xe5[XW(Y\x1aN*\x89\xc6\x98\x91\xff\x0cb\
@\x5cUy:v\x84O\xe1`oS\xef\x80\xfdN\
\x0eg\x00~\xc8N\x0b\x8f}v\x84\x89\xc6\x98\x91N\
\x0d[\x8cQhN\x00\x81\xf4\xff\x0cN\xc5O\x9bS\
\xc2\x80\x030\x02\x00\x0a\x00\x0aY\x82\x97\x00g\xe5w\
\x0bry[\x9a\x89\xc6\x98\x91v\x84\x8b\xe6~\xc6Z\
\x92OSO\xe1`o\xff\x0c\x8b\xf7S\xf3\x95.p\
\xb9Q\xfb\x89\xe3g\x90R\x17\x88hN-v\x84[\
\xf9^\x94gav\xee\xff\x0c\x90\x09b\xe9\x00\x22f\
\xf4e\xb0Z\x92OSO\xe1`o\x00\x220\x02\x00\
\x0a\x00\x0al\xe8a\x0f\xff\x1aS\xd7\x00 \x00D\x00\
R\x00M\x00 R\xa0[\xc6O\xddb\xa4v\x84\x89\
\xc6\x98\x91g\x00\x9a\xd8N\xc5e/c\x01N\x0b\x8f\
}\x00 \x001\x000\x008\x000\x00P\x00 u\
;\x8d(\xff\x0cf\xf4\x9a\xd8u;\x8d(N\x0dS\
\xefu(0\x02\x08\x00\x00\x00\x00\x06\x00\x00\x02\xb7T\
he media info sh\
own here comes f\
rom a single vid\
eo in the parsed\
 results: the on\
e the link point\
s to, or the fir\
st one when the \
link doesn't poi\
nt to a specific\
 video. If that \
video's media in\
fo cannot be ret\
rieved\xe2\x80\x94charge-\
exclusive or pai\
d content, for e\
xample\xe2\x80\x94another\
 video is used i\
nstead. \x22Source \
Video\x22 above sho\
ws which one it \
came from.\x0a\x0aIf m\
ultiple videos a\
re available, th\
is information m\
ay not exactly m\
atch the one you\
 download\xe2\x80\x94use \
it for reference\
 only.\x0a\x0aTo view \
detailed media i\
nfo for a specif\
ic video, right-\
click its entry \
in the parse lis\
t and select \x22Up\
date Media Info\x22\
.\x0a\x0aNote: Videos \
protected by DRM\
 can only be dow\
nloaded up to 10\
80P; higher qual\
ities are unavai\
lable.\x07\x00\x00\x00\x10MEDIA\
_INFO_GUIDE\x01\x03\x00\x00\x02\
\xd4Z\x92OS\x90\x09\x98yu(N\x8ec\xa7R\
6\x89\xc6\x98\x91mAT\x8c\x97\xf3\x98\x91mAv\
\x84N\x0b\x8f}e\xb9_\x0f\xff\x0cN\xe5S\xcaf\
/T&W(N\x0b\x8f}[\x8cb\x10T\x0e\x81\
\xeaR\xa8T\x08^v0\x02\x00\x0a\x00Bz\xd9v\
\x84\x89\xc6\x98\x91\x90\x1a^8\x5c\x06\x89\xc6\x98\x91m\
AT\x8c\x97\xf3\x98\x91mAR\x06_\x00[XP\
\xa8T\x8cO \x8f\x93\xff\x0cN\x0b\x8f}e\xf6\x97\
\x00\x89\x81R\x06R+\x83\xb7S\xd6\x8f\xd9N$\x90\
\xe8R\x06\xff\x0c^vS\xefW([\x8cb\x10T\
\x0e\x90\x1a\x8f\xc7\x00 \x00F\x00F\x00m\x00p\x00\
e\x00g\x00 T\x08^vb\x10N\x00N*[\
\x8cetv\x84\x89\xc6\x98\x91e\x87N\xf60\x02\x8f\
\xd9\x91\xccv\x84\x8b\xbe\x7fnO\x1aQ\xb3[\x9aN\
\x0b\x8f}T\xeaN\x9bmA\xff\x0cN\xe5S\xcaf\
/T&O\xdduYT\x08^vRMv\x84S\
\x9fY\xcbe\x87N\xf60\x02\x00\x0a\x00\x0a\x001\x00\
.\x00 N\x0b\x8f}\x89\xc6\x98\x91mAT\x8c\x97\
\xf3\x98\x91mA\xff\x1aS\xeaN\x0b\x8f}\x89\xc6\x98\
\x91mAe\xf6\xff\x0cg\x00~\xc8e\x87N\xf6l\
\xa1g\x09X\xf0\x97\xf3\xff\x1bS\xeaN\x0b\x8f}\x97\
\xf3\x98\x91mAe\xf6\xff\x0cS\xeaO\x1a_\x97R\
0\x97\xf3\x98\x91e\x87N\xf60\x02S\xeag\x09T\
\x0ce\xf6N\x0b\x8f}\x89\xc6\x98\x91mAT\x8c\x97\
\xf3\x98\x91mA\xff\x0cbM\x80\xfd\x8f\xdb\x88LT\
\x0e~\xedv\x84T\x08^vd\xcdO\x5c\xff\x0c_\
\x97R0^&X\xf0\x97\xf3v\x84[\x8cet\x89\
\xc6\x98\x91e\x87N\xf60\x02\x00\x0a\x00\x0a\x002\x00\
.\x00 T\x08^v\x89\xc6\x98\x91T\x8c\x97\xf3\x98\
\x91\xff\x1aT/u(T\x0e\xff\x0cz\x0b^\x8fO\
\x1aW(N\x0b\x8f}[\x8cb\x10T\x0eO\x7fu\
(\x00 \x00F\x00F\x00m\x00p\x00e\x00g\x00\
 \x5c\x06N$\x90\xe8R\x06T\x08^vN:N\
\x00N*[\x8cetv\x84\x89\xc6\x98\x91e\x87N\
\xf6\xff\x1bQs\x95\xedT\x0e\xff\x0c\x89\xc6\x98\x91m\
AT\x8c\x97\xf3\x98\x91mAO\x1aR\x06R+O\
\xdd[XN:r\xecz\xcbe\x87N\xf60\x02\x00\
\x0a\x00\x0a\x003\x00.\x00 O\xdduYS\x9fY\
\xcbe\x87N\xf6\xff\x1aT/u(T\x0e\xff\x0cT\
\x08^v[\x8cb\x10T\x0eN\xcdO\x1aO\xddu\
YS\x9fY\xcbv\x84\x89\xc6\x98\x91mAT\x8c\x97\
\xf3\x98\x91mAe\x87N\xf6\xff\x1bQs\x95\xedT\
\x0e\xff\x0cz\x0b^\x8fO\x1aR \x96dS\x9fY\
\xcbR\x06y\xbbmA\xff\x0cS\xeaO\xdduYT\
\x08^vT\x0ev\x84[\x8cet\x89\xc6\x98\x91e\
\x87N\xf60\x02\x08\x00\x00\x00\x00\x06\x00\x00\x04\x98M\
edia options con\
trol how video a\
nd audio streams\
 are downloaded \
and whether they\
 are automatical\
ly merged after \
download.\x0aVideos\
 on Bilibili typ\
ically store and\
 transmit video \
and audio stream\
s separately. Du\
ring download, b\
oth parts must b\
e fetched indivi\
dually and can t\
hen be merged in\
to a complete vi\
deo file using F\
Fmpeg. These set\
tings determine \
which streams to\
 download and wh\
ether to keep th\
e original unmer\
ged files.\x0a\x0a1. D\
ownload video an\
d audio streams:\
 If only the vid\
eo stream is dow\
nloaded, the fin\
al file will hav\
e no audio; if o\
nly the audio st\
ream is download\
ed, you'll get a\
n audio-only fil\
e. Only when bot\
h video and audi\
o streams are do\
wnloaded can the\
y be merged late\
r into a complet\
e video file wit\
h sound.\x0a\x0a2. Mer\
ge video and aud\
io: When enabled\
, the program wi\
ll use FFmpeg to\
 merge the two p\
arts into a sing\
le complete vide\
o file after dow\
nload. When disa\
bled, the video \
and audio stream\
s will be saved \
as separate file\
s.\x0a\x0a3. Keep orig\
inal files: When\
 enabled, the or\
iginal video and\
 audio stream fi\
les will be reta\
ined after mergi\
ng. When disable\
d, the program w\
ill delete the o\
riginal separate\
d streams and ke\
ep only the merg\
ed complete vide\
o file.\x07\x00\x00\x00\x13MEDI\
A_OPTIONS_GUIDE\x01\
\x03\x00\x00\x00\x04QsN\x8e\x08\x00\x00\x00\x00\x06\x00\
\x00\x00\x05About\x07\x00\x00\x00\x0aMai\
nWindow\x01\x03\x00\x00\x004p\xb9Q\
\xfbY4P\xcfv{_UT\xd4T\xe9T\xd4T\
\xe9\x8d&S\xf7\xff\x0cg*v{_Ur\xb6`\
\x01N\x0bN\x0b\x8f}R\x9f\x80\xfd\x5c\x06S\xd7\x96\
P\x08\x00\x00\x00\x00\x06\x00\x00\x00uClick\
 the avatar to l\
og in to your Bi\
libili account. \
\x0aDownload functi\
onality will be \
limited if you'r\
e not logged in.\
\x07\x00\x00\x00\x0aMainWindow\x01\
\x03\x00\x00\x00\x0cN\x0b\x8f}v\xee_Ue\xe0e\
H\x08\x00\x00\x00\x00\x06\x00\x00\x00\x1aDownl\
oad Directory In\
valid\x07\x00\x00\x00\x0aMainWi\
ndow\x01\x03\x00\x00\x00\x04N\x0b\x8f}\x08\x00\
\x00\x00\x00\x06\x00\x00\x00\x09Download\
s\x07\x00\x00\x00\x0aMainWindow\
\x01\x03\x00\x00\x00\x14g*b~R0\x00 \x00F\
\x00F\x00m\x00p\x00e\x00g\x08\x00\x00\x00\x00\x06\
\x00\x00\x00\x10FFmpeg Not F\
ound\x07\x00\x00\x00\x0aMainWin\
dow\x01\x03\x00\x00\x00\x04e6\x85\xcf\x08\x00\x00\
\x00\x00\x06\x00\x00\x00\x09Favorites\
\x07\x00\x00\x00\x0aMainWindow\x01\
\x03\x00\x00\x00J\x99\x96k!O\x7fu(e\xf6^\
\xfa\x8b\xaeQHg\xe5w\x0bO\x7fu(\x8b\xf4f\
\x0eT\x8c^8\x89\xc1\x95\xee\x98\x98\xff\x0c^.R\
\xa9O`f\xf4_\xebN\x0abK^vQER\
\x06R)u(T\x04\x98yR\x9f\x80\xfd0\x02\x08\
\x00\x00\x00\x00\x06\x00\x00\x00\x93It is r\
ecommended to re\
ad the user guid\
e and FAQs when \
using for the fi\
rst time, to hel\
p you get starte\
d quickly and ma\
ke full use of a\
ll features.\x07\x00\x00\x00\
\x0aMainWindow\x01\x03\x00\x00\x00\
\x08v{_U\x8d&S\xf7\x08\x00\x00\x00\x00\x06\x00\
\x00\x00\x16Log in to you\
r account\x07\x00\x00\x00\x0aMa\
inWindow\x01\x03\x00\x00\x00\x08\x97\x00\
\x89\x81v{_U\x08\x00\x00\x00\x00\x06\x00\x00\x00\x0e\
Login Required\x07\x00\
\x00\x00\x0aMainWindow\x01\x03\x00\
\x00\x00\x0eT}T\x0d\x89\xc4R\x19]\xf2\x91\xcd\x7f\
n\x08\x00\x00\x00\x00\x06\x00\x00\x00\x17Namin\
g Rules Were Res\
et\x07\x00\x00\x00\x0aMainWindo\
w\x01\x03\x00\x00\x00Hg*b~R0\x00 \x00\
F\x00F\x00m\x00p\x00e\x00g\x00 S\xefb\
g\x88Le\x87N\xf60\x02\x8b\xf7xnO\xdd]\
\xf2kcxn[\x89\x88\xc5^v\x91M\x7fn\x00\
 \x00F\x00F\x00m\x00p\x00e\x00g0\x02\x08\
\x00\x00\x00\x00\x06\x00\x00\x00WNo FFmp\
eg executable fo\
und. Please ensu\
re FFmpeg is ins\
talled and confi\
gured correctly.\
\x07\x00\x00\x00\x0aMainWindow\x01\
\x03\x00\x00\x00\x04\x89\xe3g\x90\x08\x00\x00\x00\x00\x06\x00\
\x00\x00\x06Parser\x07\x00\x00\x00\x0aMa\
inWindow\x01\x03\x00\x00\x00\x0c\x8b\xf7\
QHv{_U\x8d&S\xf7\x08\x00\x00\x00\x00\x06\
\x00\x00\x00$Please log i\
n to your accoun\
t first.\x07\x00\x00\x00\x0aMai\
nWindow\x01\x03\x00\x00\x00\x04\x8b\xbe\x7f\
n\x08\x00\x00\x00\x00\x06\x00\x00\x00\x08Setti\
ngs\x07\x00\x00\x00\x0aMainWind\
ow\x01\x03\x00\x00\x00\x04\x8d\xf3\x8f\xc7\x08\x00\x00\x00\
\x00\x06\x00\x00\x00\x04Skip\x07\x00\x00\x00\x0aM\
ainWindow\x01\x03\x00\x00\x00Fk\
drHg,O\xeee9N\x86Q\x85\x7fnT\
}T\x0d\x89\xc4R\x19\xff\x0cO`v\x84T}T\
\x0d\x89\xc4R\x19]\xf2Qh\x90\xe8\x91\xcd\x7fnN\
:\x9e\xd8\x8b\xa4P<\xff\x0c\x8b\xf7\x91\xcde\xb0\x8b\
\xbe\x7fn0\x02\x08\x00\x00\x00\x00\x06\x00\x00\x00\x89T\
he built-in nami\
ng rules changed\
 in this version\
, so all of your\
 naming rules ha\
ve been reset to\
 the defaults. P\
lease set them u\
p again.\x07\x00\x00\x00\x0aMai\
nWindow\x01\x03\x00\x00\x000_SR\
MN\x0b\x8f}v\xee_Ue\xe0l\xd5\x8b\xbf\x95\
\xeeb\x16l\xa1g\x09Q\x99QegC\x96P\xff\
\x0c\x8b\xf7\x91\xcde\xb0\x8b\xbe\x7fn0\x02\x08\x00\x00\
\x00\x00\x06\x00\x00\x00[The curre\
nt download dire\
ctory is inacces\
sible or lacks w\
rite permissions\
. Please reset i\
t.\x07\x00\x00\x00\x0aMainWindo\
w\x01\x03\x00\x00\x00\x04g\xe5w\x0b\x08\x00\x00\x00\x00\
\x06\x00\x00\x00\x04View\x07\x00\x00\x00\x0aMa\
inWindow\x01\x03\x00\x00\x00,k\x22\
\x8f\xceO\x7fu(\x00 \x00B\x00i\x00l\x00i\
\x002\x003\x00 \x00D\x00o\x00w\x00n\x00l\
\x00o\x00a\x00d\x00e\x00r\x08\x00\x00\x00\x00\x06\
\x00\x00\x00\x1cWelcome to B\
ili23 Downloader\
\x07\x00\x00\x00\x0aMainWindow\x01\
\x03\x00\x00\x00\x10]\xe6\x8f\xb9\x8d\xdd\x00 \x00(P\
\xcf} \x00)\x08\x00\x00\x00\x00\x06\x00\x00\x00\x10L\
eft Margin (px)\x07\
\x00\x00\x00\x0bMarginGroup\x01\
\x03\x00\x00\x00\x10S\xf3\x8f\xb9\x8d\xdd\x00 \x00(P\
\xcf} \x00)\x08\x00\x00\x00\x00\x06\x00\x00\x00\x11R\
ight Margin (px)\
\x07\x00\x00\x00\x0bMarginGroup\
\x01\x03\x00\x00\x00\x12W\x82v\xf4\x8f\xb9\x8d\xdd\x00 \
\x00(P\xcf} \x00)\x08\x00\x00\x00\x00\x06\x00\x00\
\x00\x14Vertical Margi\
n (px)\x07\x00\x00\x00\x0bMargi\
nGroup\x01\x03\x00\x00\x00\x12g\x09Qs\
Z\x92OSO\xe1`ov\x84\x8b\xf4f\x0e\x08\x00\
\x00\x00\x00\x06\x00\x00\x00\x10About Me\
dia Info\x07\x00\x00\x00\x0dMed\
iaInfoCard\x01\x03\x00\x00\x00\x04\
\x97\xf3\x8d(\x08\x00\x00\x00\x00\x06\x00\x00\x00\x0dAu\
dio Quality\x07\x00\x00\x00\x0d\
MediaInfoCard\x01\x03\x00\
\x00\x00\x1c\x5c\x06h9cnO\x18QH~\xa7\x8b\
\xbe\x7fn\x81\xeaR\xa8\x90\x09b\xe9\x97\xf3\x8d(\x08\
\x00\x00\x00\x00\x06\x00\x00\x00GAudio q\
uality will be a\
utomatically sel\
ected based on p\
riority settings\
\x07\x00\x00\x00\x0dMediaInfoCa\
rd\x01\x03\x00\x00\x00\x12\x89\xc6\x98\x91mAN-\
]\xf2S\x05T+\x97\xf3\x8fh\x08\x00\x00\x00\x00\x06\
\x00\x00\x003Audio track \
is already embed\
ded in the video\
 stream\x07\x00\x00\x00\x0dMedi\
aInfoCard\x01\x03\x00\x00\x00\x1c\x8c\
\x03etu;\x8d(0\x01\x97\xf3\x8d(T\x8c\x7f\
\x16x\x01N\x0b\x8f}\x8b\xbe\x7fn\x08\x00\x00\x00\x00\
\x06\x00\x00\x00CConfigure d\
ownload video qu\
ality, audio qua\
lity, and codec \
settings\x07\x00\x00\x00\x0dMed\
iaInfoCard\x01\x03\x00\x00\x00\x0e\
kcW(\x83\xb7S\xd6\x00.\x00.\x00.\x08\x00\
\x00\x00\x00\x06\x00\x00\x00\x0bFetching\
...\x07\x00\x00\x00\x0dMediaInf\
oCard\x01\x03\x00\x00\x00\x04\x8b\xf4f\x0e\x08\
\x00\x00\x00\x00\x06\x00\x00\x00\x0cInstruc\
tions\x07\x00\x00\x00\x0dMediaI\
nfoCard\x01\x03\x00\x00\x00\x14e\x87N\
\xf6OSy\xefY'\xff\x0cQ|[\xb9`'_\
:\x08\x00\x00\x00\x00\x06\x00\x00\x00%Large\
st file size, be\
st compatibility\
\x07\x00\x00\x00\x0dMediaInfoCa\
rd\x01\x03\x00\x00\x00\x08Z\x92OSO\xe1`o\
\x08\x00\x00\x00\x00\x06\x00\x00\x00\x0aMedia \
Info\x07\x00\x00\x00\x0dMediaIn\
foCard\x01\x03\x00\x00\x00\x16e\xe0X\xf0\
\x89\xc6\x98\x91mA\xff\x0cN\x0dS\x05T+\x97\xf3\
\x8fh\x08\x00\x00\x00\x00\x06\x00\x00\x00$No a\
udio track (sile\
nt video stream)\
\x07\x00\x00\x00\x0dMediaInfoCa\
rd\x01\x03\x00\x00\x00\x18e\x87N\xf6OSy\xef\
\x5c\x0f\xff\x0cOFQ|[\xb9`'\x8f\x83]\xee\
\x08\x00\x00\x00\x00\x06\x00\x00\x00(Smalle\
r file size, lim\
ited compatibili\
ty\x07\x00\x00\x00\x0dMediaInfo\
Card\x01\x03\x00\x00\x00\x1aS\x8b\x7f)eH\
s\x87g\x00\x9a\xd8\xff\x0cOFQ|[\xb9`'\
g\x00]\xee\x08\x00\x00\x00\x00\x06\x00\x00\x00)Sm\
allest file size\
, poorest compat\
ibility\x07\x00\x00\x00\x0dMedi\
aInfoCard\x01\x03\x00\x00\x00\x0cZ\
\x92OSO\xe1`ogen\x90\x08\x00\x00\x00\x00\
\x06\x00\x00\x00\x0cSource Vide\
o\x07\x00\x00\x00\x0dMediaInfoC\
ard\x01\x03\x00\x00\x00\x04g*w\xe5\x08\x00\x00\
\x00\x00\x06\x00\x00\x00\x07Unknown\x07\x00\
\x00\x00\x0dMediaInfoCard\
\x01\x03\x00\x00\x00\x08g*w\xe5\x97\xf3\x8d(\x08\x00\
\x00\x00\x00\x06\x00\x00\x00\x15Unknown \
Audio Quality\x07\x00\x00\
\x00\x0dMediaInfoCard\x01\
\x03\x00\x00\x00\x08g*w\xe5\x7f\x16x\x01\x08\x00\x00\
\x00\x00\x06\x00\x00\x00\x13Unknown V\
ideo Codec\x07\x00\x00\x00\x0dM\
ediaInfoCard\x01\x03\x00\x00\
\x00\x08g*w\xe5u;\x8d(\x08\x00\x00\x00\x00\x06\
\x00\x00\x00\x15Unknown Vide\
o Quality\x07\x00\x00\x00\x0dMe\
diaInfoCard\x01\x03\x00\x00\x00\
\x04\x7f\x16x\x01\x08\x00\x00\x00\x00\x06\x00\x00\x00\x0bV\
ideo Codec\x07\x00\x00\x00\x0dM\
ediaInfoCard\x01\x03\x00\x00\
\x00\x04u;\x8d(\x08\x00\x00\x00\x00\x06\x00\x00\x00\x0d\
Video Quality\x07\x00\x00\
\x00\x0dMediaInfoCard\x01\
\x03\x00\x00\x00\x1c\x5c\x06h9cnO\x18QH~\
\xa7\x8b\xbe\x7fn\x81\xeaR\xa8\x90\x09b\xe9\x7f\x16x\
\x01\x08\x00\x00\x00\x00\x06\x00\x00\x00EVideo\
 codec will be a\
utomatically sel\
ected based on p\
riority settings\
\x07\x00\x00\x00\x0dMediaInfoCa\
rd\x01\x03\x00\x00\x00\x1c\x5c\x06h9cnO\x18\
QH~\xa7\x8b\xbe\x7fn\x81\xeaR\xa8\x90\x09b\xe9\
u;\x8d(\x08\x00\x00\x00\x00\x06\x00\x00\x00GVi\
deo quality will\
 be automaticall\
y selected based\
 on priority set\
tings\x07\x00\x00\x00\x0dMediaI\
nfoCard\x01\x03\x00\x00\x00\x04\x8b\xd5w\
\x0b\x08\x00\x00\x00\x00\x06\x00\x00\x00\x07previ\
ew\x07\x00\x00\x00\x0dMediaInfo\
Card\x01\x03\x00\x00\x00@\x00{\x00t\x00i\
\x00t\x00l\x00e\x00}\x00 \x00\xb7\x00 \x94\xfe\
c\xa5c\x07T\x11v\x84\x89\xc6\x98\x91e\xe0l\xd5\
\x83\xb7S\xd6Z\x92OSO\xe1`o\xff\x0c]\xf2\
e9u(kd\x89\xc6\x98\x91\x08\x00\x00\x00\x00\x06\
\x00\x00\x00^{title} \xc2\xb7 m\
edia info of the\
 video the link \
points to is una\
vailable, this o\
ne is used inste\
ad\x07\x00\x00\x00\x0dMediaInfo\
Card\x01\x03\x00\x00\x00\x12g\x09QsZ\x92\
OS\x90\x09\x98yv\x84\x8b\xf4f\x0e\x08\x00\x00\x00\
\x00\x06\x00\x00\x00\x13About Medi\
a Options\x07\x00\x00\x00\x10Me\
diaOptionsCard\x01\x03\
\x00\x00\x00\x06N\xc5\x97\xf3\x98\x91\x08\x00\x00\x00\x00\x06\
\x00\x00\x00\x0aAudio Only\x07\x00\
\x00\x00\x10MediaOptionsC\
ard\x01\x03\x00\x00\x00\x04Qh\x90\xe8\x08\x00\x00\
\x00\x00\x06\x00\x00\x00\x04Both\x07\x00\x00\x00\x10\
MediaOptionsCard\
\x01\x03\x00\x00\x00\x16\x90\x09b\xe9uYN\x0bT\xea\
N\x00N\xfdS\x9fY\xcbe\x87N\xf6\x08\x00\x00\x00\
\x00\x06\x00\x00\x00\x22Choose whi\
ch original file\
 to keep\x07\x00\x00\x00\x10Med\
iaOptionsCard\x01\x03\x00\
\x00\x00\x1a\x8b\xbe\x7fn\x89\xc6\x98\x91T\x8c\x97\xf3\x98\
\x91mAv\x84N\x0b\x8f}\x88LN:\x08\x00\x00\
\x00\x00\x06\x00\x00\x007Configure\
 download behavi\
or for video and\
 audio streams\x07\x00\
\x00\x00\x10MediaOptionsC\
ard\x01\x03\x00\x00\x00\x0eN\x0b\x8f}r\xecz\
\xcb\x97\xf3\x98\x91mA\x08\x00\x00\x00\x00\x06\x00\x00\x00\
 Download standa\
lone audio strea\
m\x07\x00\x00\x00\x10MediaOptio\
nsCard\x01\x03\x00\x00\x00\x0eN\x0b\x8f}\
r\xecz\xcb\x89\xc6\x98\x91mA\x08\x00\x00\x00\x00\x06\
\x00\x00\x00 Download sta\
ndalone video st\
ream\x07\x00\x00\x00\x10MediaOp\
tionsCard\x01\x03\x00\x00\x00\x04\x8b\
\xf4f\x0e\x08\x00\x00\x00\x00\x06\x00\x00\x00\x0cIns\
tructions\x07\x00\x00\x00\x10Me\
diaOptionsCard\x01\x03\
\x00\x00\x00\x0cO\xdduYS\x9fY\xcbe\x87N\xf6\
\x08\x00\x00\x00\x00\x06\x00\x00\x00\x13Keep o\
riginal files\x07\x00\x00\
\x00\x10MediaOptionsCa\
rd\x01\x03\x00\x00\x00\x1eT\x08^vT\x0e\x98\x9d\
Y\x16O\xdduYT\x08^vRMv\x84S\x9f\
Y\xcbe\x87N\xf6\x08\x00\x00\x00\x00\x06\x00\x00\x00<\
Keep the unmerge\
d stream files i\
n addition to th\
e merged one\x07\x00\x00\x00\
\x10MediaOptionsCar\
d\x01\x03\x00\x00\x00\x08Z\x92OS\x90\x09\x98y\x08\
\x00\x00\x00\x00\x06\x00\x00\x00\x0dMedia O\
ptions\x07\x00\x00\x00\x10Media\
OptionsCard\x01\x03\x00\x00\x00\
\x0eT\x08^v\x89\xc6\x98\x91T\x8c\x97\xf3\x98\x91\x08\
\x00\x00\x00\x00\x06\x00\x00\x00\x15Merge v\
ideo and audio\x07\x00\
\x00\x00\x10MediaOptionsC\
ard\x01\x03\x00\x00\x00\x14\x89\x81O\xdduYv\
\x84S\x9fY\xcbe\x87N\xf6|{W\x8b\x08\x00\x00\
\x00\x00\x06\x00\x00\x00\x1aOriginal \
file type to kee\
p\x07\x00\x00\x00\x10MediaOptio\
nsCard\x01\x03\x00\x00\x00\x16N\xc5N\x0b\
\x8f}\x97\xf3\x98\x91e\xf6\x8b\xf7Qs\x95\xedkd\
\x98y\x08\x00\x00\x00\x00\x06\x00\x00\x00.Turn\
 this off to dow\
nload the audio \
track only\x07\x00\x00\x00\x10M\
ediaOptionsCard\x01\
\x03\x00\x00\x00\x1aQs\x95\xedT\x0eN\x0b\x8f}v\
\x84\x89\xc6\x98\x91O\x1al\xa1g\x09X\xf0\x97\xf3\x08\
\x00\x00\x00\x00\x06\x00\x00\x003Turning\
 this off leaves\
 the downloaded \
video silent\x07\x00\x00\x00\
\x10MediaOptionsCar\
d\x01\x03\x00\x00\x00\x1eQs\x95\xedT\x0e\x89\xc6\x98\
\x91T\x8c\x97\xf3\x98\x91O\x1a[Xb\x10N$N\
*e\x87N\xf6\x08\x00\x00\x00\x00\x06\x00\x00\x00<T\
urning this off \
saves video and \
audio as two sep\
arate files\x07\x00\x00\x00\x10\
MediaOptionsCard\
\x01\x03\x00\x00\x00\x06N\xc5\x89\xc6\x98\x91\x08\x00\x00\x00\
\x00\x06\x00\x00\x00\x0aVideo Only\
\x07\x00\x00\x00\x10MediaOption\
sCard\x01\x03\x00\x00\x00fg*T/u\
( \x1cT\x08^v\x89\xc6\x98\x91T\x8c\x97\xf3\x98\
\x91 \x1d\xff\x0c\x5c\x06R\x06R+N\x0b\x8f}N\
$N*r\xecz\xcbe\x87N\xf60\x02\x00\x0a\x00\
\x0aY\x82\x97\x00SUN*[\x8cet\x89\xc6\x98\
\x91e\x87N\xf6\xff\x0c\x8b\xf7R\xfe\x90\x09 \x1cT\
\x08^v\x89\xc6\x98\x91T\x8c\x97\xf3\x98\x91 \x1d0\
\x02\x08\x00\x00\x00\x00\x06\x00\x00\x00\xab\x22Merg\
e video and audi\
o\x22 is disabled. \
Video and audio \
will be download\
ed as two separa\
te files.\x0a\x0aTo ge\
t a single compl\
ete video file, \
please enable \x22M\
erge video and a\
udio\x22.\x07\x00\x00\x00\x11Media\
SettingsPage\x01\x03\x00\x00\
\x00\x5cN\xc5N\x0b\x8f}\x89\xc6\x98\x91mA\x5c\x06\
[\xfc\x81\xf4\x89\xc6\x98\x91l\xa1g\x09X\xf0\x97\xf3\
0\x02\x00\x0a\x00\x0aY\x82g\x9cxn[\x9e\x97\x00\
\x89\x81e\xe0X\xf0\x89\xc6\x98\x91\xff\x0cS\xef~\xe7\
~\xedd\xcdO\x5c\xff\x1bT&R\x19\x8b\xf7T\x0c\
e\xf6R\xfe\x90\x09\x97\xf3\x98\x91mA0\x02\x08\x00\
\x00\x00\x00\x06\x00\x00\x00\xa8Download\
ing video only w\
ill result in a \
silent video.\x0a\x0aI\
f you intentiona\
lly need a video\
 without audio, \
you may proceed.\
 Otherwise, plea\
se also enable t\
he audio stream.\
\x07\x00\x00\x00\x11MediaSettin\
gsPage\x01\x03\x00\x00\x00\x08\x91\xcd\x89\x81\
c\xd0y:\x08\x00\x00\x00\x00\x06\x00\x00\x00\x10Im\
portant Notice\x07\x00\
\x00\x00\x11MediaSettings\
Page\x01\x03\x00\x00\x00\x12\x8c\x03etQC\
epcnN\x0b\x8f}\x8b\xbe\x7fn\x08\x00\x00\x00\
\x00\x06\x00\x00\x00!Adjust met\
adata download s\
ettings\x07\x00\x00\x00\x13Meta\
dataSettingCard\x01\
\x03\x00\x00\x00\x0aN\x0b\x8f}QCepcn\x08\
\x00\x00\x00\x00\x06\x00\x00\x00\x11Downloa\
d Metadata\x07\x00\x00\x00\x13M\
etadataSettingCa\
rd\x01\x03\x00\x00\x00\x0eQCepcnN\x0b\
\x8f}\x8b\xbe\x7fn\x08\x00\x00\x00\x00\x06\x00\x00\x00\x1a\
Metadata Downloa\
d Settings\x07\x00\x00\x00\x13M\
etadataSettingCa\
rd\x01\x03\x00\x00\x00\x0aQCepcnh<\
_\x0f\x08\x00\x00\x00\x00\x06\x00\x00\x00\x0fMeta\
data Format\x07\x00\x00\x00\x13\
MetadataSettingC\
ard\x01\x03\x00\x00\x00\x10g\x09Qskd\x90\
\x09\x98yv\x84\x8b\xf4f\x0e\x08\x00\x00\x00\x00\x06\x00\
\x00\x00\x11About this op\
tion\x07\x00\x00\x00\x16Monitor\
ClipboardDialog\x01\
\x03\x00\x00\x00\x16\x81\xeaR\xa8f>y:N\x0b\x8f\
}xn\x8b\xa4[\xf9\x8b\xddhF\x08\x00\x00\x00\x00\
\x06\x00\x00\x00/Automatical\
ly Show Download\
 Confirmation Di\
alog\x07\x00\x00\x00\x16Monitor\
ClipboardDialog\x01\
\x03\x00\x00\x00\x04\x8b\xf4f\x0e\x08\x00\x00\x00\x00\x06\x00\
\x00\x00\x0cInstructions\x07\
\x00\x00\x00\x16MonitorClipb\
oardDialog\x01\x03\x00\x00\x00\x0a\
v\xd1c\xa7Rj\x8d4g\x7f\x08\x00\x00\x00\x00\x06\
\x00\x00\x00\x11Monitor Clip\
board\x07\x00\x00\x00\x16Monito\
rClipboardDialog\
\x01\x03\x00\x00\x00\x0eRj\x8d4g\x7fv\xd1c\xa7\
\x8b\xbe\x7fn\x08\x00\x00\x00\x00\x06\x00\x00\x00\x1aMo\
nitor Clipboard \
Settings\x07\x00\x00\x00\x16Mon\
itorClipboardDia\
log\x01\x03\x00\x00\x00\x14Qs\x00 \x00-\x00\
 N\x0dv\xd1c\xa7Rj\x8d4g\x7f\x08\x00\x00\
\x00\x00\x06\x00\x00\x00\x1eOff - Do \
not monitor clip\
board\x07\x00\x00\x00\x16Monito\
rClipboardDialog\
\x01\x03\x00\x00\x00\x14Qs\x00 \x00-\x00 N\x0d\
f>y:[\xf9\x8b\xddhF\x08\x00\x00\x00\x00\x06\
\x00\x00\x00\x1cOff - Do not\
 show the dialog\
\x07\x00\x00\x00\x16MonitorClip\
boardDialog\x01\x03\x00\x00\x00\
 _\x00\x00 \x00-\x00 _SY\x0dR6\x94\
\xfec\xa5e\xf6\x81\xeaR\xa8_\x00Y\xcb\x89\xe3g\
\x90\x08\x00\x00\x00\x00\x06\x00\x00\x006On - \
Automatically st\
art parsing when\
 a link is copie\
d\x07\x00\x00\x00\x16MonitorCli\
pboardDialog\x01\x03\x00\x00\
\x00\x1c_\x00\x00 \x00-\x00 \x89\xe3g\x90\x94\xfe\
c\xa5T\x0ef>y:[\xf9\x8b\xddhF\x08\x00\
\x00\x00\x00\x06\x00\x00\x00)On - Sho\
w the dialog aft\
er parsing a lin\
k\x07\x00\x00\x00\x16MonitorCli\
pboardDialog\x01\x03\x00\x00\
\x00xkdR\x9f\x80\xfd\x97\x00\x89\x81N\x0e\x00\x22\
\x81\xeaR\xa8\x90\x09N-N\x0b\x8f}\x98y\x8b\xbe\
\x7fn\x00\x22\x91MT\x08O\x7fu(0\x02T/\
u(T\x0e\xff\x0cY\x82g\x9c\x89\xe3g\x90[\x8c\
b\x10e\xf6R\x17\x88hN-l\xa1g\x09N\xfb\
OU\x88\xab\x90\x09N-v\x84\x98yv\xee\xff\x0c\
\x5c\x06N\x0dO\x1a_9Q\xfaN\x0b\x8f}xn\
\x8b\xa4[\xf9\x8b\xddhF0\x02\x08\x00\x00\x00\x00\x06\
\x00\x00\x00\xe3This feature\
 needs to be use\
d in conjunction\
 with the \x22Autom\
atic Download It\
em Selection Set\
tings\x22. When ena\
bled, if no item\
s are selected i\
n the list after\
 parsing is comp\
lete, the downlo\
ad confirmation \
dialog will not \
pop up.\x07\x00\x00\x00\x16Moni\
torClipboardDial\
og\x01\x03\x00\x00\x00\x04Qh\x90\x09\x08\x00\x00\x00\
\x00\x06\x00\x00\x00\x09Check All\x07\
\x00\x00\x00\x14MultiPartLis\
tsDialog\x01\x03\x00\x00\x00\x0cN\x0b\
\x8f}b@\x90\x09\x98yv\xee\x08\x00\x00\x00\x00\x06\
\x00\x00\x00\x17Download Sel\
ected Items\x07\x00\x00\x00\x14\
MultiPartListsDi\
alog\x01\x03\x00\x00\x00\x04e\xf6\x95\x7f\x08\x00\
\x00\x00\x00\x06\x00\x00\x00\x08Duration\
\x07\x00\x00\x00\x14MultiPartLi\
stsDialog\x01\x03\x00\x00\x00\x0cR\
\x06\x00P\x89\xc6\x98\x91R\x17\x88h\x08\x00\x00\x00\x00\
\x06\x00\x00\x00\x15Multi-part \
video list\x07\x00\x00\x00\x14M\
ultiPartListsDia\
log\x01\x03\x00\x00\x00\x04^\x8fS\xf7\x08\x00\x00\
\x00\x00\x06\x00\x00\x00\x03No.\x07\x00\x00\x00\x14M\
ultiPartListsDia\
log\x01\x03\x00\x00\x00\x04h\x07\x98\x98\x08\x00\x00\
\x00\x00\x06\x00\x00\x00\x05Title\x07\x00\x00\x00\
\x14MultiPartListsD\
ialog\x01\x03\x00\x00\x00P]\xf2\x90\x09b\
\xe9\x00 \x00{\x00s\x00e\x00l\x00e\x00c\x00\
t\x00e\x00d\x00_\x00c\x00o\x00u\x00n\x00\
t\x00}\x00 \x98y\xff\x0cQq\x00 \x00{\x00\
t\x00o\x00t\x00a\x00l\x00_\x00c\x00o\x00\
u\x00n\x00t\x00}\x00 \x98y\x08\x00\x00\x00\x00\
\x06\x00\x00\x00.{selected_c\
ount} selected, \
{total_count} to\
tal\x07\x00\x00\x00\x14MultiPar\
tListsDialog\x01\x03\x00\x00\
\x00\x22Qq\x00 \x00{\x00t\x00o\x00t\x00a\
\x00l\x00_\x00c\x00o\x00u\x00n\x00t\x00}\
\x00 \x98y\x08\x00\x00\x00\x00\x06\x00\x00\x00\x13{t\
otal_count} tota\
l\x07\x00\x00\x00\x14MultiPartL\
istsDialog\x01\x03\x00\x00\x00\x08\
T}T\x0d\x89\xc4R\x19\x08\x00\x00\x00\x00\x06\x00\x00\
\x00\x11Naming Convent\
ion\x07\x00\x00\x00\x1dMultiTyp\
eNamingConventio\
nCard\x01\x03\x00\x00\x00\x06N\x0dS\xefu\
(\x08\x00\x00\x00\x00\x06\x00\x00\x00\x0dNot a\
vailable\x07\x00\x00\x00\x1dMul\
tiTypeNamingConv\
entionCard\x01\x03\x00\x00\x00t\
g,k!N\x0b\x8f}S\x05T+Y\x1ay\xcd\
Q\x85[\xb9|{W\x8b\xff\x0c\x8b\xf7N:k\xcf\
y\xcd|{W\x8bR\x06R+\x90\x09b\xe9T}\
T\x0d\x89\xc4R\x190\x02Y\x82\x97\x00e\xb0X\x9e\
b\x16O\xeee9\x89\xc4R\x19\xff\x0c\x8b\xf7RM\
_\x80\x00 \x8b\xbe\x7fn\x00 !\x92\x00 e\x87\
N\xf6T}T\x0d\x00 !\x92\x00 T}T\x0d\
\x89\xc4R\x19\x08\x00\x00\x00\x00\x06\x00\x00\x00\x95Th\
is batch contain\
s multiple conte\
nt types, choose\
 a naming rule f\
or each. To add \
or edit rules, g\
o to Settings \xe2\x86\
\x92 File naming \xe2\x86\
\x92 Naming Convent\
ion\x07\x00\x00\x00\x1dMultiTyp\
eNamingConventio\
nCard\x01\x03\x00\x00\x03pN\xe5S\xef\x89\
\xc6S\x16e\xb9_\x0fd-^\xfav\xee_U~\
\xd3g\x84N\x0ee\x87N\xf6T\x0d\xff\x1ak\xcfN\
\x00\x88Lf/N\x00N*v\xee_U\x5cB~\
\xa7\xff\x0cg\x00T\x0eN\x00\x88Lf/e\x87N\
\xf6T\x0d0\x02\x00\x0a\x00\x0aW\xfag,u(l\
\xd5\xff\x1a\x00\x0a\x001\x00.\x00 k\xcfN\x00\x88\
Lu1\x82\xe5^rrGk\xb5~\xc4b\x10\xff\
\x0crGk\xb5\x89\x81NHf/N\x00N*S\
\xd8\x91\xcf\xff\x0c\x89\x81NHf/N\x00k\xb5~\
\xafe\x87[W0\x02\x00\x0a\x002\x00.\x00 p\
\xb9Q\xfbrGk\xb5S\xefN\xe5O\xeee9[\
\x83v\x84S\xd8\x91\xcf0\x01h<_\x0f0\x01R\
M\x7f\x00N\x0eT\x0e\x7f\x000\x02\x00\x0a\x003\x00\
.\x00 RM\x7f\x00N\x0eT\x0e\x7f\x00O\x1a\x96\
\x8fS\xd8\x91\xcfN\x00\x8dwm\x88Y10\x02N\
\x00ga\x89\xc4R\x19NKb@N\xe5\x80\xfdT\
\x0ce\xf6\x90\x02\x91MSU\x00PN\x0eY\x1a\x00\
P\x89\xc6\x98\x91\xff\x0c\x97`v\x84kcf/\x8f\
\xd9N\x00p\xb9\xff\x1aRM\x7f\x00Xk\x00  \
\x1c\x00P \x1d0\x01T\x0e\x7f\x00Xk\x00  \
\x1c\x00- \x1d\xff\x0cY\x1a\x00Pgav\xeeO\
\x1a_\x97R0\x00  \x1c\x00P\x000\x001\x00\
-R\x06\x00Ph\x07\x98\x98 \x1d\xff\x0c\x80\x0cS\
UN*\x89\xc6\x98\x91\x5c1S\xeaf/\x00  \
\x1ch\x07\x98\x98 \x1d0\x02\x00\x0a\x004\x00.\x00\
 Q\x85[\xb9N:zzv\x84v\xee_U\x5c\
BO\x1a\x88\xab\x81\xeaR\xa8w\x01ue\xff\x0cV\
\xe0kdN\x0d_\xc5b\x8a\x5cB~\xa7h\x07\x8b\
\xb0N:S\xef\x90\x090\x02\x00\x0a\x005\x00.\x00\
 bi\x5cUT\x0d\xff\x08\x00.\x00m\x00p\x00\
40\x01\x00.\x00m\x004\x00a\x00 {I\xff\
\x09u1z\x0b^\x8f\x81\xeaR\xa8\x88eQh\xff\
\x0cN\x0d\x89\x81Q\x99\x8f\xdb\x89\xc4R\x19\x91\xcc0\
\x02\x00\x0a\x00\x0a\x98\x84\x89\xc8O\x1ab\x8aT\x0cN\
\x00ga\x89\xc4R\x19R\x06R+YWu(R\
0SUN*\x89\xc6\x98\x910\x01R\x06\x00P\x89\
\xc6\x98\x91N\x0eT\x08\x96\xc6N\x0a^vc\x92f\
>y:\xff\x0ccnkdS\xefN\xe5w\x0bQ\
\xfaT\xeaN\x9brGk\xb5W(T\xeay\xcd`\
\xc5Q\xb5N\x0bO\x1ae6\x7f)0\x02\x00\x0a\x00\
\x0a\x9a\xd8~\xa7S:W\xdfN\xe5e\x87g,_\
b_\x0ff>y:\x89\xc4R\x190\x02W(\x90\
\xa3\x91\xcc\xff\x0c^&RM\x7f\x00b\x16T\x0e\x7f\
\x00v\x84rGk\xb5Q\x99O\x5cS\xef\x90\x09k\
\xb5\xff\x0cO\x8bY\x82\x00 \x00<\x00P\x00{\x00\
p\x00:\x000\x002\x00d\x00}\x00-\x00>\xff\
\x1bk\xb5Q\x85N\xfbN\x00S\xd8\x91\xcfS\xd6z\
zP<e\xf6\xff\x0cetk\xb5\x90\xfdO\x1a\x88\
\xabN\x22_\x030\x02 \x1c\x00< \x1d\x00 N\
\x0e\x00  \x1c\x00> \x1d\x00 f/N:k\
dO\xdduYv\x84[W{&\xff\x0c[\x83N\
\xecg,geN_N\x0d\x80\xfdQ\xfas\xb0W\
(e\x87N\xf6T\x0dN-0\x02\x00\x0a\x00\x0af\
\xf4Y\x1a\x9a\xd8~\xa7u(l\xd5\x8b\xf7S\xc2\x96\
\x05^.R\xa9e\x87hc0\x02\x08\x00\x00\x00\x00\
\x06\x00\x00\x04\xe5Build the f\
older structure \
and file name vi\
sually: each row\
 is one folder l\
evel, and the la\
st row is the fi\
le name.\x0a\x0aBasics\
:\x0a1. A row holds\
 a sequence of f\
ragments. A frag\
ment is either a\
 variable or a p\
iece of plain te\
xt.\x0a2. Click a f\
ragment to chang\
e its variable, \
format, prefix a\
nd suffix.\x0a3. A \
prefix or suffix\
 disappears toge\
ther with its va\
riable. This is \
what lets one ru\
le fit both sing\
le-part and mult\
i-part videos: w\
ith the prefix \x22\
P\x22 and the suffi\
x \x22-\x22, a multi-p\
art item becomes\
 \x22P01-Part Title\
\x22, while a singl\
e video is just \
\x22Title\x22.\x0a4. A fo\
lder level that \
ends up empty is\
 skipped automat\
ically, so there\
 is no need to m\
ark levels as op\
tional.\x0a5. File \
extensions (.mp4\
, .m4a, etc.) ar\
e added automati\
cally - don't in\
clude them.\x0a\x0aThe\
 preview shows t\
he same rule app\
lied to a single\
 video, a multi-\
part video and a\
 collection side\
 by side, so you\
 can see which f\
ragments collaps\
e in which case.\
\x0a\x0aThe advanced s\
ection shows the\
 rule as text. T\
here, a fragment\
 with a prefix o\
r suffix is writ\
ten as an option\
al segment, for \
example <P{p:02d\
}->. Everything \
inside is droppe\
d when any varia\
ble in it has no\
 value. \x22<\x22 and \
\x22>\x22 are reserved\
 for this purpos\
e and cannot app\
ear in file name\
s anyway.\x0a\x0aFor a\
dvanced usage, s\
ee the help docu\
mentation.\x07\x00\x00\x00\x11N\
AMING_RULE_GUIDE\
\x01\x03\x00\x00\x02xg,\x8b\xbe\x7fnO\x1a_q\
T\xcdT}T\x0d\x89\xc4R\x19N-\x00 \x00{\
\x00n\x00u\x00m\x00b\x00e\x00r\x00}\x00 \
S\xd8\x91\xcfv\x84S\xd6P<0\x02z\x0b^\x8f\
\x98\x84\x8b\xbev\x84T}T\x0d\x89\xc4R\x19\x91\xcc\
\x9e\xd8\x8b\xa4l\xa1g\x09R\xa0Qe\x00 \x00{\
\x00n\x00u\x00m\x00b\x00e\x00r\x00}\xff\x0c\
Y\x82g\x9c\x97\x00\x89\x81O\x7fu(\x7f\x16S\xf7\
\xff\x0c\x8b\xf7QHb\x8a[\x83m\xfbR\xa0R0\
T}T\x0d\x89\xc4R\x19N-0\x02\x00\x0a\x00\x0a\
 \x1c\x7f\x16S\xf7e\xb9_\x0f \x1dT\x04\x90\x09\
\x98yv\x84T+NIY\x82N\x0b\xff\x1a\x00\x0a\
\x001\x00.\x00 k\xcfbyk!N\xce\x001\
_\x00Y\xcb\x98z^\x8f\x7f\x16S\xf7\xff\x1ak\xcf\
k!_\x00Y\xcbe\xb0v\x84N\x0b\x8f}N\xfb\
R\xa1e\xf6\xff\x0c\x7f\x16S\xf7\x90\xfdO\x1aN\xce\
\x001_\x00Y\xcb\x91\xcde\xb0\x8b\xa1{\x970\x02\
\x90\x02T\x08c\x09byk!r\xecz\xcb\x7f\x16\
S\xf7v\x84W:fo0\x02\x00\x0a\x00\x0a\x002\
\x00.\x00 O\x7fu(\x89\xe3g\x90R\x17\x88h\
N-v\x84^\x8fS\xf7\xff\x1a\x7f\x16S\xf7v\xf4\
c\xa5l\xbfu(\x89\xe3g\x90R\x17\x88hN-\
v\x84OM\x7fn\xff\x0cN\x0dO\x1aV\xe0N:\
N\x0b\x8f}\x98z^\x8f\x80\x0ce9S\xd80\x02\
O\x8bY\x82\xff\x0cR\x17\x88hN-v\x84{,\
\x00 \x0030\x01\x0050\x01\x006\x00 \x98y\
\xff\x0c\x7f\x16S\xf7\x5c1R\x06R+f/\x00 \
\x0030\x01\x0050\x01\x0060\x02\x90\x02T\x08\
^\x0cg\x1b\x7f\x16S\xf7N\x0e\x89\xe3g\x90~\xd3\
g\x9cO\xddc\x01N\x00\x81\xf4v\x84W:fo\
0\x02\x00\x0a\x00\x0a\x003\x00.\x00 Qh\x5c@\
\x98z^\x8f\x7f\x16S\xf7\xff\x1ab@g\x09N\x0b\
\x8f}Q\x85[\xb9Qqu(N\x00YW\x8f\xde\
~\xed\x90\x12X\x9ev\x84\x7f\x16S\xf7\xff\x0cN\x0d\
S:R\x06|\xfbR\x17b\x16byk!0\x02\
O\x8bY\x82\xff\x0c_SRM]\xf2~\xcfN\x0b\
\x8f}R0\x00 \x005\xff\x0cN\x0bN\x00N*\
\x7f\x16S\xf7\x5c1f/\x00 \x0060\x02\x90\x02\
T\x08^\x0cg\x1bQh\x5c@O\xddc\x01\x8f\xde\
~\xed\x7f\x16S\xf7v\x84W:fo0\x02\x08\x00\
\x00\x00\x00\x06\x00\x00\x04@This set\
ting affects the\
 value of the {n\
umber} variable \
in the naming ru\
le. By default, \
the program\xe2\x80\x99s \
preset naming ru\
le does not incl\
ude {number}. If\
 you want to use\
 numbering, plea\
se add {number} \
to your naming r\
ule first.\x0a\x0aThe \
meaning of each \
\x22Numbering Mode\x22\
 option is as fo\
llows:\x0a1. Sequen\
tial numbering s\
tarting from 1 p\
er batch: Every \
time a new downl\
oad task begins,\
 numbering resta\
rts from 1. Suit\
able for scenari\
os where each ba\
tch should have \
independent numb\
ering.\x0a\x0a2. Use t\
he index from th\
e parsed list: T\
he numbering dir\
ectly reflects t\
he original posi\
tion in the pars\
ed list and won\xe2\
\x80\x99t change based\
 on download ord\
er. For example,\
 items at positi\
ons 3, 5, and 6 \
in the list will\
 be numbered 3, \
5, and 6 respect\
ively. Suitable \
when you want nu\
mbering to match\
 the parsing res\
ult exactly.\x0a\x0a3.\
 Global sequenti\
al numbering: Al\
l downloaded ite\
ms share a singl\
e continuously i\
ncrementing sequ\
ence, regardless\
 of series or ba\
tch. For example\
, if the last do\
wnloaded item wa\
s numbered 5, th\
e next one will \
be 6. Suitable f\
or maintaining a\
 globally contin\
uous numbering s\
equence.\x07\x00\x00\x00\x0fNUM\
BERING_GUIDE\x01\x03\x00\x00\
\x00V\x90\x09b\xe9N\x0b\x8f}e\xf6O\x7fu(\
v\x84T}T\x0d\x89\xc4R\x190\x02Y\x82\x97\x00\
e\xb0X\x9eb\x16O\xeee9\x89\xc4R\x19\xff\x0c\
\x8b\xf7RM_\x80\x00 \x8b\xbe\x7fn\x00 !\x92\
\x00 e\x87N\xf6T}T\x0d\x00 !\x92\x00 \
T}T\x0d\x89\xc4R\x19\x08\x00\x00\x00\x00\x06\x00\x00\
\x00zChoose the nam\
ing rule to use \
when downloading\
. To add or edit\
 rules, go to Se\
ttings \xe2\x86\x92 File \
naming \xe2\x86\x92 Namin\
g Convention\x07\x00\x00\x00\
\x14NamingConventio\
nCard\x01\x03\x00\x00\x00\x1ckd|{Z\
\x92OSN\x0de/c\x01\x81\xea[\x9aNIT\
}T\x0d\x89\xc4R\x19\x08\x00\x00\x00\x00\x06\x00\x00\x00\
<Custom naming r\
ules are not ava\
ilable for this \
type of media\x07\x00\x00\
\x00\x14NamingConventi\
onCard\x01\x03\x00\x00\x00\x08T}T\x0d\
\x89\xc4R\x19\x08\x00\x00\x00\x00\x06\x00\x00\x00\x11Na\
ming Convention\x07\
\x00\x00\x00\x14NamingConven\
tionCard\x01\x03\x00\x00\x00\x06N\x0d\
S\xefu(\x08\x00\x00\x00\x00\x06\x00\x00\x00\x0dNo\
t available\x07\x00\x00\x00\x14\
NamingConvention\
Card\x01\x03\x00\x00\x00\x12g\x09Qs\x7f\x16\
S\xf7\x8b\xbe\x7fnv\x84\x8b\xf4f\x0e\x08\x00\x00\x00\
\x00\x06\x00\x00\x00\x18About Numb\
ering Settings\x07\x00\
\x00\x00\x11NumberSetting\
Card\x01\x03\x00\x00\x00\x22\x91M\x7fn\x00 \
\x00{\x00n\x00u\x00m\x00b\x00e\x00r\x00}\
\x00 S\xd8\x91\xcfv\x84h<_\x0f\x08\x00\x00\x00\
\x00\x06\x00\x00\x000Configure \
how the {number}\
 variable is for\
matted\x07\x00\x00\x00\x11Numbe\
rSettingCard\x01\x03\x00\x00\
\x00\x16\x81\xea[\x9aNIQh\x5c@\x98z^\x8f\
\x8dwY\xcb\x7f\x16S\xf7\x08\x00\x00\x00\x00\x06\x00\x00\
\x00+Customize Glob\
al Sequential St\
arting Number\x07\x00\x00\
\x00\x11NumberSettingC\
ard\x01\x03\x00\x00\x00\x08\x81\xea[\x9aNI \
&\x08\x00\x00\x00\x00\x06\x00\x00\x00\x0cCusto\
mize\xe2\x80\xa6\x07\x00\x00\x00\x11Numb\
erSettingCard\x01\x03\x00\
\x00\x00\x10Qh\x5c@\x98z^\x8f\x8dwY\xcb\x7f\
\x16S\xf7\x08\x00\x00\x00\x00\x06\x00\x00\x00!Glo\
bal Sequential S\
tarting Number\x07\x00\
\x00\x00\x11NumberSetting\
Card\x01\x03\x00\x00\x00\x0cQh\x5c@\x98z\
^\x8f\x7f\x16S\xf7\x08\x00\x00\x00\x00\x06\x00\x00\x00\x1b\
Global sequentia\
l numbering\x07\x00\x00\x00\x11\
NumberSettingCar\
d\x01\x03\x00\x00\x00\x04\x8b\xf4f\x0e\x08\x00\x00\x00\x00\
\x06\x00\x00\x00\x0cInstruction\
s\x07\x00\x00\x00\x11NumberSett\
ingCard\x01\x03\x00\x00\x00\x08\x7f\x16S\
\xf7\x8b\xbe\x7fn\x08\x00\x00\x00\x00\x06\x00\x00\x00\x09N\
umbering\x07\x00\x00\x00\x11Num\
berSettingCard\x01\x03\
\x00\x00\x00\x08\x7f\x16S\xf7e\xb9_\x0f\x08\x00\x00\x00\
\x00\x06\x00\x00\x00\x0eNumbering \
Mode\x07\x00\x00\x00\x11NumberS\
ettingCard\x01\x03\x00\x00\x002\
\x90\x09b\xe9\x00 \x00{\x00n\x00u\x00m\x00b\
\x00e\x00r\x00}\x00 S\xd8\x91\xcfv\x84h<\
_\x0fS\x16e\xb9_\x0fT\x8c\x90\x12X\x9ee\xb9\
_\x0f\x08\x00\x00\x00\x00\x06\x00\x00\x00=Sele\
ct how the {numb\
er} variable is \
formatted and in\
cremented\x07\x00\x00\x00\x11Nu\
mberSettingCard\x01\
\x03\x00\x00\x00\x16k\xcfbyk!N\xce\x001_\
\x00Y\xcb\x98z^\x8f\x7f\x16S\xf7\x08\x00\x00\x00\x00\
\x06\x00\x00\x00.Sequential \
numbering starti\
ng from 1 per ba\
tch\x07\x00\x00\x00\x11NumberSe\
ttingCard\x01\x03\x00\x00\x002\x8b\
\xbe\x7fnQh\x5c@\x98z^\x8fv\x84\x8dwY\
\xcb\x7f\x16S\xf7\xff\x0c_SRMP<\xff\x1a\x00\
{\x00c\x00u\x00r\x00r\x00e\x00n\x00t\x00\
}\x08\x00\x00\x00\x00\x06\x00\x00\x009Set g\
lobal sequential\
 starting number\
. Current: {curr\
ent}\x07\x00\x00\x00\x11NumberS\
ettingCard\x01\x03\x00\x00\x00\x14\
O\x7fu(\x89\xe3g\x90R\x17\x88hN-v\x84\
^\x8fS\xf7\x08\x00\x00\x00\x00\x06\x00\x00\x00!Us\
e the index from\
 the parse list\x07\
\x00\x00\x00\x11NumberSettin\
gCard\x01\x03\x00\x00\x000xn[\x9a\x89\
\x81\x5c\x06b@g\x09\x8b\xbe\x7fn`bY\x0dN\
:\x9e\xd8\x8b\xa4P<T\x17\xff\x1fkdd\xcdO\
\x5ce\xe0l\xd5d\xa4\x95\x000\x02\x08\x00\x00\x00\x00\
\x06\x00\x00\x00bAre you sur\
e you want to re\
set all settings\
 to their defaul\
t values? This a\
ction cannot be \
undone.\x07\x00\x00\x00\x18Othe\
rAdvancedSetting\
Card\x01\x03\x00\x00\x00\x0c\x91M\x7fne\x87\
N\xf6\x8b\xbe\x7fn\x08\x00\x00\x00\x00\x06\x00\x00\x00\x14\
Config File Sett\
ings\x07\x00\x00\x00\x18OtherAd\
vancedSettingCar\
d\x01\x03\x00\x00\x00\x1a\x91M\x7fne\x87N\xf6\x00\
 \x00(\x00*\x00.\x00j\x00s\x00o\x00n\x00\
)\x08\x00\x00\x00\x00\x06\x00\x00\x00\x15Confi\
g Files (*.json)\
\x07\x00\x00\x00\x18OtherAdvanc\
edSettingCard\x01\x03\x00\
\x00\x00\x04\x91M\x7fn\x08\x00\x00\x00\x00\x06\x00\x00\x00\
\x09Configure\x07\x00\x00\x00\x18O\
therAdvancedSett\
ingCard\x01\x03\x00\x00\x00\x10\x91M\x7f\
nQvN\xd6\x9a\xd8~\xa7\x8b\xbe\x7fn\x08\x00\x00\
\x00\x00\x06\x00\x00\x00!Configure\
 other advanced \
settings\x07\x00\x00\x00\x18Oth\
erAdvancedSettin\
gCard\x01\x03\x00\x00\x00\x1c\x81\xea[\x9aN\
I\x00 \x00U\x00s\x00e\x00r\x00-\x00A\x00\
g\x00e\x00n\x00t\x08\x00\x00\x00\x00\x06\x00\x00\x00\
\x11Custom User-Age\
nt\x07\x00\x00\x00\x18OtherAdva\
ncedSettingCard\x01\
\x03\x00\x00\x00\x08\x81\xea[\x9aNI &\x08\x00\x00\
\x00\x00\x06\x00\x00\x00\x0cCustomize\
\xe2\x80\xa6\x07\x00\x00\x00\x18OtherAdv\
ancedSettingCard\
\x01\x03\x00\x00\x00\x08[\xfcQ\xfa\x91M\x7fn\x08\x00\
\x00\x00\x00\x06\x00\x00\x00\x0dExport C\
onfig\x07\x00\x00\x00\x18OtherA\
dvancedSettingCa\
rd\x01\x03\x00\x00\x00\x0c[\xfcQ\xfa\x91M\x7fn\
e\x87N\xf6\x08\x00\x00\x00\x00\x06\x00\x00\x00\x12Ex\
port Config File\
\x07\x00\x00\x00\x18OtherAdvanc\
edSettingCard\x01\x03\x00\
\x00\x00\x08[\xfcQe\x91M\x7fn\x08\x00\x00\x00\x00\
\x06\x00\x00\x00\x0dImport Conf\
ig\x07\x00\x00\x00\x18OtherAdva\
ncedSettingCard\x01\
\x03\x00\x00\x00\x0c[\xfcQe\x91M\x7fne\x87N\
\xf6\x08\x00\x00\x00\x00\x06\x00\x00\x00\x12Impor\
t Config File\x07\x00\x00\
\x00\x18OtherAdvancedS\
ettingCard\x01\x03\x00\x00\x00 \
[\xfcQe\x00/[\xfcQ\xfa\x91M\x7fne\x87\
N\xf6b\x16\x91\xcd\x7fnN:\x9e\xd8\x8b\xa4P<\
\x08\x00\x00\x00\x00\x06\x00\x00\x006Import\
/export configur\
ation files or r\
eset to defaults\
\x07\x00\x00\x00\x18OtherAdvanc\
edSettingCard\x01\x03\x00\
\x00\x00\x0cbS_\x00\x91M\x7fnv\xee_U\x08\
\x00\x00\x00\x00\x06\x00\x00\x00\x15Open Co\
nfig Directory\x07\x00\
\x00\x00\x18OtherAdvanced\
SettingCard\x01\x03\x00\x00\x00\
\x0cQvN\xd6\x9a\xd8~\xa7\x8b\xbe\x7fn\x08\x00\x00\
\x00\x00\x06\x00\x00\x00\x17Other Adv\
anced Settings\x07\x00\
\x00\x00\x18OtherAdvanced\
SettingCard\x01\x03\x00\x00\x00\
\x08\x91\xcd\x7fn\x91M\x7fn\x08\x00\x00\x00\x00\x06\x00\
\x00\x00\x0cReset Config\x07\
\x00\x00\x00\x18OtherAdvance\
dSettingCard\x01\x03\x00\x00\
\x002N:\x7fQ~\xdc\x8b\xf7lB\x8b\xbe\x7fn\
\x81\xea[\x9aNI\x00 \x00U\x00s\x00e\x00r\
\x00-\x00A\x00g\x00e\x00n\x00t\x00 [W\
{&N2\x08\x00\x00\x00\x00\x06\x00\x00\x003Se\
t a custom User-\
Agent string for\
 network request\
s\x07\x00\x00\x00\x18OtherAdvan\
cedSettingCard\x01\x03\
\x00\x00\x01B\x98\x84R\x06\x91Me\x87N\xf6zz\
\x95\xf4S\xefN\xe5c\xd0SGN\x0b\x8f}`'\
\x80\xfd\xff\x0c\x5c$Qvf/W(N\x0b\x8f}\
Y'e\x87N\xf6e\xf60\x02T/u(T\x0e\
\xff\x0cz\x0b^\x8fO\x1aW(N\x0b\x8f}_\x00\
Y\xcbRMQHN:e\x87N\xf6R\x06\x91M\
b@\x97\x00v\x84x\xc1v\xd8zz\x95\xf4\xff\x0c\
Q\xcf\x5c\x11N\x0b\x8f}\x8f\xc7z\x0bN-S\xcd\
Y\x0dbi\x5cUe\x87N\xf6^&gev\x84\
`'\x80\xfdc_\x80\x17\xff\x0c^v\x96MON\
x\xc1v\xd8x\x8erGS\x16v\x84_qT\xcd\
0\x02\x00\x0a\x00\x0al\xe8a\x0f\xff\x1aY\x82g\x9c\
N\x0b\x8f}\x8d\xef_\x84OMN\x8e\x00 \x00U\
\x00 v\xd8{IY\x16\x90\xe8[XP\xa8\x8b\xbe\
Y\x07N\x0a\xff\x0cN\x14e\x87N\xf6|\xfb~\xdf\
N\x0de/c\x01z\x00u\x8fe\x87N\xf6\xff\x08\
O\x8bY\x82\x00 \x00F\x00A\x00T\x003\x002\
0\x01\x00e\x00x\x00F\x00A\x00T\xff\x09\xff\x0c\
\x8b\xf7Qs\x95\xedkdR\x9f\x80\xfd\xff\x0cT&\
R\x19S\xef\x80\xfd[\xfc\x81\xf4z\x0b^\x8fe\xe0\
T\xcd^\x940\x02\x08\x00\x00\x00\x00\x06\x00\x00\x02\x15\
Preallocating fi\
le space can imp\
rove download pe\
rformance, espec\
ially for large \
files. When enab\
led, the program\
 will allocate t\
he required disk\
 space before th\
e download start\
s, reducing perf\
ormance overhead\
 caused by repea\
tedly expanding \
the file during \
download and min\
imizing disk fra\
gmentation.\x0a\x0aNot\
e: If the downlo\
ad path is on an\
 external storag\
e device such as\
 a USB drive, an\
d the file syste\
m does not suppo\
rt sparse files \
(e.g., FAT32 or \
exFAT), please d\
isable this feat\
ure\xe2\x80\x94otherwise,\
 the program may\
 become unrespon\
sive.\x07\x00\x00\x00\x11PREALL\
OCATE_GUIDE\x01\x03\x00\x00\x01\
\x1az\x0b^\x8fO\x1ac\x09qg\x8b\xbe\x7fnv\
\x84O\x18QH~\xa7\x98z^\x8fO\x9dk!\x5c\
\x1d\x8b\xd5N\x0b\x8f}0\x02g\x00~\xc8\x80\xfdN\
\x0b\x8f}R0v\x84u;\x8d(0\x01\x97\xf3\x8d\
(b\x16\x7f\x16x\x01N\xcdS\xd6Q\xb3N\x8e\x89\
\xc6\x98\x91g,\x8e\xab\xff\x0cO\x18QH~\xa7S\
\xeaQ\xb3[\x9aY\x1aN*S\xef\x90\x09\x98yN\
-QH\x90\x09b\xe9T\xeaN\x00N*0\x02\x00\
\x0a\x00\x0aO\x8bY\x82\x5c\x06u;\x8d(O\x18Q\
H~\xa7\x8b\xbe\x7fnN:\x00 \x007\x002\x00\
0\x00P\x00 \x00>\x00 \x001\x000\x008\x00\
0\x00P\x00 \x00>\x00 \x004\x00K\x00 e\
\xf6\xff\x0cz\x0b^\x8fO\x1aQH\x5c\x1d\x8b\xd5N\
\x0b\x8f}\x00 \x007\x002\x000\x00P\x00 u\
;\x8d(\xff\x1bY\x82g\x9c\x00 \x007\x002\x00\
0\x00P\x00 N\x0dS\xefu(\xff\x0cQ\x8dO\
\x9dk!\x5c\x1d\x8b\xd5\x00 \x001\x000\x008\x00\
0\x00P0\x01\x004\x00K0\x02\x08\x00\x00\x00\x00\
\x06\x00\x00\x01\xdeThe program\
 will attempt do\
wnloads in the o\
rder of your con\
figured priority\
. The actual vid\
eo quality, audi\
o quality, or co\
dec you can down\
load still depen\
ds on what is av\
ailable in the v\
ideo itself\xe2\x80\x94pr\
iority only dete\
rmines which opt\
ion is tried fir\
st among multipl\
e available choi\
ces.\x0a\x0aFor exampl\
e, if you set th\
e video quality \
priority to 720P\
 > 1080P > 4K, t\
he program will \
first try to dow\
nload 720P; if 7\
20P is unavailab\
le, it will then\
 try 1080P and t\
hen 4K in sequen\
ce.\x07\x00\x00\x00\x0ePRIORITY\
_GUIDE\x01\x03\x00\x00\x03&\x00<\x00h\
\x00t\x00m\x00l\x00>g,\x8foN\xf6f/\
N\x00k>g,W0hL\x97b^\x94u(\
z\x0b^\x8f0\x02\x00<\x00b\x00>[\x83N\x0d\
O\x1ae6\x96\xc60\x01R\x06g\x90`\xa8v\x84\
mO\x89\xc8\x88LN:0\x01N\x0b\x8f}S\x86\
S\xf2{IN\xfbOUO\x7fu(epcn\
\xff\x0cN_N\x0dO\x1a\x5c\x06QvN\x0aO \
~\xd9_\x00S\xd1\x80\x05b\x16N\xfbOU{,\
N\x09e\xb90\x02\x00<\x00/\x00b\x00>\x00\x0a\
\x00<\x00b\x00r\x00>\x00<\x00b\x00r\x00>\
\x00\x0a\x90\x1a\x8f\xc7`\xa8\x81\xea]\xf1v\x84T\xd4\
T\xe9T\xd4T\xe9\x8d&S\xf7\x83\xb7S\xd6v\x84\
v{_UQ\xed\x8b\xc1\xff\x08\x00C\x00o\x00o\
\x00k\x00i\x00e\xff\x09\x00<\x00b\x00>N\xc5\
O\xdd[XW(`\xa8g,W0\x8b\xbeY\x07\
N\x0a\x00<\x00/\x00b\x00>\xff\x0cN\x14N\xc5\
u(N\x8e\x8b\xbf\x95\xee`\xa8g\x09gC\x8b\xbf\
\x95\xeev\x84Q\x85[\xb90\x02N\x0b\x8f}N\xfb\
R\xa10\x01z\x0b^\x8f\x8b\xbe\x7fnN\x0ee\xe5\
_\xd7T\x0ch7S\xeaO\xdd[XW(`\xa8\
\x8b\xbeY\x07g,W0v\x84e\x87N\xf6N-\
\xff\x0cN\x0dO\x1a\x88\xabO \x8f\x93\x81\xf3Qv\
N\xd6N\xfbOUW0e\xb90\x02\x00\x0a\x00<\
\x00b\x00r\x00>\x00<\x00b\x00r\x00>\x00\x0a\
W(\x89\xe3g\x90b\x16N\x0b\x8f}Q\x85[\xb9\
e\xf6\xff\x0cg,\x8foN\xf6O\x1aO\x7fu(\
`\xa8g,W0v\x84v{_UQ\xed\x8b\xc1\
v\xf4c\xa5N\x0eT\xd4T\xe9T\xd4T\xe9\x81\xea\
\x8e\xabv\x84g\x0dR\xa1Vh\x90\x1aO\xe1\xff\x0c\
\x8b\xe5\x90\xe8R\x06mA\x91\xcf\x90\x02u(T\xd4\
T\xe9T\xd4T\xe9\x81\xea\x8e\xabv\x84\x96\x90y\xc1\
e?{V\xff\x0cN\x0dW(g,e?{V\
~\xa6g_\x83\x03V\xf4Q\x850\x02g,\x8fo\
N\xf6S\xd1\x90\x01~\xd9{,N\x09e\xb9v\x84\
epcnN\xc5g\x09d\xcdO\x5c|\xfb~\xdf\
^sS\xf0N\x0erHg,S\xf7\xff\x0cu(\
N\x8eh\xc0g\xe5f\xf4e\xb0e\xf6\x8b\xf7lB\
f\xf4e\xb0g\x0dR\xa1 \x14 \x14\x00<\x00b\
\x00>QvN-N\x0dS\x05T+N\xfbOU\
S\xefu(N\x8e\x8b\xc6R+`\xa8N*N\xba\
\x8e\xabN\xfdv\x84O\xe1`o0\x02\x00<\x00/\
\x00b\x00>\x00\x0a\x00<\x00b\x00r\x00>\x00<\
\x00b\x00r\x00>\x00\x0ag,\x8foN\xf6N\x0d\
T+N\xfbOU_b_\x0fv\x84^\x7fTJ\
0\x01\x8f\xfd\x8e*Vhb\x16epcn~\xdf\
\x8b\xa1\x00 \x00S\x00D\x00K0\x02\x82\xe5g,\
e?{VW(T\x0e~\xedrHg,N-\
S\xd1u\x1fS\xd8S\x16\xff\x0cf\xf4e\xb0T\x0e\
v\x84Q\x85[\xb9\x5c\x06W(kdY\x04\x5cU\
y:0\x02\x00<\x00/\x00h\x00t\x00m\x00l\
\x00>\x08\x00\x00\x00\x00\x06\x00\x00\x04\x84<htm\
l>This software \
is a local deskt\
op application. \
<b>It does not c\
ollect, analyze,\
 or upload your \
browsing behavio\
r, download hist\
ory, or any othe\
r usage data to \
the developer or\
 any third party\
.</b>\x0a<br><br>\x0aL\
ogin credentials\
 (cookies) obtai\
ned through your\
 own Bilibili ac\
count are <b>sto\
red only on your\
 local device</b\
> and are used s\
olely to access \
content you are \
authorized to vi\
ew. Download tas\
ks, application \
settings, and lo\
gs are likewise \
saved only in lo\
cal files on you\
r device and are\
 never transmitt\
ed elsewhere.\x0a<b\
r><br>\x0aWhen pars\
ing or downloadi\
ng content, this\
 software commun\
icates directly \
with Bilibili's \
own servers usin\
g your local cre\
dentials; that t\
raffic is subjec\
t to Bilibili's \
own privacy poli\
cy, not this one\
. The only data \
sent to a third \
party is the ope\
rating system pl\
atform and versi\
on number, trans\
mitted to the up\
date-check servi\
ce when this sof\
tware checks for\
 new versions \xe2\x80\
\x94 <b>no personal\
ly identifiable \
information is i\
ncluded.</b>\x0a<br\
><br>\x0aThis softw\
are contains no \
advertisements, \
trackers, or ana\
lytics SDKs of a\
ny kind. If this\
 policy changes \
in a future vers\
ion, the updated\
 text will be sh\
own here.</html>\
\x07\x00\x00\x00\x0ePRIVACY_POL\
ICY\x01\x03\x00\x00\x00\x0c\x81\xeaR\xa8\x89\xe3g\
\x90R\x06\x98u\x08\x00\x00\x00\x00\x06\x00\x00\x00\x15A\
uto-parse pagina\
tion\x07\x00\x00\x00\x05Pager\x01\x03\
\x00\x00\x00\x08e\xe0eH\x98ux\x01\x08\x00\x00\x00\
\x00\x06\x00\x00\x00\x13Invalid pa\
ge number\x07\x00\x00\x00\x05Pa\
ger\x01\x03\x00\x00\x00\x0a\x8d\xf3\x8flR0\x98\
u\x97b\x08\x00\x00\x00\x00\x06\x00\x00\x00\x0cJum\
p to page\x07\x00\x00\x00\x05Pa\
ger\x01\x03\x00\x00\x00\x06N\x0bN\x00\x98u\x08\
\x00\x00\x00\x00\x06\x00\x00\x00\x09Next pa\
ge\x07\x00\x00\x00\x05Pager\x01\x03\x00\x00\
\x006\x8b\xf7\x8f\x93QeN\x00N*N\xcbN\x8e\
\x001T\x8c\x00{\x00t\x00o\x00t\x00a\x00l\
\x00_\x00p\x00a\x00g\x00e\x00s\x00}NK\
\x95\xf4v\x84ep[W\x08\x00\x00\x00\x00\x06\x00\x00\
\x001Please enter a\
 number between \
1 and {total_pag\
es}\x07\x00\x00\x00\x05Pager\x01\x03\x00\
\x00\x00\x06N\x0aN\x00\x98u\x08\x00\x00\x00\x00\x06\x00\
\x00\x00\x0dPrevious page\
\x07\x00\x00\x00\x05Pager\x01\x03\x00\x00\x00F\
Qq\x00 \x00{\x00t\x00o\x00t\x00a\x00l\
\x00_\x00p\x00a\x00g\x00e\x00s\x00}\x00 \
\x98u\x00 \x00/\x00 \x00{\x00t\x00o\x00t\
\x00a\x00l\x00_\x00i\x00t\x00e\x00m\x00s\
\x00}\x00 N*\x08\x00\x00\x00\x00\x06\x00\x00\x00)\
{total_pages} to\
tal / {total_ite\
ms} items\x07\x00\x00\x00\x05Pa\
ger\x01\x03\x00\x00\x00\x04\x89\xe3g\x90\x08\x00\x00\
\x00\x00\x06\x00\x00\x00\x05Parse\x07\x00\x00\x00\
\x11ParseActionWidg\
et\x01\x03\x00\x00\x00\x04d\xcdO\x5c\x08\x00\x00\x00\
\x00\x06\x00\x00\x00\x07Actions\x07\x00\x00\
\x00\x12ParseHistoryDi\
alog\x01\x03\x00\x00\x00\x08n\x05\x96d\x8b\xb0\
_U\x08\x00\x00\x00\x00\x06\x00\x00\x00\x0dClea\
r History\x07\x00\x00\x00\x12Pa\
rseHistoryDialog\
\x01\x03\x00\x00\x00\x04^\x8fS\xf7\x08\x00\x00\x00\x00\x06\
\x00\x00\x00\x03No.\x07\x00\x00\x00\x12Pars\
eHistoryDialog\x01\x03\
\x00\x00\x00\x1aN\xc5O\xdduYg\x00\x8f\xd1\x00 \
\x001\x000\x000\x00 ga\x8b\xb0_U\x08\x00\
\x00\x00\x00\x06\x00\x00\x00%Only the\
 latest 100 reco\
rds are kept.\x07\x00\x00\
\x00\x12ParseHistoryDi\
alog\x01\x03\x00\x00\x00\x08\x89\xe3g\x90\x8b\xb0\
_U\x08\x00\x00\x00\x00\x06\x00\x00\x00\x0dPars\
e History\x07\x00\x00\x00\x12Pa\
rseHistoryDialog\
\x01\x03\x00\x00\x00\x08\x89\xe3g\x90e\xf6\x95\xf4\x08\x00\
\x00\x00\x00\x06\x00\x00\x00\x0aParse Ti\
me\x07\x00\x00\x00\x12ParseHist\
oryDialog\x01\x03\x00\x00\x00\x04h\
\x07\x98\x98\x08\x00\x00\x00\x00\x06\x00\x00\x00\x05Tit\
le\x07\x00\x00\x00\x12ParseHist\
oryDialog\x01\x03\x00\x00\x00\x04|\
{W\x8b\x08\x00\x00\x00\x00\x06\x00\x00\x00\x04Typ\
e\x07\x00\x00\x00\x12ParseHisto\
ryDialog\x01\x03\x00\x00\x00\x0c\x81\xea\
R\xa8\x89\xe3g\x90R\x06\x98u\x08\x00\x00\x00\x00\x06\
\x00\x00\x00\x15Auto-parse P\
agination\x07\x00\x00\x00\x0ePa\
rseInterface\x01\x03\x00\x00\
\x00\x08by\x91\xcf\x89\xe3g\x90\x08\x00\x00\x00\x00\x06\
\x00\x00\x00\x0bBatch Parse\x07\
\x00\x00\x00\x0eParseInterfa\
ce\x01\x03\x00\x00\x00\x08by\x91\xcf\x90\x09b\xe9\
\x08\x00\x00\x00\x00\x06\x00\x00\x00\x0cBatch \
Select\x07\x00\x00\x00\x0eParse\
Interface\x01\x03\x00\x00\x00\x1ep\
\xb9Q\xfbkdY\x04S\xef\x8f\xdb\x88L\x81\xeaR\
\xa8\x89\xe3g\x90R\x06\x98ud\xcdO\x5c\x08\x00\x00\
\x00\x00\x06\x00\x00\x00,Click her\
e to automatical\
ly parse all pag\
es.\x07\x00\x00\x00\x0eParseInt\
erface\x01\x03\x00\x00\x00\x08N\x0b\x8f}\
\x90\x09\x98y\x08\x00\x00\x00\x00\x06\x00\x00\x00\x10Do\
wnload Options\x07\x00\
\x00\x00\x0eParseInterfac\
e\x01\x03\x00\x00\x00\x0cN\x0b\x8f}b@\x90\x09\x98\
yv\xee\x08\x00\x00\x00\x00\x06\x00\x00\x00\x17Dow\
nload Selected I\
tems\x07\x00\x00\x00\x0eParseIn\
terface\x01\x03\x00\x00\x00P\x94\xfec\
\xa5\x00 \x00/\x00 \x00a\x00v\x00 \x00/\x00\
 \x00B\x00V\x00 \x00/\x00 \x00e\x00p\x00\
 \x00/\x00 \x00s\x00s\x00 \x00/\x00 \x00\
m\x00d\x00 \x00/\x00 e6\x85\xcfY9\x00\
 \x00/\x00 N*N\xbazz\x95\xf4\x08\x00\x00\
\x00\x00\x06\x00\x00\x003Link / av\
 / BV / ep / ss \
/ md / Favorites\
 / Profile\x07\x00\x00\x00\x0eP\
arseInterface\x01\x03\x00\
\x00\x00\x04\x89\xe3g\x90\x08\x00\x00\x00\x00\x06\x00\x00\x00\
\x05Parse\x07\x00\x00\x00\x0eParse\
Interface\x01\x03\x00\x00\x00\x08\x89\
\xe3g\x90Y1\x8d%\x08\x00\x00\x00\x00\x06\x00\x00\x00\
\x0cParse Failed\x07\x00\x00\
\x00\x0eParseInterface\
\x01\x03\x00\x00\x00\x08\x89\xe3g\x90\x8b\xb0_U\x08\x00\
\x00\x00\x00\x06\x00\x00\x00\x0fParsing \
History\x07\x00\x00\x00\x0ePars\
eInterface\x01\x03\x00\x00\x00\x0a\
|\x98\x8d4^v\x89\xe3g\x90\x08\x00\x00\x00\x00\x06\
\x00\x00\x00\x0fPaste and Pa\
rse\x07\x00\x00\x00\x0eParseInt\
erface\x01\x03\x00\x00\x00\x04d\x1c}\x22\
\x08\x00\x00\x00\x00\x06\x00\x00\x00\x06Search\
\x07\x00\x00\x00\x0eParseInterf\
ace\x01\x03\x00\x00\x00.]\xf2\x8d\xf3\x8f\xc7\x91\
\xcdY\x0dN\x0b\x8f}v\x84N\xfbR\xa1\xff\x1a\x00\
{\x00t\x00a\x00s\x00k\x00_\x00t\x00i\x00\
t\x00l\x00e\x00}\x08\x00\x00\x00\x00\x06\x00\x00\x00\
(Skipped duplica\
te download: {ta\
sk_title}\x07\x00\x00\x00\x0ePa\
rseInterface\x01\x03\x00\x00\
\x00r\x00{\x00c\x00a\x00t\x00e\x00g\x00o\
\x00r\x00y\x00_\x00n\x00a\x00m\x00e\x00}\
\xff\x08]\xf2\x90\x09b\xe9\x00 \x00{\x00s\x00e\
\x00l\x00e\x00c\x00t\x00e\x00d\x00_\x00c\
\x00o\x00u\x00n\x00t\x00}\x00 \x98y\xff\x0c\
Qq\x00 \x00{\x00t\x00o\x00t\x00a\x00l\
\x00_\x00c\x00o\x00u\x00n\x00t\x00}\x00 \
\x98y\xff\x09\x08\x00\x00\x00\x00\x06\x00\x00\x00@{c\
ategory_name} ({\
selected_count} \
selected, {total\
_count} total)\x07\x00\
\x00\x00\x0eParseInterfac\
e\x01\x03\x00\x00\x00D\x00{\x00c\x00a\x00t\x00\
e\x00g\x00o\x00r\x00y\x00_\x00n\x00a\x00\
m\x00e\x00}\xff\x08Qq\x00 \x00{\x00t\x00\
o\x00t\x00a\x00l\x00_\x00c\x00o\x00u\x00\
n\x00t\x00}\x00 \x98y\xff\x09\x08\x00\x00\x00\x00\
\x06\x00\x00\x00%{category_n\
ame} ({total_cou\
nt} total)\x07\x00\x00\x00\x0eP\
arseInterface\x01\x03\x00\
\x00\x00\x0eT/u(N\xa4f\xff\x88L\x98\x9c\x82\
r\x08\x00\x00\x00\x00\x06\x00\x00\x00\x1bEnabl\
e alternate row \
colors\x07\x00\x00\x00\x17Parse\
ListSettingsDial\
og\x01\x03\x00\x00\x00\x0c\x89\xe3g\x90R\x17\x88h\
\x8b\xbe\x7fn\x08\x00\x00\x00\x00\x06\x00\x00\x00\x13Pa\
rse List Setting\
s\x07\x00\x00\x00\x17ParseListS\
ettingsDialog\x01\x03\x00\
\x00\x00\x1e\x90\x09b\xe9\x89\x81f>y:v\x84R\
\x17^vb\xd6R\xa8N\xe5\x8c\x03et\x98z^\
\x8f\x08\x00\x00\x00\x00\x06\x00\x00\x00-Selec\
t columns to dis\
play and drag to\
 reorder\x07\x00\x00\x00\x17Par\
seListSettingsDi\
alog\x01\x03\x00\x00\x00\x0ef>y:`\xac\
mnT}N\xe4h\x0f\x08\x00\x00\x00\x00\x06\x00\x00\
\x00\x19Show floating \
command bar\x07\x00\x00\x00\x17\
ParseListSetting\
sDialog\x01\x03\x00\x00\x00\x04Qh\x90\
\x09\x08\x00\x00\x00\x00\x06\x00\x00\x00\x09Check\
 All\x07\x00\x00\x00\x0dParseTr\
eeView\x01\x03\x00\x00\x00\x04R\xfe\x90\x09\
\x08\x00\x00\x00\x00\x06\x00\x00\x00\x0aCheck \
Item\x07\x00\x00\x00\x0dParseTr\
eeView\x01\x03\x00\x00\x00\x04Y\x0dR6\
\x08\x00\x00\x00\x00\x06\x00\x00\x00\x04Copy\x07\x00\
\x00\x00\x0dParseTreeView\
\x01\x03\x00\x00\x00\x0eN\x0b\x8f}N:SUN*\
\x89\xc6\x98\x91\x08\x00\x00\x00\x00\x06\x00\x00\x00\x18Do\
wnload as Single\
 Video\x07\x00\x00\x00\x0dParse\
TreeView\x01\x03\x00\x00\x00\x06QC\
epcn\x08\x00\x00\x00\x00\x06\x00\x00\x00\x08Me\
tadata\x07\x00\x00\x00\x0dParse\
TreeView\x01\x03\x00\x00\x00\x0eW(\
mO\x89\xc8VhN-bS_\x00\x08\x00\x00\x00\
\x00\x06\x00\x00\x00\x0fOpen in Br\
owser\x07\x00\x00\x00\x0dParseT\
reeView\x01\x03\x00\x00\x00\x08\x89\xe3g\
\x90kd\x98y\x08\x00\x00\x00\x00\x06\x00\x00\x00\x0fP\
arse this item\x07\x00\
\x00\x00\x0dParseTreeView\
\x01\x03\x00\x00\x00\x04S\xcd\x90\x09\x08\x00\x00\x00\x00\x06\
\x00\x00\x00\x07Reverse\x07\x00\x00\x00\x0d\
ParseTreeView\x01\x03\x00\
\x00\x00\x08S\xd6m\x88Qh\x90\x09\x08\x00\x00\x00\x00\
\x06\x00\x00\x00\x0bUncheck All\
\x07\x00\x00\x00\x0dParseTreeVi\
ew\x01\x03\x00\x00\x00\x08S\xd6m\x88R\xfe\x90\x09\
\x08\x00\x00\x00\x00\x06\x00\x00\x00\x0cUnchec\
k Item\x07\x00\x00\x00\x0dParse\
TreeView\x01\x03\x00\x00\x00\x0cf\xf4\
e\xb0Z\x92OSO\xe1`o\x08\x00\x00\x00\x00\x06\
\x00\x00\x00\x11Update Media\
 Info\x07\x00\x00\x00\x0dParseT\
reeView\x01\x03\x00\x00\x00\x08g\xe5w\
\x0b\x5c\x01\x97b\x08\x00\x00\x00\x00\x06\x00\x00\x00\x0aV\
iew Cover\x07\x00\x00\x00\x0dPa\
rseTreeView\x01\x03\x00\x00\x00\
\x0ag\xe5w\x0bQCepcn\x08\x00\x00\x00\x00\
\x06\x00\x00\x00\x0dView Metada\
ta\x07\x00\x00\x00\x0dParseTree\
View\x01\x03\x00\x00\x00\x10g\xe5w\x0bR\x06\
\x00P\x89\xc6\x98\x91R\x17\x88h\x08\x00\x00\x00\x00\x06\
\x00\x00\x00\x1aView Multi-p\
art Video List\x07\x00\
\x00\x00\x0dParseTreeView\
\x01\x03\x00\x00\x00\x12\x81\xeaR\xa8\x90\x09b\xe9N\x0b\
\x8f}\x98y\x8b\xbe\x7fn\x08\x00\x00\x00\x00\x06\x00\x00\
\x00#Auto-select Do\
wnload Items Set\
tings\x07\x00\x00\x00\x12Parsin\
gSettingCard\x01\x03\x00\x00\
\x00&\x91M\x7fnRj\x8d4g\x7fv\xd1c\xa7\
0\x01\x89\xe3g\x90S\x86S\xf2T\x8c\x89\xe3g\x90\
R\x17\x88h\x90\x09\x98y\x08\x00\x00\x00\x00\x06\x00\x00\
\x00EConfigure clip\
board monitoring\
, parse history,\
 and parse list \
options\x07\x00\x00\x00\x12Pars\
ingSettingCard\x01\x03\
\x00\x00\x00&\x91M\x7fn\x89\xe3g\x90T\x0eY\x82\
OU\x81\xeaR\xa8\x90\x09b\xe9\x89\xe3g\x90R\x17\
\x88hN-v\x84\x98yv\xee\x08\x00\x00\x00\x00\x06\
\x00\x00\x00NConfigure ho\
w items in the p\
arse list are au\
tomatically sele\
cted after parsi\
ng\x07\x00\x00\x00\x12ParsingSe\
ttingCard\x01\x03\x00\x00\x00\x12\x91\
M\x7fnRj\x8d4g\x7fv\xd1c\xa7\x88LN\
:\x08\x00\x00\x00\x00\x06\x00\x00\x00.Confi\
gure the behavio\
r of clipboard m\
onitoring\x07\x00\x00\x00\x12Pa\
rsingSettingCard\
\x01\x03\x00\x00\x00\x06\x8b\xbe\x7fn &\x08\x00\x00\x00\
\x00\x06\x00\x00\x00\x0cConfigure\xe2\
\x80\xa6\x07\x00\x00\x00\x12ParsingSe\
ttingCard\x01\x03\x00\x00\x00\x1a\x81\
\xea[\x9aNI\x89\xe3g\x90R\x17\x88hv\x84f\
>y:T\x8c\x88LN:\x08\x00\x00\x00\x00\x06\x00\
\x00\x004Customize the\
 display and beh\
avior of the par\
se list\x07\x00\x00\x00\x12Pars\
ingSettingCard\x01\x03\
\x00\x00\x00\x0eRj\x8d4g\x7fv\xd1c\xa7\x8b\xbe\
\x7fn\x08\x00\x00\x00\x00\x06\x00\x00\x00\x1aMoni\
tor Clipboard Se\
ttings\x07\x00\x00\x00\x12Parsi\
ngSettingCard\x01\x03\x00\
\x00\x00\x0c\x89\xe3g\x90R\x17\x88h\x8b\xbe\x7fn\x08\
\x00\x00\x00\x00\x06\x00\x00\x00\x13Parse L\
ist Settings\x07\x00\x00\x00\
\x12ParsingSettingC\
ard\x01\x03\x00\x00\x00\x08\x89\xe3g\x90\x8b\xbe\x7f\
n\x08\x00\x00\x00\x00\x06\x00\x00\x00\x10Parsi\
ng Settings\x07\x00\x00\x00\x12\
ParsingSettingCa\
rd\x01\x03\x00\x00\x00\x0cO\xdd[X\x89\xe3g\x90\
\x8b\xb0_U\x08\x00\x00\x00\x00\x06\x00\x00\x00\x12Sa\
ve Parse History\
\x07\x00\x00\x00\x12ParsingSett\
ingCard\x01\x03\x00\x00\x00\x18O\xdd[\
X]\xf2\x89\xe3g\x90\x94\xfec\xa5v\x84S\x86S\
\xf2\x8b\xb0_U\x08\x00\x00\x00\x00\x06\x00\x00\x00 S\
ave the history \
of parsed links\x07\
\x00\x00\x00\x12ParsingSetti\
ngCard\x01\x03\x00\x00\x00\x06_:\x8c\x03\
\x82r\x08\x00\x00\x00\x00\x06\x00\x00\x00\x0cAcce\
nt Color\x07\x00\x00\x00\x13Per\
sonalizationCard\
\x01\x03\x00\x00\x000^\x94u(SJ\x90\x0ff\x0e\
N\x91k\xcdeHg\x9c\xff\x08N\xc5\x96P\x00 \
\x00W\x00i\x00n\x00d\x00o\x00w\x00s\x00 \
\x001\x001\xff\x09\x08\x00\x00\x00\x00\x06\x00\x00\x00/\
Apply translucen\
t Mica effect (W\
indows 11 only)\x07\
\x00\x00\x00\x13Personalizat\
ionCard\x01\x03\x00\x00\x00\x08\x90\x09b\
\xe9\x98\x9c\x82r\x08\x00\x00\x00\x00\x06\x00\x00\x00\x0cC\
hoose color\x07\x00\x00\x00\x13\
PersonalizationC\
ard\x01\x03\x00\x00\x00\x1c\x81\xea[\x9aNI^\
\x94u(z\x0b^\x8fN-O\x7fu(v\x84_\
:\x8c\x03\x82r\x08\x00\x00\x00\x00\x06\x00\x00\x002C\
ustomize the acc\
ent color used i\
n the applicatio\
n\x07\x00\x00\x00\x13Personaliz\
ationCard\x01\x03\x00\x00\x00\x1e\x81\
\xea[\x9aNI^\x94u(N;\x98\x980\x01\x98\
\x9c\x82rT\x8c\x89\xc6\x89\xc9eHg\x9c\x08\x00\x00\
\x00\x00\x06\x00\x00\x003Customize\
 the app theme, \
colors, and visu\
al effects\x07\x00\x00\x00\x13P\
ersonalizationCa\
rd\x01\x03\x00\x00\x00\x08\x81\xea[\x9aNI &\
\x08\x00\x00\x00\x00\x06\x00\x00\x00\x0cCustom\
ize\xe2\x80\xa6\x07\x00\x00\x00\x13Perso\
nalizationCard\x01\x03\
\x00\x00\x00\x04m\xf1\x82r\x08\x00\x00\x00\x00\x06\x00\x00\
\x00\x04Dark\x07\x00\x00\x00\x13Perso\
nalizationCard\x01\x03\
\x00\x00\x00\x04mE\x82r\x08\x00\x00\x00\x00\x06\x00\x00\
\x00\x05Light\x07\x00\x00\x00\x13Pers\
onalizationCard\x01\
\x03\x00\x00\x00\x08N\x91k\xcdeHg\x9c\x08\x00\x00\
\x00\x00\x06\x00\x00\x00\x0bMica Effe\
ct\x07\x00\x00\x00\x13Personali\
zationCard\x01\x03\x00\x00\x00\x06\
N*`'S\x16\x08\x00\x00\x00\x00\x06\x00\x00\x00\x0f\
Personalization\x07\
\x00\x00\x00\x13Personalizat\
ionCard\x01\x03\x00\x00\x00\x10\x90\x09b\
\xe9^\x94u(z\x0b^\x8fN;\x98\x98\x08\x00\x00\
\x00\x00\x06\x00\x00\x00\x1cSelect th\
e application th\
eme\x07\x00\x00\x00\x13Personal\
izationCard\x01\x03\x00\x00\x00\
\x08|\xfb~\xdf\x9e\xd8\x8b\xa4\x08\x00\x00\x00\x00\x06\x00\
\x00\x00\x0eSystem defaul\
t\x07\x00\x00\x00\x13Personaliz\
ationCard\x01\x03\x00\x00\x00\x04N\
;\x98\x98\x08\x00\x00\x00\x00\x06\x00\x00\x00\x05The\
me\x07\x00\x00\x00\x13Personali\
zationCard\x01\x03\x00\x00\x00\x0c\
\x81\xea[\x9aNIO\x18QH~\xa7\x08\x00\x00\x00\
\x00\x06\x00\x00\x00\x12Customize \
Priority\x07\x00\x00\x00\x0ePri\
orityDialog\x01\x03\x00\x00\x00\
(b\xd6b\xfdR\x17\x88h\x98yv\xee\x8f\xdb\x88\
Lc\x92^\x8f\xff\x0c\x8d\x8a\x97`N\x0aO\x18Q\
H~\xa7\x8d\x8a\x9a\xd80\x02\x08\x00\x00\x00\x00\x06\x00\
\x00\x009Drag items to\
 reorder. Higher\
 items have high\
er priority.\x07\x00\x00\x00\
\x0ePriorityDialog\x01\
\x03\x00\x00\x00\x16g\x09Qs\x81\xea[\x9aNIO\
\x18QH~\xa7v\x84\x8b\xf4f\x0e\x08\x00\x00\x00\x00\
\x06\x00\x00\x00\x1eAbout Custo\
m Priority Setti\
ngs\x07\x00\x00\x00\x13Priority\
SettingCard\x01\x03\x00\x00\x00\
\x0a\x97\xf3\x8d(O\x18QH~\xa7\x08\x00\x00\x00\x00\
\x06\x00\x00\x00\x16Audio Quali\
ty Priority\x07\x00\x00\x00\x13\
PrioritySettingC\
ard\x01\x03\x00\x00\x00\x0a\x7f\x16x\x01O\x18Q\
H~\xa7\x08\x00\x00\x00\x00\x06\x00\x00\x00\x0eCod\
ec Priority\x07\x00\x00\x00\x13\
PrioritySettingC\
ard\x01\x03\x00\x00\x00\x12\x81\xea[\x9aNIN\
\x0b\x8f}v\x84O\x18QH~\xa7\x08\x00\x00\x00\x00\
\x06\x00\x00\x00$Customize d\
ownload priority\
 settings\x07\x00\x00\x00\x13Pr\
ioritySettingCar\
d\x01\x03\x00\x00\x00\x08\x81\xea[\x9aNI &\x08\
\x00\x00\x00\x00\x06\x00\x00\x00\x0cCustomi\
ze\xe2\x80\xa6\x07\x00\x00\x00\x13Priori\
tySettingCard\x01\x03\x00\
\x00\x00\x04\x8b\xf4f\x0e\x08\x00\x00\x00\x00\x06\x00\x00\x00\
\x0cInstructions\x07\x00\x00\
\x00\x13PrioritySettin\
gCard\x01\x03\x00\x00\x00\x0au;\x8d(O\
\x18QH~\xa7\x08\x00\x00\x00\x00\x06\x00\x00\x00\x16V\
ideo Quality Pri\
ority\x07\x00\x00\x00\x13Priori\
tySettingCard\x01\x03\x00\
\x00\x00\x16u;\x8d(0\x01\x97\xf3\x8d(T\x8c\x7f\
\x16x\x01O\x18QH~\xa7\x08\x00\x00\x00\x00\x06\x00\
\x00\x00 Video, Audio,\
 and Codec Prior\
ity\x07\x00\x00\x00\x13Priority\
SettingCard\x01\x03\x00\x00\x00\
\x08\x96\x90y\xc1e?{V\x08\x00\x00\x00\x00\x06\x00\
\x00\x00\x0ePrivacy Polic\
y\x07\x00\x00\x00\x13PrivacyPol\
icyDialog\x01\x03\x00\x00\x00<x\
n[\x9a\x89\x81l\xe8\x95\x00v{_UT\x17\xff\
\x1f\x8f\xd9\x5c\x06O\x1aT\x0ce\xf6n\x05\x96dg\
,W0[XP\xa8v\x84\x00 \x00C\x00o\x00\
o\x00k\x00i\x00e\x00s0\x02\x08\x00\x00\x00\x00\
\x06\x00\x00\x00NAre you sur\
e you want to lo\
g out? This will\
 also clear loca\
lly stored cooki\
es.\x07\x00\x00\x00\x0bProfileC\
ard\x01\x03\x00\x00\x00\x04l\xe8\x95\x00\x08\x00\x00\
\x00\x00\x06\x00\x00\x00\x07Log Out\x07\x00\
\x00\x00\x0bProfileCard\x01\x03\
\x00\x00\x00\x04l\xe8\x95\x00\x08\x00\x00\x00\x00\x06\x00\x00\
\x00\x06Logout\x07\x00\x00\x00\x0bPro\
fileCard\x01\x03\x00\x00\x00\x08N*\
N\xbazz\x95\xf4\x08\x00\x00\x00\x00\x06\x00\x00\x00\x07\
Profile\x07\x00\x00\x00\x0bProf\
ileCard\x01\x03\x00\x00\x00\x0cl\xe8\x95\
\x00v{_Ub\x10R\x9f\x08\x00\x00\x00\x00\x06\x00\
\x00\x00\x17Successfully \
logged out\x07\x00\x00\x00\x0bP\
rofileCard\x01\x03\x00\x00\x00\x0e\
Q\xc6Y\x07\x89\xe3g\x90\x00.\x00.\x00.\x08\x00\
\x00\x00\x00\x06\x00\x00\x00\x0cPreparin\
g...\x07\x00\x00\x00\x11Progres\
sTipWidget\x01\x03\x00\x00\x00\x04\
P\x5ckb\x08\x00\x00\x00\x00\x06\x00\x00\x00\x04St\
op\x07\x00\x00\x00\x11ProgressT\
ipWidget\x01\x03\x00\x00\x00\x04W0\
W@\x08\x00\x00\x00\x00\x06\x00\x00\x00\x07Addr\
ess\x07\x00\x00\x00\x0bProxyDia\
log\x01\x03\x00\x00\x00\x0e\x8b\xbe\x7fnN\xe3t\
\x06g\x0dR\xa1Vh\x08\x00\x00\x00\x00\x06\x00\x00\x00\
\x16Configure Proxy\
 Server\x07\x00\x00\x00\x0bProx\
yDialog\x01\x03\x00\x00\x00J\x00I\x00\
P\xff\x1a\x00{\x00i\x00p\x00}\x00\x0a\x00L\x00\
o\x00c\x00a\x00t\x00i\x00o\x00n\xff\x1a\x00\
{\x00l\x00o\x00c\x00a\x00t\x00i\x00o\x00\
n\x00}\x00\x0a\x00I\x00S\x00P\xff\x1a\x00{\x00\
i\x00s\x00p\x00}\x08\x00\x00\x00\x00\x06\x00\x00\x00\
(IP: {ip}\x0aLocati\
on: {location}\x0aI\
SP: {isp}\x07\x00\x00\x00\x0bPr\
oxyDialog\x01\x03\x00\x00\x00\x0cN\
\xe3t\x06mK\x8b\xd5Y1\x8d%\x08\x00\x00\x00\x00\
\x06\x00\x00\x00\x13Network Tes\
t Failed\x07\x00\x00\x00\x0bPro\
xyDialog\x01\x03\x00\x00\x00\x0cN\xe3\
t\x06mK\x8b\xd5~\xd3g\x9c\x08\x00\x00\x00\x00\x06\
\x00\x00\x00\x13Network Test\
 Result\x07\x00\x00\x00\x0bProx\
yDialog\x01\x03\x00\x00\x00\x04S\xef\x90\
\x09\x08\x00\x00\x00\x00\x06\x00\x00\x00\x08Optio\
nal\x07\x00\x00\x00\x0bProxyDia\
log\x01\x03\x00\x00\x00\x04[\xc6x\x01\x08\x00\x00\
\x00\x00\x06\x00\x00\x00\x08Password\x07\
\x00\x00\x00\x0bProxyDialog\x01\
\x03\x00\x00\x00\x04z\xefS\xe3\x08\x00\x00\x00\x00\x06\x00\
\x00\x00\x04Port\x07\x00\x00\x00\x0bProx\
yDialog\x01\x03\x00\x00\x00\x08N\xe3t\
\x06|{W\x8b\x08\x00\x00\x00\x00\x06\x00\x00\x00\x0aP\
roxy Type\x07\x00\x00\x00\x0bPr\
oxyDialog\x01\x03\x00\x00\x00\x0eN\
\xe3t\x06g\x0dR\xa1VhW0W@\x08\x00\x00\
\x00\x00\x06\x00\x00\x00\x14Proxy ser\
ver address\x07\x00\x00\x00\x0b\
ProxyDialog\x01\x03\x00\x00\x00\
\x0eN\xe3t\x06g\x0dR\xa1Vhz\xefS\xe3\x08\
\x00\x00\x00\x00\x06\x00\x00\x00\x11Proxy s\
erver port\x07\x00\x00\x00\x0bP\
roxyDialog\x01\x03\x00\x00\x00\x04\
mK\x8b\xd5\x08\x00\x00\x00\x00\x06\x00\x00\x00\x04Te\
st\x07\x00\x00\x00\x0bProxyDial\
og\x01\x03\x00\x00\x00\x0cmK\x8b\xd5N-\x00.\
\x00.\x00.\x08\x00\x00\x00\x00\x06\x00\x00\x00\x0aTe\
sting...\x07\x00\x00\x00\x0bPro\
xyDialog\x01\x03\x00\x00\x00\x04g*\
w\xe5\x08\x00\x00\x00\x00\x06\x00\x00\x00\x07Unkn\
own\x07\x00\x00\x00\x0bProxyDia\
log\x01\x03\x00\x00\x00\x06u(b7T\x0d\x08\
\x00\x00\x00\x00\x06\x00\x00\x00\x08Usernam\
e\x07\x00\x00\x00\x0bProxyDialo\
g\x01\x03\x00\x00\x00\x22\x8c\x03etu(N\x8e\x89\
\xe3g\x90T\x8cN\x0b\x8f}v\x84N\xe3t\x06g\
\x0dR\xa1Vh\x8b\xbe\x7fn\x08\x00\x00\x00\x00\x06\x00\
\x00\x00=Adjust proxy \
server settings \
used for parsing\
 and downloading\
\x07\x00\x00\x00\x10ProxySettin\
gCard\x01\x03\x00\x00\x00\x0e\x8b\xbe\x7fnN\
\xe3t\x06g\x0dR\xa1Vh\x08\x00\x00\x00\x00\x06\x00\
\x00\x00\x16Configure Pro\
xy Server\x07\x00\x00\x00\x10Pr\
oxySettingCard\x01\x03\
\x00\x00\x00\x06\x8b\xbe\x7fn &\x08\x00\x00\x00\x00\x06\
\x00\x00\x00\x0cConfigure\xe2\x80\xa6\
\x07\x00\x00\x00\x10ProxySettin\
gCard\x01\x03\x00\x00\x00\x0aN\x0dO\x7fu\
(N\xe3t\x06\x08\x00\x00\x00\x00\x06\x00\x00\x00\x10D\
o not use proxy\x07\
\x00\x00\x00\x10ProxySetting\
Card\x01\x03\x00\x00\x00\x08bKR\xa8\x8b\xbe\
\x7fn\x08\x00\x00\x00\x00\x06\x00\x00\x00\x14Manu\
al configuration\
\x07\x00\x00\x00\x10ProxySettin\
gCard\x01\x03\x00\x00\x00\x08N\xe3t\x06j\
!_\x0f\x08\x00\x00\x00\x00\x06\x00\x00\x00\x0aPro\
xy Mode\x07\x00\x00\x00\x10Prox\
ySettingCard\x01\x03\x00\x00\
\x00\x08N\xe3t\x06\x8b\xbe\x7fn\x08\x00\x00\x00\x00\x06\
\x00\x00\x00\x0eProxy Settin\
gs\x07\x00\x00\x00\x10ProxySett\
ingCard\x01\x03\x00\x00\x00\x18\x90\x09b\
\xe9u(N\x8e\x89\xe3g\x90T\x8cN\x0b\x8f}v\
\x84N\xe3t\x06\x08\x00\x00\x00\x00\x06\x00\x00\x001S\
elect the proxy \
used for parsing\
 and downloading\
\x07\x00\x00\x00\x10ProxySettin\
gCard\x01\x03\x00\x00\x00\x0cO\x7fu(|\
\xfb~\xdfN\xe3t\x06\x08\x00\x00\x00\x00\x06\x00\x00\x00\
\x10Use system prox\
y\x07\x00\x00\x00\x10ProxySetti\
ngCard\x01\x03\x00\x00\x00\x12\x5cO^U\
\x9a\xd8^\xa6\x00 \x00(P\xcf} \x00)\x08\x00\
\x00\x00\x00\x06\x00\x00\x00\x12Screen H\
eight (px)\x07\x00\x00\x00\x0fR\
esolutionGroup\x01\x03\
\x00\x00\x00\x12\x5cO^U[\xbd^\xa6\x00 \x00(\
P\xcf} \x00)\x08\x00\x00\x00\x00\x06\x00\x00\x00\x11\
Screen Width (px\
)\x07\x00\x00\x00\x0fResolution\
Group\x01\x03\x00\x00\x00\x08m\xfbR\xa0\x5c\
B~\xa7\x08\x00\x00\x00\x00\x06\x00\x00\x00\x09Add\
 level\x07\x00\x00\x00\x11RuleB\
uilderWidget\x01\x03\x00\x00\
\x00\x1cg\x00Y\x1a\x00 \x00{\x00c\x00o\x00u\
\x00n\x00t\x00}\x00 \x5cBv\xee_U\x08\x00\
\x00\x00\x00\x06\x00\x00\x00 At most \
{count} director\
y levels\x07\x00\x00\x00\x11Rul\
eBuilderWidget\x01\x03\
\x00\x00\x00\x08v\xee_U~\xd3g\x84\x08\x00\x00\x00\
\x00\x06\x00\x00\x00\x13Directory \
structure\x07\x00\x00\x00\x11Ru\
leBuilderWidget\x01\
\x03\x00\x00\x00\x06e\x87N\xf6T\x0d\x08\x00\x00\x00\x00\
\x06\x00\x00\x00\x09File name\x07\x00\
\x00\x00\x11RuleBuilderWi\
dget\x01\x03\x00\x00\x00\x18{,\x00 \x00{\
\x00n\x00u\x00m\x00b\x00e\x00r\x00}\x00 \
\x5cB\x08\x00\x00\x00\x00\x06\x00\x00\x00\x0eLeve\
l {number}\x07\x00\x00\x00\x11R\
uleBuilderWidget\
\x01\x03\x00\x00\x00N\x8b\xe5\x89\xc4R\x19e\xe0l\xd5\
W(S\xef\x89\xc6S\x16\x7f\x16\x8f\x91VhN-\
f>y:\xff\x08\x00{\x00r\x00e\x00a\x00s\
\x00o\x00n\x00}\xff\x09\xff\x0c\x8b\xf7W(N\x0b\
e\xb9v\x84\x9a\xd8~\xa7S:W\xdfN-\x7f\x16\
\x8f\x910\x02\x08\x00\x00\x00\x00\x06\x00\x00\x00aTh\
is rule cannot b\
e shown in the v\
isual editor ({r\
eason}). Edit it\
 in the advanced\
 section below.\x07\
\x00\x00\x00\x11RuleBuilderW\
idget\x01\x03\x00\x00\x00\x08m\xfbR\xa0r\
Gk\xb5\x08\x00\x00\x00\x00\x06\x00\x00\x00\x0cAdd\
 fragment\x07\x00\x00\x00\x0cRu\
leLevelRow\x01\x03\x00\x00\x00\x08\
R \x96d\x5cB~\xa7\x08\x00\x00\x00\x00\x06\x00\x00\
\x00\x0cDelete level\x07\x00\
\x00\x00\x0cRuleLevelRow\x01\
\x03\x00\x00\x00\x0eN:zz\xff\x0c\x5c\x06\x88\xabw\
\x01ue\x08\x00\x00\x00\x00\x06\x00\x00\x00\x16Emp\
ty, will be skip\
ped\x07\x00\x00\x00\x0cRuleLeve\
lRow\x01\x03\x00\x00\x00\x08c\xd2Qee\x87\
[W\x08\x00\x00\x00\x00\x06\x00\x00\x00\x0bInse\
rt text\x07\x00\x00\x00\x0cRule\
LevelRow\x01\x03\x00\x00\x00\x04N\x0b\
y\xfb\x08\x00\x00\x00\x00\x06\x00\x00\x00\x09Move\
 down\x07\x00\x00\x00\x0cRuleLe\
velRow\x01\x03\x00\x00\x00\x04N\x0ay\xfb\
\x08\x00\x00\x00\x00\x06\x00\x00\x00\x07Move u\
p\x07\x00\x00\x00\x0cRuleLevelR\
ow\x01\x03\x00\x00\x00\x04m\xfbR\xa0\x08\x00\x00\x00\
\x00\x06\x00\x00\x00\x03Add\x07\x00\x00\x00\x0eRu\
leListDialog\x01\x03\x00\x00\
\x00Bb@g\x09\x81\xea[\x9aNIT}T\x0d\
\x89\xc4R\x19\x90\xfd\x5c\x06\x88\xabN\x22_\x03\xff\x0c\
Q\x85\x7fn\x89\xc4R\x19N_O\x1a`bY\x0d\
N:\x9e\xd8\x8b\xa4P<\xff\x0cf/T&~\xe7\
~\xed\xff\x1f\x08\x00\x00\x00\x00\x06\x00\x00\x00]Al\
l custom naming \
rules will be di\
scarded, and the\
 built-in rules \
will be restored\
. Continue?\x07\x00\x00\x00\x0e\
RuleListDialog\x01\x03\
\x00\x00\x00\x04S\xd6m\x88\x08\x00\x00\x00\x00\x06\x00\x00\
\x00\x06Cancel\x07\x00\x00\x00\x0eRul\
eListDialog\x01\x03\x00\x00\x00\
\x10e\xe0l\xd5R \x96d\x9e\xd8\x8b\xa4\x89\xc4R\
\x19\x08\x00\x00\x00\x00\x06\x00\x00\x00\x1aCanno\
t delete default\
 rule\x07\x00\x00\x00\x0eRuleLi\
stDialog\x01\x03\x00\x00\x00\x18N\x0b\
\x8f}\x8b\xe5|{W\x8bZ\x92OSe\xf6\x9e\xd8\
\x8b\xa4\x90\x09N-\x08\x00\x00\x00\x00\x06\x00\x00\x005\
Chosen by defaul\
t when downloadi\
ng this type of \
media\x07\x00\x00\x00\x0eRuleLi\
stDialog\x01\x03\x00\x00\x00\x04\x9e\xd8\
\x8b\xa4\x08\x00\x00\x00\x00\x06\x00\x00\x00\x07Defa\
ult\x07\x00\x00\x00\x0eRuleList\
Dialog\x01\x03\x00\x00\x00\x04R \x96d\
\x08\x00\x00\x00\x00\x06\x00\x00\x00\x06Delete\
\x07\x00\x00\x00\x0eRuleListDia\
log\x01\x03\x00\x00\x00\x0ae>_\x03f\xf4e\
9\xff\x1f\x08\x00\x00\x00\x00\x06\x00\x00\x00\x10Dis\
card changes?\x07\x00\x00\
\x00\x0eRuleListDialog\
\x01\x03\x00\x00\x00\x04Y\x0dR6\x08\x00\x00\x00\x00\x06\
\x00\x00\x00\x09Duplicate\x07\x00\x00\
\x00\x0eRuleListDialog\
\x01\x03\x00\x00\x00\x08T}T\x0d\x89\xc4R\x19\x08\x00\
\x00\x00\x00\x06\x00\x00\x00\x0cNaming R\
ules\x07\x00\x00\x00\x0eRuleLis\
tDialog\x01\x03\x00\x00\x00\x0eT}T\
\x0d\x89\xc4R\x19]\xf2O\xdd[X\x08\x00\x00\x00\x00\
\x06\x00\x00\x00\x12Naming rule\
s saved\x07\x00\x00\x00\x0eRule\
ListDialog\x01\x03\x00\x00\x00\x1a\
S\xea\x80\xfdR \x96d\x97^\x9e\xd8\x8b\xa4v\x84\
T}T\x0d\x89\xc4R\x190\x02\x08\x00\x00\x00\x00\x06\
\x00\x00\x00-Only non-def\
ault naming rule\
s can be deleted\
.\x07\x00\x00\x00\x0eRuleListDi\
alog\x01\x03\x00\x00\x00\x0c\x91\xcd\x7fnN:\
\x9e\xd8\x8b\xa4P<\x08\x00\x00\x00\x00\x06\x00\x00\x00\x10\
Reset to Default\
\x07\x00\x00\x00\x0eRuleListDia\
log\x01\x03\x00\x00\x00\x0c`bY\x0dQ\x85\x7f\
n\x9e\xd8\x8b\xa4\x08\x00\x00\x00\x00\x06\x00\x00\x00\x1bR\
estore to Built-\
in Default\x07\x00\x00\x00\x0eR\
uleListDialog\x01\x03\x00\
\x00\x00\x0e]\xf2`bY\x0dQ\x85\x7fn\x9e\xd8\x8b\
\xa4\x08\x00\x00\x00\x00\x06\x00\x00\x00 Resto\
red to the built\
-in default\x07\x00\x00\x00\x0e\
RuleListDialog\x01\x03\
\x00\x00\x00\x08\x89\xc4R\x19T\x0dy\xf0\x08\x00\x00\x00\
\x00\x06\x00\x00\x00\x09Rule Name\x07\
\x00\x00\x00\x0eRuleListDial\
og\x01\x03\x00\x00\x00\x08\x89\xc4R\x19|{W\x8b\
\x08\x00\x00\x00\x00\x06\x00\x00\x00\x09Rule T\
ype\x07\x00\x00\x00\x0eRuleList\
Dialog\x01\x03\x00\x00\x00\x04O\xdd[X\
\x08\x00\x00\x00\x00\x06\x00\x00\x00\x04Save\x07\x00\
\x00\x00\x0eRuleListDialo\
g\x01\x03\x00\x00\x00\x0ed\x1c}\x22\x89\xc4R\x19\x00\
.\x00.\x00.\x08\x00\x00\x00\x00\x06\x00\x00\x00\x0fS\
earch rules...\x07\x00\
\x00\x00\x0eRuleListDialo\
g\x01\x03\x00\x00\x00\x1aT}T\x0d\x89\xc4R\x19]\
\xf2O\xeee9OF\x5c\x1ag*O\xdd[X0\
\x02\x08\x00\x00\x00\x00\x06\x00\x00\x002The n\
aming rules have\
 been modified b\
ut not saved.\x07\x00\x00\
\x00\x0eRuleListDialog\
\x01\x03\x00\x00\x00\x14\x00{\x00n\x00a\x00m\x00e\
\x00}\xff\x08Rog,\xff\x09\x08\x00\x00\x00\x00\x06\
\x00\x00\x00\x0d{name} (copy\
)\x07\x00\x00\x00\x0eRuleListDi\
alog\x01\x03\x00\x00\x00\x04T\x08\x96\xc6\x08\x00\
\x00\x00\x00\x06\x00\x00\x00\x0aCollecti\
on\x07\x00\x00\x00\x10RulePrevi\
ewPanel\x01\x03\x00\x00\x00\x08Y\x1a\x00\
Pgav\xee\x08\x00\x00\x00\x00\x06\x00\x00\x00\x10M\
ulti-part entry\x07\
\x00\x00\x00\x10RulePreviewP\
anel\x01\x03\x00\x00\x00\x08R\x06\x00P\x89\xc6\
\x98\x91\x08\x00\x00\x00\x00\x06\x00\x00\x00\x10Mult\
i-part video\x07\x00\x00\x00\
\x10RulePreviewPane\
l\x01\x03\x00\x00\x00 c\x09T\x04\x81\xea|{W\
\x8bv\x84\x89\xc4R\x19T}T\x0d\xff\x0cN\x0dY\
Wu(\x8f\xd9ga\x08\x00\x00\x00\x00\x06\x00\x00\x00\
-Named by its ow\
n type's rule, n\
ot by this one\x07\x00\
\x00\x00\x10RulePreviewPa\
nel\x01\x03\x00\x00\x00\x04\x98\x84\x89\xc8\x08\x00\x00\
\x00\x00\x06\x00\x00\x00\x07Preview\x07\x00\
\x00\x00\x10RulePreviewPa\
nel\x01\x03\x00\x00\x00\x0ev\xf8[\xf9N\x8eN\
\x0b\x8f}v\xee_U\x08\x00\x00\x00\x00\x06\x00\x00\x00\
\x1fRelative to the\
 download folder\
\x07\x00\x00\x00\x10RulePreview\
Panel\x01\x03\x00\x00\x00\x08SUN*\x89\
\xc6\x98\x91\x08\x00\x00\x00\x00\x06\x00\x00\x00\x0cSin\
gle video\x07\x00\x00\x00\x10Ru\
lePreviewPanel\x01\x03\
\x00\x00\x00\x08SU\x00Pgav\xee\x08\x00\x00\x00\
\x00\x06\x00\x00\x00\x11Single-par\
t entry\x07\x00\x00\x00\x10Rule\
PreviewPanel\x01\x03\x00\x00\
\x00\x08^\x95\x90\xe8\x5cEN-\x08\x00\x00\x00\x00\x06\
\x00\x00\x00\x0dBottom Cente\
r\x07\x00\x00\x00\x13SUBTITLES_\
ALIGNMENT\x01\x03\x00\x00\x00\x0a^\
\x95\x90\xe8]\xe6[\xf9\x9fP\x08\x00\x00\x00\x00\x06\x00\
\x00\x00\x0bBottom Left\x07\x00\
\x00\x00\x13SUBTITLES_ALI\
GNMENT\x01\x03\x00\x00\x00\x0a^\x95\x90\xe8\
S\xf3[\xf9\x9fP\x08\x00\x00\x00\x00\x06\x00\x00\x00\x0c\
Bottom Right\x07\x00\x00\x00\
\x13SUBTITLES_ALIGN\
MENT\x01\x03\x00\x00\x00\x08N-\x90\xe8\x5cE\
N-\x08\x00\x00\x00\x00\x06\x00\x00\x00\x0dMidd\
le Center\x07\x00\x00\x00\x13SU\
BTITLES_ALIGNMEN\
T\x01\x03\x00\x00\x00\x0aN-\x90\xe8]\xe6[\xf9\x9f\
P\x08\x00\x00\x00\x00\x06\x00\x00\x00\x0bMiddl\
e Left\x07\x00\x00\x00\x13SUBTI\
TLES_ALIGNMENT\x01\x03\
\x00\x00\x00\x0aN-\x90\xe8S\xf3[\xf9\x9fP\x08\x00\
\x00\x00\x00\x06\x00\x00\x00\x0cMiddle R\
ight\x07\x00\x00\x00\x13SUBTITL\
ES_ALIGNMENT\x01\x03\x00\x00\
\x00\x08\x98v\x90\xe8\x5cEN-\x08\x00\x00\x00\x00\x06\
\x00\x00\x00\x0aTop Center\x07\x00\
\x00\x00\x13SUBTITLES_ALI\
GNMENT\x01\x03\x00\x00\x00\x0a\x98v\x90\xe8\
]\xe6[\xf9\x9fP\x08\x00\x00\x00\x00\x06\x00\x00\x00\x08\
Top Left\x07\x00\x00\x00\x13SUB\
TITLES_ALIGNMENT\
\x01\x03\x00\x00\x00\x0a\x98v\x90\xe8S\xf3[\xf9\x9fP\
\x08\x00\x00\x00\x00\x06\x00\x00\x00\x09Top Ri\
ght\x07\x00\x00\x00\x13SUBTITLE\
S_ALIGNMENT\x01\x03\x00\x00\x00\
\x1a\x00{\x00n\x00a\x00m\x00e\x00}\xff\x08\x00\
A\x00I\x00 u\x1fb\x10\xff\x09\x08\x00\x00\x00\x00\
\x06\x00\x00\x00\x15{name} (AI \
Generated)\x07\x00\x00\x00\x14S\
UBTITLE_TRACK_TI\
TLE\x01\x03\x00\x00\x00\x0c\x8b\xf7\x8f\x93QeQ\
s\x95.\x8b\xcd\x08\x00\x00\x00\x00\x06\x00\x00\x00\x18E\
nter keywords to\
 search\x07\x00\x00\x00\x0cSear\
chDialog\x01\x03\x00\x00\x00\x0cN\xc5\
{[\x90\x09_SRM\x98u\x08\x00\x00\x00\x00\x06\
\x00\x00\x00\x1cFilter the c\
urrent page only\
\x07\x00\x00\x00\x0cSearchDialo\
g\x01\x03\x00\x00\x004S\xea\x80\xfd{[\x90\x09_\
SRM\x98u\xff\x0cY\x82\x97\x00d\x1c}\x22Q\
h\x90\xe8Q\x85[\xb9\xff\x0c\x8b\xf7QH\x89\xe3g\
\x90Qh\x90\xe8R\x06\x98u0\x02\x08\x00\x00\x00\x00\
\x06\x00\x00\x00VOnly the cu\
rrent page can b\
e filtered. To s\
earch the full l\
ist, parse all p\
ages first.\x07\x00\x00\x00\x0c\
SearchDialog\x01\x03\x00\x00\
\x00\x10\x8b\xf7\x8f\x93Qed\x1c}\x22Qs\x95.\
\x8b\xcd\x08\x00\x00\x00\x00\x06\x00\x00\x00\x1cPlea\
se enter search \
keywords\x07\x00\x00\x00\x0cSea\
rchDialog\x01\x03\x00\x00\x00\x04d\
\x1c}\x22\x08\x00\x00\x00\x00\x06\x00\x00\x00\x06Sea\
rch\x07\x00\x00\x00\x0cSearchDi\
alog\x01\x03\x00\x00\x00\x0cd\x1c}\x22Qh\
\x90\xe8R\x06\x98u\x08\x00\x00\x00\x00\x06\x00\x00\x00\x10\
Search all pages\
\x07\x00\x00\x00\x0cSearchDialo\
g\x01\x03\x00\x00\x00\x08d\x1c}\x22\x83\x03V\xf4\x08\
\x00\x00\x00\x00\x06\x00\x00\x00\x0cSearch \
scope\x07\x00\x00\x00\x0cSearch\
Dialog\x01\x03\x00\x00\x00\x04n\x05\x96d\
\x08\x00\x00\x00\x00\x06\x00\x00\x00\x09Clear \
All\x07\x00\x00\x00\x0cSearchWi\
dget\x01\x03\x00\x00\x00\x0cg*b~R0\
S9\x91M\x98y\x08\x00\x00\x00\x00\x06\x00\x00\x00\x10\
No matches found\
\x07\x00\x00\x00\x0cSearchWidge\
t\x01\x03\x00\x00\x00\x04Qh\x90\x09\x08\x00\x00\x00\x00\
\x06\x00\x00\x00\x0aSelect All\x07\
\x00\x00\x00\x0cSearchWidget\
\x01\x03\x00\x00\x00.{,\x00 \x00{\x00i\x00n\
\x00d\x00e\x00x\x00}\x00 N*\xff\x0cQq\
\x00 \x00{\x00c\x00o\x00u\x00n\x00t\x00}\
\x00 N*\x08\x00\x00\x00\x00\x06\x00\x00\x00\x12{i\
ndex} of {count}\
\x07\x00\x00\x00\x0cSearchWidge\
t\x01\x03\x00\x00\x00\x04R\x06\x98u\x08\x00\x00\x00\x00\
\x06\x00\x00\x00\x0aPagination\x07\
\x00\x00\x00\x0fSegmentedWid\
get\x01\x03\x00\x00\x00\x08d\x1c}\x22~\xd3g\
\x9c\x08\x00\x00\x00\x00\x06\x00\x00\x00\x0eSearc\
h results\x07\x00\x00\x00\x0fSe\
gmentedWidget\x01\x03\x00\
\x00\x00\x14N-V\xfd\xff\x08T+n/o\xb3S\
\xf0W0S:\xff\x09\x08\x00\x00\x00\x00\x06\x00\x00\x00\
.China (Includin\
g Hong Kong, Mac\
au, and Taiwan)\x07\
\x00\x00\x00\x10SelectAreaDi\
alog\x01\x03\x00\x00\x00\x08QvN\xd6W0\
S:\x08\x00\x00\x00\x00\x06\x00\x00\x00\x0dOthe\
r Regions\x07\x00\x00\x00\x10Se\
lectAreaDialog\x01\x03\
\x00\x00\x00R\x8b\xf7\x90\x09b\xe9O`v\x84[\x9e\
\x96Eb@W(W0\xff\x0cz\x0b^\x8fO\x1a\
cnkd\x81\xeaR\xa8S9\x91Mf\xf4T\x08\
\x90\x02v\x84\x00 \x00C\x00D\x00N\x00 g\x0d\
R\xa1Vh\xff\x0cN\xe5c\xd0SGN\x0b\x8f}\
\x90\x1f^\xa60\x02\x08\x00\x00\x00\x00\x06\x00\x00\x00\x8a\
Please select yo\
ur actual locati\
on. The program \
will automatical\
ly match a more \
suitable CDN ser\
ver accordingly \
to improve downl\
oad speed.\x07\x00\x00\x00\x10S\
electAreaDialog\x01\
\x03\x00\x00\x00\x0c\x90\x09b\xe9W0t\x06OM\x7f\
n\x08\x00\x00\x00\x00\x06\x00\x00\x00\x1aSelec\
t Geographic Loc\
ation\x07\x00\x00\x00\x10Select\
AreaDialog\x01\x03\x00\x00\x002\
c\xd0y:\xff\x1aY\x82g\x9ckcW(O\x7f\
u(N\xe3t\x06\xff\x0c\x8b\xf7\x90\x09b\xe9N\xe3\
t\x06g\x0dR\xa1Vhb@W(S:W\xdf\
0\x02\x08\x00\x00\x00\x00\x06\x00\x00\x00ZTip:\
 If you are usin\
g a proxy, pleas\
e select the reg\
ion where the pr\
oxy server is lo\
cated.\x07\x00\x00\x00\x10Selec\
tAreaDialog\x01\x03\x00\x00\x00\
\x16\x8c\x03et^\x94u(uL\x97bv\x84\x7f\
)e>k\xd4O\x8b\x08\x00\x00\x00\x00\x06\x00\x00\x00\
/Adjust the scal\
ing of the appli\
cation interface\
\x07\x00\x00\x00\x10SettingInte\
rface\x01\x03\x00\x00\x00\x04\x9a\xd8~\xa7\x08\
\x00\x00\x00\x00\x06\x00\x00\x00\x08Advance\
d\x07\x00\x00\x00\x10SettingInt\
erface\x01\x03\x00\x00\x00\x04\x88LN:\
\x08\x00\x00\x00\x00\x06\x00\x00\x00\x08Behavi\
or\x07\x00\x00\x00\x10SettingIn\
terface\x01\x03\x00\x00\x00\x1eg*b\
~R0z\x0b^\x8f\x96D^&v\x84\x00 \x00\
F\x00F\x00m\x00p\x00e\x00g\x08\x00\x00\x00\x00\
\x06\x00\x00\x00\x18Bundled FFm\
peg not found\x07\x00\x00\
\x00\x10SettingInterfa\
ce\x01\x03\x00\x00\x00\x16\x90\x09b\xe9^\x94u(\
z\x0b^\x8fv\x84f>y:\x8b\xed\x8a\x00\x08\x00\
\x00\x00\x00\x06\x00\x00\x00.Choose t\
he display langu\
age of the appli\
cation\x07\x00\x00\x00\x10Setti\
ngInterface\x01\x03\x00\x00\x00\
\x0e\x91M\x7fn\x91\xcdT/T\x0eu\x1feH\x08\
\x00\x00\x00\x00\x06\x00\x00\x00(Configu\
ration takes eff\
ect after restar\
t\x07\x00\x00\x00\x10SettingInt\
erface\x01\x03\x00\x00\x00\x18\x81\xea[\x9a\
NIN\x0b\x8f}e\x87N\xf6v\x84T}T\x0d\
\x89\xc4R\x19\x08\x00\x00\x00\x00\x06\x00\x00\x004Cu\
stomize the nami\
ng convention fo\
r downloaded fil\
es\x07\x00\x00\x00\x10SettingIn\
terface\x01\x03\x00\x00\x00\x08\x81\xea[\
\x9aNI &\x08\x00\x00\x00\x00\x06\x00\x00\x00\x0cC\
ustomize\xe2\x80\xa6\x07\x00\x00\x00\x10\
SettingInterface\
\x01\x03\x00\x00\x00\x1e_9^U0\x01[W^U\
0\x01\x5c\x01\x97b0\x01z\xe0\x82\x82T\x8cQC\
epcn\x08\x00\x00\x00\x00\x06\x00\x00\x001Da\
nmaku, Subtitles\
, Cover, Chapter\
s, and Metadata\x07\
\x00\x00\x00\x10SettingInter\
face\x01\x03\x00\x00\x00\x08f>y:\x7f)\
e>\x08\x00\x00\x00\x00\x06\x00\x00\x00\x0fDisp\
lay Scaling\x07\x00\x00\x00\x10\
SettingInterface\
\x01\x03\x00\x00\x00\x04N\x0b\x8f}\x08\x00\x00\x00\x00\x06\
\x00\x00\x00\x08Download\x07\x00\x00\x00\
\x10SettingInterfac\
e\x01\x03\x00\x00\x006\x00F\x00F\x00m\x00p\x00\
e\x00g\x00 S\xefbg\x88Le\x87N\xf6\x00\
 \x00(\x00{\x00e\x00x\x00e\x00c\x00u\x00\
t\x00a\x00b\x00l\x00e\x00}\x00)\x08\x00\x00\
\x00\x00\x06\x00\x00\x00 FFmpeg ex\
ecutable ({execu\
table})\x07\x00\x00\x00\x10Sett\
ingInterface\x01\x03\x00\x00\
\x00\x08e\x87N\xf6T}T\x0d\x08\x00\x00\x00\x00\x06\
\x00\x00\x00\x0bFile naming\x07\
\x00\x00\x00\x10SettingInter\
face\x01\x03\x00\x00\x00\x04uL\x97b\x08\x00\
\x00\x00\x00\x06\x00\x00\x00\x09Interfac\
e\x07\x00\x00\x00\x10SettingInt\
erface\x01\x03\x00\x00\x00\x04\x8b\xed\x8a\x00\
\x08\x00\x00\x00\x00\x06\x00\x00\x00\x08Langua\
ge\x07\x00\x00\x00\x10SettingIn\
terface\x01\x03\x00\x00\x00\x04e\xe5_\
\xd7\x08\x00\x00\x00\x00\x06\x00\x00\x00\x04Logs\x07\
\x00\x00\x00\x10SettingInter\
face\x01\x03\x00\x00\x00\x16\x00M\x00C\x00P\
\x00 g\x0dR\xa1VhT/R\xa8Y1\x8d%\
\x08\x00\x00\x00\x00\x06\x00\x00\x00\x1aMCP se\
rver failed to s\
tart\x07\x00\x00\x00\x10Setting\
Interface\x01\x03\x00\x00\x00\x08T\
}T\x0d\x89\xc4R\x19\x08\x00\x00\x00\x00\x06\x00\x00\x00\
\x11Naming Conventi\
on\x07\x00\x00\x00\x10SettingIn\
terface\x01\x03\x00\x00\x00\x1e\x90\x09b\
\xe9\x00 \x00F\x00F\x00m\x00p\x00e\x00g\x00\
 S\xefbg\x88Le\x87N\xf6\x08\x00\x00\x00\x00\
\x06\x00\x00\x00\x18Select FFmp\
eg executable\x07\x00\x00\
\x00\x10SettingInterfa\
ce\x01\x03\x00\x00\x00\x08|\xfb~\xdf\x9e\xd8\x8b\xa4\
\x08\x00\x00\x00\x00\x06\x00\x00\x00\x0eSystem\
 default\x07\x00\x00\x00\x10Set\
tingInterface\x01\x03\x00\
\x00\x00T\x7f:\x5c\x11z\x0b^\x8f\x96D^&v\
\x84\x00 \x00F\x00F\x00m\x00p\x00e\x00g\x00\
 S\xefbg\x88Le\x87N\xf60\x02\x8b\xf7R\
\x07cbR0 \x1c|\xfb~\xdfs\xafX\x83S\
\xd8\x91\xcf \x1db\x16c\x07[\x9a\x81\xea[\x9aN\
I\x8d\xef_\x840\x02\x08\x00\x00\x00\x00\x06\x00\x00\x00\
bThe bundled FFm\
peg executable i\
s missing. Pleas\
e switch to 'Sys\
tem PATH' or spe\
cify a custom pa\
th.\x07\x00\x00\x00\x10SettingI\
nterface\x01\x03\x00\x00\x00\x08\x8fo\
N\xf6f\xf4e\xb0\x08\x00\x00\x00\x00\x06\x00\x00\x00\x07\
Updates\x07\x00\x00\x00\x10Sett\
ingInterface\x01\x03\x00\x00\
\x00\x08g\xe5w\x0be\xe5_\xd7\x08\x00\x00\x00\x00\x06\
\x00\x00\x00\x09View Logs\x07\x00\x00\
\x00\x10SettingInterfa\
ce\x01\x03\x00\x00\x00\x10g\xe5w\x0b^\x94u(\
z\x0b^\x8fe\xe5_\xd7\x08\x00\x00\x00\x00\x06\x00\x00\
\x00\x15View applicati\
on logs\x07\x00\x00\x00\x10Sett\
ingInterface\x01\x03\x00\x00\
\x00\x04SG^\x8f\x08\x00\x00\x00\x00\x06\x00\x00\x00\x09\
Ascending\x07\x00\x00\x00\x10So\
rtFlyoutWidget\x01\x03\
\x00\x00\x00\x04\x96M^\x8f\x08\x00\x00\x00\x00\x06\x00\x00\
\x00\x0aDescending\x07\x00\x00\x00\
\x10SortFlyoutWidge\
t\x01\x03\x00\x00\x00\x08c\x92^\x8fe\xb9_\x0f\x08\
\x00\x00\x00\x00\x06\x00\x00\x00\x07Sort By\
\x07\x00\x00\x00\x10SortFlyoutW\
idget\x01\x03\x00\x00\x00\x08c\x92^\x8fe\
\xb9T\x11\x08\x00\x00\x00\x00\x06\x00\x00\x00\x0eSor\
t Direction\x07\x00\x00\x00\x10\
SortFlyoutWidget\
\x01\x03\x00\x00\x00\x08T/u(\x96P\x90\x1f\x08\x00\
\x00\x00\x00\x06\x00\x00\x00\x12Enable S\
peed Limit\x07\x00\x00\x00\x17S\
peedLimitSetting\
Dialog\x01\x03\x00\x00\x00\x0c\x90\x1f^\xa6\
\x96PR6\x8b\xbe\x7fn\x08\x00\x00\x00\x00\x06\x00\x00\
\x00\x14Speed Limit Se\
ttings\x07\x00\x00\x00\x17Speed\
LimitSettingDial\
og\x01\x03\x00\x00\x00$\x90\x1f^\xa6\x96PR6\
\xff\x08\x00M\x00B\x00/\x00s\xff\x0c\x000\x00 \
\x88hy:e\xe0\x96PR6\xff\x09\x08\x00\x00\x00\
\x00\x06\x00\x00\x00!Speed limi\
t (MB/s, 0 = unl\
imited)\x07\x00\x00\x00\x17Spee\
dLimitSettingDia\
log\x01\x03\x00\x00\x00\x10\x8c\x03et[W^\
UN\x0b\x8f}\x8b\xbe\x7fn\x08\x00\x00\x00\x00\x06\x00\
\x00\x00!Adjust subtit\
le download sett\
ings\x07\x00\x00\x00\x13Subtitl\
eSettingCard\x01\x03\x00\x00\
\x00\x08\x81\xea[\x9aNI &\x08\x00\x00\x00\x00\x06\
\x00\x00\x00\x0cCustomize\xe2\x80\xa6\
\x07\x00\x00\x00\x13SubtitleSet\
tingCard\x01\x03\x00\x00\x00\x12]L\
QeT\x0eR \x96d[W^Ue\x87N\xf6\
\x08\x00\x00\x00\x00\x06\x00\x00\x00 Delete\
 Subtitles After\
 Embedding\x07\x00\x00\x00\x13S\
ubtitleSettingCa\
rd\x01\x03\x00\x00\x00\x22\x5c\x06[W^U]L\
Qe\x89\xc6\x98\x91e\x87N\xf6T\x0eR \x96d\
S\x9f[W^Ue\x87N\xf6\x08\x00\x00\x00\x00\x06\
\x00\x00\x00KDelete the o\
riginal subtitle\
 files after emb\
edding them into\
 the video file\x07\
\x00\x00\x00\x13SubtitleSett\
ingCard\x01\x03\x00\x00\x00\x08N\x0b\x8f\
}[W^U\x08\x00\x00\x00\x00\x06\x00\x00\x00\x12D\
ownload Subtitle\
s\x07\x00\x00\x00\x13SubtitleSe\
ttingCard\x01\x03\x00\x00\x00\x08]\
LQe[W^U\x08\x00\x00\x00\x00\x06\x00\x00\x00\
\x0fEmbed Subtitles\
\x07\x00\x00\x00\x13SubtitleSet\
tingCard\x01\x03\x00\x00\x00V\x5c\x06\
[W^UO\x5cN:[W^U\x8fh]L\
QeR0\x89\xc6\x98\x91e\x87N\xf6N-\xff\x0c\
N\xc5W([W^Uh<_\x0fN:\x00 \
\x00A\x00S\x00S\x00 N\x14\x8f\x93Q\xfa[\xb9\
VhN:\x00 \x00M\x00K\x00V\x00 e\xf6\
S\xefu(\x08\x00\x00\x00\x00\x06\x00\x00\x00}Em\
bed subtitles in\
to the video fil\
e as subtitle tr\
acks, only avail\
able when the fo\
rmat is ASS and \
the output conta\
iner is MKV\x07\x00\x00\x00\x13\
SubtitleSettingC\
ard\x01\x03\x00\x00\x00\x18N\xc5\x00 \x00A\x00\
S\x00S\x00 h<_\x0f[W^Ug\x09e\
H\x08\x00\x00\x00\x00\x06\x00\x00\x00'Only \
effective for AS\
S format subtitl\
es\x07\x00\x00\x00\x13SubtitleS\
ettingCard\x01\x03\x00\x00\x00\x0c\
[W^UN\x0b\x8f}\x8b\xbe\x7fn\x08\x00\x00\x00\
\x00\x06\x00\x00\x00\x1aSubtitle D\
ownload Settings\
\x07\x00\x00\x00\x13SubtitleSet\
tingCard\x01\x03\x00\x00\x00\x08[W\
^Uh<_\x0f\x08\x00\x00\x00\x00\x06\x00\x00\x00\x0f\
Subtitle Format\x07\
\x00\x00\x00\x13SubtitleSett\
ingCard\x01\x03\x00\x00\x00\x08[W^\
U\x8b\xed\x8a\x00\x08\x00\x00\x00\x00\x06\x00\x00\x00\x11S\
ubtitle Language\
\x07\x00\x00\x00\x13SubtitleSet\
tingCard\x01\x03\x00\x00\x00\x08[W\
^Uh7_\x0f\x08\x00\x00\x00\x00\x06\x00\x00\x00\x0e\
Subtitle Style\x07\x00\
\x00\x00\x13SubtitleSetti\
ngCard\x01\x03\x00\x00\x00\x04h\x07\x8b\xc6\
\x08\x00\x00\x00\x00\x06\x00\x00\x00\x04Code\x07\x00\
\x00\x00\x17SubtitlesLang\
uageDialog\x01\x03\x00\x00\x00\x0e\
\x81\xea[\x9aNI[W^U\x8b\xed\x8a\x00\x08\x00\
\x00\x00\x00\x06\x00\x00\x00\x1cCustomiz\
e Subtitle Langu\
ages\x07\x00\x00\x00\x17Subtitl\
esLanguageDialog\
\x01\x03\x00\x00\x00\x10N\x0b\x8f}b@g\x09S\xef\
u([W^U\x08\x00\x00\x00\x00\x06\x00\x00\x00 \
Download all ava\
ilable subtitles\
\x07\x00\x00\x00\x17SubtitlesLa\
nguageDialog\x01\x03\x00\x00\
\x00\x10N\xc5N\x0b\x8f}c\x07[\x9av\x84[W\
^U\x08\x00\x00\x00\x00\x06\x00\x00\x00 Down\
load only select\
ed subtitles\x07\x00\x00\x00\
\x17SubtitlesLangua\
geDialog\x01\x03\x00\x00\x00\x04\x8b\xed\
\x8a\x00\x08\x00\x00\x00\x00\x06\x00\x00\x00\x08Lang\
uage\x07\x00\x00\x00\x17Subtitl\
esLanguageDialog\
\x01\x03\x00\x00\x00\x04^\x8fS\xf7\x08\x00\x00\x00\x00\x06\
\x00\x00\x00\x03No.\x07\x00\x00\x00\x17Subt\
itlesLanguageDia\
log\x01\x03\x00\x00\x00\x04\x90\x00Q\xfa\x08\x00\x00\
\x00\x00\x06\x00\x00\x00\x04Exit\x07\x00\x00\x00\x0e\
SystemTrayIcon\x01\x03\
\x00\x00\x00\x0af>y:N;uL\x97b\x08\x00\
\x00\x00\x00\x06\x00\x00\x00\x10Show mai\
n window\x07\x00\x00\x00\x0eSys\
temTrayIcon\x01\x03\x00\x00\x03\
\x8e\x00<\x00h\x00t\x00m\x00l\x00>g,\x8f\
oN\xf6N\xc5O\x9bN*N\xba[fN`N\
\x0ex\x14zvu(\x90\x14\xff\x0cN\xfbOU\x90\
\x1a\x8f\xc7g,\x98yv\xeeN\x0b\x8f}v\x84Q\
\x85[\xb9\x00<\x00b\x00>N\xc5\x96PN\x8eN\
*N\xba\x97^UFN\x1aO\x7fu(\xff\x0cN\
%y\x81u(N\x8eN\xfbOU_b_\x0fv\
\x84UFN\x1av\xeev\x840\x01Ql_\x00O\
 d\xad0\x01R\x06S\xd10\x01\x8flU.b\
\x16\x97^l\xd5r_R)0\x02\x00<\x00/\x00\
b\x00>\x00\x0a\x00<\x00b\x00r\x00>\x00<\x00\
b\x00r\x00>\x00\x0ag,\x8foN\xf6N\xc5W\
\xfaN\x8eu(b7\x81\xea\x8e\xab\x8d&S\xf7v\
\x84T\x08l\xd5\x8b\xbf\x95\xeegC\x96P\x8f\xdb\x88\
Ld\xcdO\x5c\xff\x0c\x00<\x00b\x00>N\x0dO\
\x1a~\xd5\x8f\xc7N\xfbOUN\xd8\x8d9X\x990\
\x01O\x1aTX\x96PR6b\x16b\x80g/O\
\xddb\xa4c\xaae\xbd0\x02\x00<\x00/\x00b\x00\
>`\xa8b@N\x0b\x8f}v\x84Q\x85[\xb9\xff\
\x0c_\xc5\x98{f/`\xa8\x90\x1a\x8f\xc7kc^\
8v{_U\x8d&S\xf7T\x0eS\xefW(v\
\xeeh\x07^sS\xf0N\x0aQl_\x00\x8b\xbf\x95\
\xeeb\x16b\xe5g\x09O\x7fu(gCv\x84\x90\
\xe8R\x060\x02\x82\xe5`\xa8v\x84\x8d&S\xf7e\
\xe0gC\x8b\xbf\x95\xeeg\xd0Q\x85[\xb9\xff\x0cR\
\x19g,\x8foN\xf6e\xe0l\xd5N_N\x0d^\
\x94\x88\xabu(N\x8e\x83\xb7S\xd6\x8b\xe5Q\x85[\
\xb90\x02\x00\x0a\x00<\x00b\x00r\x00>\x00<\x00\
b\x00r\x00>\x00\x0a\x00<\x00b\x00>\x8b\xf7R\
\xff\x5c\x06g,\x8foN\xf6u(N\x8eby\x91\
\xcfb\x93S\xd60\x01g*~\xcfc\x88gCv\
\x84Q\x85[\xb9R\x06S\xd1b\x16N\xfbOU\x8f\
\xddS\xcdv\xeeh\x07^sS\xf0g\x0dR\xa1g\
ak>v\x84\x88LN:0\x02\x00<\x00/\x00\
b\x00>\x82\xe5`\xa8v\x84O\x7fu(\x88LN\
:[\xfc\x81\xf4\x8d&S\xf7\x5c\x01y\x810\x01r\
HgC~\xa0~\xb7b\x16QvN\xd6l\xd5_\
\x8b\x95\xee\x98\x98\xff\x0c_\x00S\xd1\x80\x05i\x82N\
\x0d\x8d\x1f\x8d#0\x02\x00\x0a\x00<\x00b\x00r\x00\
>\x00<\x00b\x00r\x00>\x00\x0aW(N\xfbO\
U`\xc5Q\xb5N\x0b\xff\x0c_\x00S\xd1\x80\x05W\
GN\x0d[\xf9V\xe0O\x7fu(b\x16e\xe0l\
\xd5O\x7fu(g,\x8foN\xf6b@[\xfc\x81\
\xf4v\x84N\xfbOUv\xf4c\xa50\x01\x95\xf4c\
\xa50\x01\x96D^&b\x16T\x0eg\x9c`'c\
_[\xb3b\x7fb\xc5\x8d#N\xfb0\x02`\xa8t\
\x06\x89\xe3^vT\x0ca\x0f\xff\x0cO\x7fu(g\
,\x8foN\xf6SsN\xe3\x88h`\xa8]\xf2Q\
ER\x06N\x86\x89\xe3N\x0a\x8f\xf0\x98\xce\x96i\xff\
\x0c^v\x81\xeaa?b\x7fb\xc5Qh\x90\xe8T\
\x0eg\x9c0\x02\x00\x0a\x00<\x00b\x00r\x00>\x00\
<\x00b\x00r\x00>\x00\x0a\x00<\x00b\x00>~\
\xe7~\xedO\x7fu(g,\x8foN\xf6Ss\x88\
hy:`\xa8]\xf2\x96\x05\x8b\xfb0\x01t\x06\x89\
\xe3^vT\x0ca\x0f\x90u[\x88N\x0a\x8f\xf0b\
@g\x09gak>0\x02\x00<\x00/\x00b\x00\
>\x00<\x00/\x00h\x00t\x00m\x00l\x00>\x08\
\x00\x00\x00\x00\x06\x00\x00\x06\x02<html>T\
his software is \
intended solely \
for personal lea\
rning and resear\
ch purposes. Any\
 content downloa\
ded through this\
 project <b>is s\
trictly limited \
to personal, non\
-commercial use \
and must not be \
used for any com\
mercial purpose,\
 public distribu\
tion, sharing, r\
esale, or unlawf\
ul profit.</b>\x0a<\
br><br>\x0aThis sof\
tware operates e\
xclusively based\
 on the user's o\
wn legitimate ac\
count access rig\
hts and <b>does \
not bypass any p\
aywalls, members\
hip restrictions\
, or technical p\
rotection measur\
es.</b> You may \
only download co\
ntent that you a\
re authorized to\
 access through \
your normal logi\
n on the target \
platform. If you\
r account does n\
ot have permissi\
on to access cer\
tain content, th\
is software must\
 not be used to \
obtain it.\x0a<br><\
br>\x0a<b>Do not us\
e this software \
for bulk scrapin\
g, unauthorized \
redistribution o\
f content, or an\
y activity that \
violates the ter\
ms of service of\
 the target plat\
form.</b> You as\
sume full respon\
sibility for any\
 consequences ar\
ising from your \
use, including b\
ut not limited t\
o account suspen\
sion, copyright \
disputes, or oth\
er legal issues.\
\x0a<br><br>\x0aUnder \
no circumstances\
 shall the devel\
oper be liable f\
or any direct, i\
ndirect, inciden\
tal, or conseque\
ntial damages re\
sulting from the\
 use of or inabi\
lity to use this\
 software. By us\
ing this softwar\
e, you acknowled\
ge that you full\
y understand the\
 above risks and\
 voluntarily acc\
ept all associat\
ed responsibilit\
ies.\x0a<br><br>\x0a<b\
>Continuing to u\
se this software\
 indicates that \
you have read, u\
nderstood, and a\
greed to comply \
with all the ter\
ms stated above.\
</b></html>\x07\x00\x00\x00\x0c\
TERMS_OF_USE\x01\x03\x00\x00\
\x00\x10]\xf2R\xa0QeR0N\x0b\x8f}\x96\x1f\
R\x17\x08\x00\x00\x00\x00\x06\x00\x00\x00\x17Adde\
d to download qu\
eue\x07\x00\x00\x00\x0cTIP_MESS\
AGES\x01\x03\x00\x00\x00\x08\x96DR\xa0e\x87\
N\xf6\x08\x00\x00\x00\x00\x06\x00\x00\x00\x10Addi\
tional Files\x07\x00\x00\x00\
\x0cTIP_MESSAGES\x01\x03\x00\
\x00\x00\x12b@g\x09N\x0b\x8f}N\xfbR\xa1]\
\xf2[\x8cb\x10\x08\x00\x00\x00\x00\x06\x00\x00\x00'A\
ll download task\
s have been comp\
leted.\x07\x00\x00\x00\x0cTIP_M\
ESSAGES\x01\x03\x00\x00\x00\x06]\xf2[\
\x8cb\x10\x08\x00\x00\x00\x00\x06\x00\x00\x00\x09Com\
pleted\x07\x00\x00\x00\x0cTIP_M\
ESSAGES\x01\x03\x00\x00\x00\x0c\x8flc\
bN-\x00.\x00.\x00.\x08\x00\x00\x00\x00\x06\x00\
\x00\x00\x0dConverting...\
\x07\x00\x00\x00\x0cTIP_MESSAGE\
S\x01\x03\x00\x00\x00$\x8flcbN-\x00.\x00\
.\x00.\x00 \x00{\x00p\x00r\x00o\x00g\x00\
r\x00e\x00s\x00s\x00}\x00%\x08\x00\x00\x00\x00\
\x06\x00\x00\x00\x19Converting.\
.. {progress}%\x07\x00\
\x00\x00\x0cTIP_MESSAGES\x01\
\x03\x00\x00\x00\x08N\x0b\x8f}[\x8cb\x10\x08\x00\x00\
\x00\x00\x06\x00\x00\x00\x12Download \
completed\x07\x00\x00\x00\x0cTI\
P_MESSAGES\x01\x03\x00\x00\x00\x10\
N\x0b\x8f}\x5c\x01\x97bN-\x00.\x00.\x00.\
\x08\x00\x00\x00\x00\x06\x00\x00\x00\x14Downlo\
ading Cover...\x07\x00\
\x00\x00\x0cTIP_MESSAGES\x01\
\x03\x00\x00\x00\x10N\x0b\x8f}_9^UN-\x00\
.\x00.\x00.\x08\x00\x00\x00\x00\x06\x00\x00\x00\x16D\
ownloading Danma\
ku...\x07\x00\x00\x00\x0cTIP_ME\
SSAGES\x01\x03\x00\x00\x00\x10N\x0b\x8f}\
[W^UN-\x00.\x00.\x00.\x08\x00\x00\x00\
\x00\x06\x00\x00\x00\x18Downloadin\
g Subtitles...\x07\x00\
\x00\x00\x0cTIP_MESSAGES\x01\
\x03\x00\x00\x00\x06]\xf2Y1eH\x08\x00\x00\x00\x00\
\x06\x00\x00\x00\x07Expired\x07\x00\x00\x00\
\x0cTIP_MESSAGES\x01\x03\x00\
\x00\x00\x0eZ\x92OSO\xe1`o]\xf2f\xf4e\
\xb0\x08\x00\x00\x00\x00\x06\x00\x00\x00\x12Media\
 info updated\x07\x00\x00\
\x00\x0cTIP_MESSAGES\x01\x03\
\x00\x00\x00\x0cT\x08^vN-\x00.\x00.\x00.\
\x08\x00\x00\x00\x00\x06\x00\x00\x00\x0aMergin\
g...\x07\x00\x00\x00\x0cTIP_MES\
SAGES\x01\x03\x00\x00\x00$T\x08^vN\
-\x00.\x00.\x00.\x00 \x00{\x00p\x00r\x00\
o\x00g\x00r\x00e\x00s\x00s\x00}\x00%\x08\
\x00\x00\x00\x00\x06\x00\x00\x00\x16Merging\
... {progress}%\x07\
\x00\x00\x00\x0cTIP_MESSAGES\
\x01\x03\x00\x00\x00\x10\x89\xe3g\x90z\xe0\x82\x82N-\
\x00.\x00.\x00.\x08\x00\x00\x00\x00\x06\x00\x00\x00\x13\
Parsing Chapters\
...\x07\x00\x00\x00\x0cTIP_MESS\
AGES\x01\x03\x00\x00\x00bkcW(\x89\xe3\
g\x90{,\x00 \x00{\x00l\x00i\x00n\x00k\
\x00}\x00 ga\x94\xfec\xa5\xff\x0cQq\x00 \
\x00{\x00t\x00o\x00t\x00a\x00l\x00_\x00l\
\x00i\x00n\x00k\x00s\x00}\x00 ga\xff\x0c\
\x8f\xdb^\xa6\xff\x1a\x00{\x00p\x00r\x00o\x00g\
\x00r\x00e\x00s\x00s\x00}\x00%\x08\x00\x00\x00\
\x00\x06\x00\x00\x00EParsing li\
nk {link}, total\
 {total_links} l\
inks, progress: \
{progress}%\x07\x00\x00\x00\x0c\
TIP_MESSAGES\x01\x03\x00\x00\
\x00\x1ckcW(\x89\xe3g\x90\x82\x82p\xb9\xff\x1a\
\x00{\x00t\x00i\x00t\x00l\x00e\x00}\x08\x00\
\x00\x00\x00\x06\x00\x00\x00\x15Parsing \
node: {title}\x07\x00\x00\
\x00\x0cTIP_MESSAGES\x01\x03\
\x00\x00\x00\x5ckcW(\x89\xe3g\x90{,\x00 \
\x00{\x00p\x00a\x00g\x00e\x00}\x00 \x98u\
\xff\x0cQq\x00 \x00{\x00t\x00o\x00t\x00a\
\x00l\x00_\x00p\x00a\x00g\x00e\x00}\x00 \
\x98u\xff\x0c\x8f\xdb^\xa6\xff\x1a\x00{\x00p\x00r\
\x00o\x00g\x00r\x00e\x00s\x00s\x00}\x00%\
\x08\x00\x00\x00\x00\x06\x00\x00\x00DParsin\
g page {page}, t\
otal {total_page\
} pages, progres\
s: {progress}%\x07\x00\
\x00\x00\x0cTIP_MESSAGES\x01\
\x03\x00\x00\x00\x0c\x89\xe3g\x90N-\x00.\x00.\x00\
.\x08\x00\x00\x00\x00\x06\x00\x00\x00\x0aParsi\
ng...\x07\x00\x00\x00\x0cTIP_ME\
SSAGES\x01\x03\x00\x00\x00\x06]\xf2f\x82\
P\x5c\x08\x00\x00\x00\x00\x06\x00\x00\x00\x06Paus\
ed\x07\x00\x00\x00\x0cTIP_MESSA\
GES\x01\x03\x00\x00\x00 {I_\x85\x00 \x00\
F\x00F\x00m\x00p\x00e\x00g\x00 Y\x04t\
\x06N-\x00.\x00.\x00.\x08\x00\x00\x00\x00\x06\x00\
\x00\x00\x14Queued for FF\
mpeg...\x07\x00\x00\x00\x0cTIP_\
MESSAGES\x01\x03\x00\x00\x00\x0c{I\
_\x85N-\x00.\x00.\x00.\x08\x00\x00\x00\x00\x06\
\x00\x00\x00\x09Queued...\x07\x00\x00\
\x00\x0cTIP_MESSAGES\x01\x03\
\x00\x00\x00B\x00{\x00s\x00e\x00c\x00o\x00n\
\x00d\x00s\x00}\x00 y\xd2T\x0e\x91\xcd\x8b\xd5\
\xff\x08\x00{\x00c\x00u\x00r\x00r\x00e\x00n\
\x00t\x00}\x00/\x00{\x00t\x00o\x00t\x00a\
\x00l\x00}\xff\x09\x08\x00\x00\x00\x00\x06\x00\x00\x00*\
Retrying in {sec\
onds}s ({current\
}/{total})\x07\x00\x00\x00\x0cT\
IP_MESSAGES\x01\x03\x00\x00\x00\
\x12R.RJQCepcnN-\x00.\x00\
.\x00.\x08\x00\x00\x00\x00\x06\x00\x00\x00\x14Scr\
aping Metadata..\
.\x07\x00\x00\x00\x0cTIP_MESSAG\
ES\x01\x03\x00\x00\x00\x18d\x1c}\x22\xff\x1a\x00{\
\x00k\x00e\x00y\x00w\x00o\x00r\x00d\x00}\
\x08\x00\x00\x00\x00\x06\x00\x00\x00\x11Search\
: {keyword}\x07\x00\x00\x00\x0c\
TIP_MESSAGES\x01\x03\x00\x00\
\x00(\x8b\xe5\x89\xc6\x98\x91l\xa1g\x09\x00 \x00{\
\x00r\x00e\x00q\x00u\x00e\x00s\x00t\x00e\
\x00d\x00}\x00 \x7f\x16x\x01\x08\x00\x00\x00\x00\x06\
\x00\x00\x00\x1dThis video h\
as no {requested\
}\x07\x00\x00\x00\x0cTIP_MESSAG\
ES\x01\x03\x00\x00\x00F\x8b\xe5\x89\xc6\x98\x91l\xa1\
g\x09\x00 \x00{\x00r\x00e\x00q\x00u\x00e\
\x00s\x00t\x00e\x00d\x00}\x00 \x7f\x16x\x01\
\xff\x0c\x5c\x06e9N:N\x0b\x8f}\x00 \x00{\
\x00a\x00c\x00t\x00u\x00a\x00l\x00}\x08\x00\
\x00\x00\x00\x06\x00\x00\x00-This vid\
eo has no {reque\
sted}, using {ac\
tual}\x07\x00\x00\x00\x0cTIP_ME\
SSAGES\x01\x03\x00\x00\x00\x12kcW(\
\x83\xb7S\xd6{~T\x0d[\xc6\x94\xa5 &\x08\x00\
\x00\x00\x00\x06\x00\x00\x00 Waiting \
for the signatur\
e key...\x07\x00\x00\x00\x0cTIP\
_MESSAGES\x01\x03\x00\x00\x00\x10_\
SRM]\xf2f/g\x00e\xb0rHg,\x08\
\x00\x00\x00\x00\x06\x00\x00\x00(You are\
 already using t\
he latest versio\
n\x07\x00\x00\x00\x0cTIP_MESSAG\
ES\x01\x03\x00\x00\x00\x08O\x7fu(SO\x8b\xae\
\x08\x00\x00\x00\x00\x06\x00\x00\x00\x0cTerms \
of Use\x07\x00\x00\x00\x10Terms\
OfUseDialog\x01\x03\x00\x00\x00\
\x04S\xd6m\x88\x08\x00\x00\x00\x00\x06\x00\x00\x00\x06C\
ancel\x07\x00\x00\x00\x17TopNav\
igationDialogBas\
e\x01\x03\x00\x00\x00\x04xn[\x9a\x08\x00\x00\x00\x00\
\x06\x00\x00\x00\x02OK\x07\x00\x00\x00\x17TopN\
avigationDialogB\
ase\x01\x03\x00\x00\x00\x08n\x05\x96d\x8b\xb0_\
U\x08\x00\x00\x00\x00\x06\x00\x00\x00\x09Clear\
 All\x07\x00\x00\x00\x10TopStac\
kedWidget\x01\x03\x00\x00\x00\x08[\
\x8cb\x10e\xf6\x95\xf4\x08\x00\x00\x00\x00\x06\x00\x00\x00\
\x0fCompletion Time\
\x07\x00\x00\x00\x10TopStackedW\
idget\x01\x03\x00\x00\x00\x08R\x1b^\xfae\
\xf6\x95\xf4\x08\x00\x00\x00\x00\x06\x00\x00\x00\x0dCre\
ation Time\x07\x00\x00\x00\x10T\
opStackedWidget\x01\
\x03\x00\x00\x00\x08Qh\x90\xe8R \x96d\x08\x00\x00\
\x00\x00\x06\x00\x00\x00\x0aDelete Al\
l\x07\x00\x00\x00\x10TopStacked\
Widget\x01\x03\x00\x00\x00\x08N\x0b\x8f}\
\x8f\xdb^\xa6\x08\x00\x00\x00\x00\x06\x00\x00\x00\x11Do\
wnload Progress\x07\
\x00\x00\x00\x10TopStackedWi\
dget\x01\x03\x00\x00\x00\x08e\x87N\xf6Y'\
\x5c\x0f\x08\x00\x00\x00\x00\x06\x00\x00\x00\x09File\
 Size\x07\x00\x00\x00\x10TopSta\
ckedWidget\x01\x03\x00\x00\x00\x0c\
bS_\x00N\x0b\x8f}v\xee_U\x08\x00\x00\x00\
\x00\x06\x00\x00\x00\x17Open Downl\
oad Directory\x07\x00\x00\
\x00\x10TopStackedWidg\
et\x01\x03\x00\x00\x00\x08Qh\x90\xe8f\x82P\x5c\
\x08\x00\x00\x00\x00\x06\x00\x00\x00\x09Pause \
All\x07\x00\x00\x00\x10TopStack\
edWidget\x01\x03\x00\x00\x00\x04c\x92\
^\x8f\x08\x00\x00\x00\x00\x06\x00\x00\x00\x04Sort\
\x07\x00\x00\x00\x10TopStackedW\
idget\x01\x03\x00\x00\x00\x08Qh\x90\xe8_\
\x00Y\xcb\x08\x00\x00\x00\x00\x06\x00\x00\x00\x09Sta\
rt All\x07\x00\x00\x00\x10TopSt\
ackedWidget\x01\x03\x00\x00\x00\
\x08h\x07\x98\x98T\x0dy\xf0\x08\x00\x00\x00\x00\x06\x00\
\x00\x00\x05Title\x07\x00\x00\x00\x10Top\
StackedWidget\x01\x03\x00\
\x00\x00\x0ee\xb0rHg,]\xf2~\xcfS\xd1^\
\x03\x08\x00\x00\x00\x00\x06\x00\x00\x00\x1aA new\
 version is avai\
lable\x07\x00\x00\x00\x0cUpdate\
Dialog\x01\x03\x00\x00\x00\x04\x90\x00Q\xfa\
\x08\x00\x00\x00\x00\x06\x00\x00\x00\x04Exit\x07\x00\
\x00\x00\x0cUpdateDialog\x01\
\x03\x00\x00\x00\x0a\x8d\xf3\x8f\xc7kdrHg,\x08\
\x00\x00\x00\x00\x06\x00\x00\x00\x11Skip th\
is version\x07\x00\x00\x00\x0cU\
pdateDialog\x01\x03\x00\x00\x00\
\x08\x8foN\xf6f\xf4e\xb0\x08\x00\x00\x00\x00\x06\x00\
\x00\x00\x10Update Availa\
ble\x07\x00\x00\x00\x0cUpdateDi\
alog\x01\x03\x00\x00\x00\x08\x9alN\x0af\xf4\
e\xb0\x08\x00\x00\x00\x00\x06\x00\x00\x00\x0aUpda\
te now\x07\x00\x00\x00\x0cUpdat\
eDialog\x01\x03\x00\x00\x00v\x00{\x00\
l\x00a\x00t\x00e\x00s\x00t\x00_\x00v\x00\
e\x00r\x00s\x00i\x00o\x00n\x00}\x00 r\
Hg,S\xefO\x9bN\x0b\x8f}\xff\x0cO`_\
SRMO\x7fu(v\x84rHg,f/\x00\
 \x00{\x00c\x00u\x00r\x00r\x00e\x00n\x00\
t\x00_\x00v\x00e\x00r\x00s\x00i\x00o\x00\
n\x00}0\x02f/T&s\xb0W(f\xf4e\
\xb0\xff\x1f\x08\x00\x00\x00\x00\x06\x00\x00\x00\x84Ver\
sion {latest_ver\
sion} is availab\
le for download.\
 You are current\
ly using version\
 {current_versio\
n}. Would you li\
ke to update now\
?\x07\x00\x00\x00\x0cUpdateDial\
og\x01\x03\x00\x00\x00\x0af\xf4e\xb0Q\x85[\xb9\
\xff\x1a\x08\x00\x00\x00\x00\x06\x00\x00\x00\x0bWhat\
's new:\x07\x00\x00\x00\x0cUpda\
teDialog\x01\x03\x00\x00\x00\x1c\x81\xea\
[\x9aNI\x00 \x00U\x00s\x00e\x00r\x00-\
\x00A\x00g\x00e\x00n\x00t\x08\x00\x00\x00\x00\x06\
\x00\x00\x00\x14Customize Us\
er-Agent\x07\x00\x00\x00\x0fUse\
rAgentDialog\x01\x03\x00\x00\
\x00\x1c\x8b\xf7\x8f\x93Qe\x00 \x00U\x00s\x00e\
\x00r\x00-\x00A\x00g\x00e\x00n\x00t\x08\x00\
\x00\x00\x00\x06\x00\x00\x00\x19Please e\
nter a User-Agen\
t\x07\x00\x00\x00\x0fUserAgentD\
ialog\x01\x03\x00\x00\x00\x1e\x00U\x00s\x00\
e\x00r\x00-\x00A\x00g\x00e\x00n\x00t\x00\
 N\x0d\x80\xfdN:zz\x08\x00\x00\x00\x00\x06\x00\
\x00\x00\x1aUser-Agent ca\
nnot be empty\x07\x00\x00\
\x00\x0fUserAgentDialo\
g\x01\x03\x00\x00\x00\x04\x97\xf3\x8d(\x08\x00\x00\x00\x00\
\x06\x00\x00\x00\x0dAudio quali\
ty\x07\x00\x00\x00\x14VARIABLE_\
DESCRIPTION\x01\x03\x00\x00\x00\
\x08kLf\xf2O\x5c\x80\x05\x08\x00\x00\x00\x00\x06\x00\
\x00\x00\x12Author of the\
 song\x07\x00\x00\x00\x14VARIAB\
LE_DESCRIPTION\x01\x03\
\x00\x00\x00\x06\x00B\x00VS\xf7\x08\x00\x00\x00\x00\x06\
\x00\x00\x00\x09BV number\x07\x00\x00\
\x00\x14VARIABLE_DESCR\
IPTION\x01\x03\x00\x00\x00\x08T\x08\x96\xc6\
T\x0dy\xf0\x08\x00\x00\x00\x00\x06\x00\x00\x00\x10Co\
llection title\x07\x00\
\x00\x00\x14VARIABLE_DESC\
RIPTION\x01\x03\x00\x00\x00:\x89\xc6\x98\
\x91Q\x85[\xb9h\x07\x98\x98\xff\x08fn\x90\x1a\x89\
\xc6\x98\x91N:\x89\xc6\x98\x91h\x07\x98\x98\xff\x0cR\
\x06\x00P\x89\xc6\x98\x91N:_SRM\x5c\x0f\x82\
\x82h\x07\x98\x98\xff\x09\x08\x00\x00\x00\x00\x06\x00\x00\x00\
HContent title (\
video title for \
single videos, p\
art title for mu\
lti-part)\x07\x00\x00\x00\x14VA\
RIABLE_DESCRIPTI\
ON\x01\x03\x00\x00\x00\x08\x8b\xfez\x0bh\x07\x98\x98\
\x08\x00\x00\x00\x00\x06\x00\x00\x00\x0dCourse\
s title\x07\x00\x00\x00\x14VARI\
ABLE_DESCRIPTION\
\x01\x03\x00\x00\x00\x12_SRMR\x06\x00Pv\x84\
\x5c\x0f\x82\x82h\x07\x98\x98\x08\x00\x00\x00\x00\x06\x00\x00\
\x00\x14Current part's\
 title\x07\x00\x00\x00\x14VARIA\
BLE_DESCRIPTION\x01\
\x03\x00\x00\x00\x10N\x0b\x8f}N\xfbR\xa1R\x1b^\
\xfae\xf6\x95\xf4\x08\x00\x00\x00\x00\x06\x00\x00\x00\x1bD\
ownload task cre\
ation time\x07\x00\x00\x00\x14V\
ARIABLE_DESCRIPT\
ION\x01\x03\x00\x00\x00\x12N\x0b\x8f}N\xfbR\
\xa1R\x1b^\xfae\xf6\x95\xf4b3\x08\x00\x00\x00\x00\
\x06\x00\x00\x00 Download ta\
sk creation time\
stamp\x07\x00\x00\x00\x14VARIAB\
LE_DESCRIPTION\x01\x03\
\x00\x00\x00\x0a\x00e\x00p\x00_\x00i\x00d\x08\x00\
\x00\x00\x00\x06\x00\x00\x00\x0aEpisode \
id\x07\x00\x00\x00\x14VARIABLE_\
DESCRIPTION\x01\x03\x00\x00\x00\
\x08g,\x96\xc6\x7f\x16S\xf7\x08\x00\x00\x00\x00\x06\x00\
\x00\x00\x0eEpisode numbe\
r\x07\x00\x00\x00\x14VARIABLE_D\
ESCRIPTION\x01\x03\x00\x00\x00\x08\
g,\x96\xc6h\x07\x98\x98\x08\x00\x00\x00\x00\x06\x00\x00\
\x00\x0dEpisode title\x07\
\x00\x00\x00\x14VARIABLE_DES\
CRIPTION\x01\x03\x00\x00\x00\x08e6\
\x85\xcfe\xf6\x95\xf4\x08\x00\x00\x00\x00\x06\x00\x00\x00\x0d\
Favorite time\x07\x00\x00\
\x00\x14VARIABLE_DESCR\
IPTION\x01\x03\x00\x00\x00\x0ae6\x85\xcf\
e\xf6\x95\xf4b3\x08\x00\x00\x00\x00\x06\x00\x00\x00\x12\
Favorite timesta\
mp\x07\x00\x00\x00\x14VARIABLE_\
DESCRIPTION\x01\x03\x00\x00\x00\
\x0ae6\x85\xcfY9\x00I\x00D\x08\x00\x00\x00\x00\
\x06\x00\x00\x00\x0cFavorites i\
d\x07\x00\x00\x00\x14VARIABLE_D\
ESCRIPTION\x01\x03\x00\x00\x00\x0a\
e6\x85\xcfY9T\x0dy\xf0\x08\x00\x00\x00\x00\x06\
\x00\x00\x00\x0eFavorites na\
me\x07\x00\x00\x00\x14VARIABLE_\
DESCRIPTION\x01\x03\x00\x00\x00\
\x0ce6\x85\xcfY9b@g\x09\x80\x05\x08\x00\x00\
\x00\x00\x06\x00\x00\x00\x0fFavorites\
 owner\x07\x00\x00\x00\x14VARIA\
BLE_DESCRIPTION\x01\
\x03\x00\x00\x00\x12e6\x85\xcfY9b@g\x09\x80\
\x05\x00U\x00I\x00D\x08\x00\x00\x00\x00\x06\x00\x00\x00\
\x12Favorites owner\
 id\x07\x00\x00\x00\x14VARIABLE\
_DESCRIPTION\x01\x03\x00\x00\
\x00\x0e\x89\xc6\x98\x91v\x84[\x8ceth\x07\x98\x98\
\x08\x00\x00\x00\x00\x06\x00\x00\x00\x10Full v\
ideo title\x07\x00\x00\x00\x14V\
ARIABLE_DESCRIPT\
ION\x01\x03\x00\x00\x00\x0cN\x92R\xa8\x89\xc6\x98\
\x91h\x07\x98\x98\x08\x00\x00\x00\x00\x06\x00\x00\x00\x17I\
nteractive video\
 title\x07\x00\x00\x00\x14VARIA\
BLE_DESCRIPTION\x01\
\x03\x00\x00\x00\x08gav\xeeh\x07\x98\x98\x08\x00\x00\
\x00\x00\x06\x00\x00\x00\x0aItem titl\
e\x07\x00\x00\x00\x14VARIABLE_D\
ESCRIPTION\x01\x03\x00\x00\x00\x0c\
N\x0ak!\x89\xc2w\x0be\xf6\x95\xf4\x08\x00\x00\x00\
\x00\x06\x00\x00\x00\x11Last watch\
ed time\x07\x00\x00\x00\x14VARI\
ABLE_DESCRIPTION\
\x01\x03\x00\x00\x00\x0eN\x0ak!\x89\xc2w\x0be\xf6\
\x95\xf4b3\x08\x00\x00\x00\x00\x06\x00\x00\x00\x16La\
st watched times\
tamp\x07\x00\x00\x00\x14VARIABL\
E_DESCRIPTION\x01\x03\x00\
\x00\x00*\x82\xe5\x89\xc6\x98\x91N:Y\x1a\x00P\xff\
\x0cR\x19N:kd\x89\xc6\x98\x91v\x84`;h\
\x07\x98\x98\xff\x1bT&R\x19N:zz\x08\x00\x00\
\x00\x00\x06\x00\x00\x007Main titl\
e if video has m\
ultiple parts; o\
therwise empty\x07\x00\
\x00\x00\x14VARIABLE_DESC\
RIPTION\x01\x03\x00\x00\x00\x0eO\x1aT\
X\x8d-\x8b\xfez\x0b\x00I\x00D\x08\x00\x00\x00\x00\
\x06\x00\x00\x00\x0fMall course\
s id\x07\x00\x00\x00\x14VARIABL\
E_DESCRIPTION\x01\x03\x00\
\x00\x00\x0eO\x1aTX\x8d-UFT\xc1\x00I\x00\
D\x08\x00\x00\x00\x00\x06\x00\x00\x00\x0cMall \
item id\x07\x00\x00\x00\x14VARI\
ABLE_DESCRIPTION\
\x01\x03\x00\x00\x00\x0eO\x1aTX\x8d-\x8b\xfee\xf6\
\x00I\x00D\x08\x00\x00\x00\x00\x06\x00\x00\x00\x0eMa\
ll lesson id\x07\x00\x00\x00\
\x14VARIABLE_DESCRI\
PTION\x01\x03\x00\x00\x00\x0eO\x1aTX\x8d\
-\x8b\xfee\xf6\x00I\x00D\x08\x00\x00\x00\x00\x06\x00\
\x00\x00\x0fMall section \
id\x07\x00\x00\x00\x14VARIABLE_\
DESCRIPTION\x01\x03\x00\x00\x00\
\x10\x8b\xe5R\x06\x00P\x89\xc6\x98\x91`;h\x07\x98\
\x98\x08\x00\x00\x00\x00\x06\x00\x00\x00\x1bMulti\
-part video main\
 title\x07\x00\x00\x00\x14VARIA\
BLE_DESCRIPTION\x01\
\x03\x00\x00\x00\x1aR\x06\x00P\x89\xc6\x98\x91`;h\
\x07\x98\x98\xff\x08Y\x82g\x9c[XW(\xff\x09\x08\
\x00\x00\x00\x00\x06\x00\x00\x00'Multi-p\
art video main t\
itle (if exists)\
\x07\x00\x00\x00\x14VARIABLE_DE\
SCRIPTION\x01\x03\x00\x00\x00\x0eg\
en\x90R\x17\x88hv\x84T\x0dy\xf0\x08\x00\x00\
\x00\x00\x06\x00\x00\x00\x17Name of t\
he source list\x07\x00\
\x00\x00\x14VARIABLE_DESC\
RIPTION\x01\x03\x00\x00\x00\x08\x82\x82p\
\xb9h\x07\x98\x98\x08\x00\x00\x00\x00\x06\x00\x00\x00\x0aN\
ode title\x07\x00\x00\x00\x14VA\
RIABLE_DESCRIPTI\
ON\x01\x03\x00\x00\x00\x08N\x0a~\xa7h\x07\x98\x98\
\x08\x00\x00\x00\x00\x06\x00\x00\x00\x0cParent\
 title\x07\x00\x00\x00\x14VARIA\
BLE_DESCRIPTION\x01\
\x03\x00\x00\x00\x08R\x06\x00P^\x8fS\xf7\x08\x00\x00\
\x00\x00\x06\x00\x00\x00\x0bPart numb\
er\x07\x00\x00\x00\x14VARIABLE_\
DESCRIPTION\x01\x03\x00\x00\x00\
 R\x06\x00P^\x8fS\xf7\xff\x08N\xc5_S\x89\
\xc6\x98\x91N:Y\x1a\x00Pe\xf6g\x09eH\xff\
\x09\x08\x00\x00\x00\x00\x06\x00\x00\x00(Part \
number (only for\
 multi-part vide\
os)\x07\x00\x00\x00\x14VARIABLE\
_DESCRIPTION\x01\x03\x00\x00\
\x00\x12\x00s\x00e\x00a\x00s\x00o\x00n\x00_\
\x00i\x00d\x08\x00\x00\x00\x00\x06\x00\x00\x00\x09Se\
ason id\x07\x00\x00\x00\x14VARI\
ABLE_DESCRIPTION\
\x01\x03\x00\x00\x00\x08g,[c\x7f\x16S\xf7\x08\x00\
\x00\x00\x00\x06\x00\x00\x00\x0dSeason n\
umber\x07\x00\x00\x00\x14VARIAB\
LE_DESCRIPTION\x01\x03\
\x00\x00\x00\x08g,[ch\x07\x98\x98\x08\x00\x00\x00\
\x00\x06\x00\x00\x00\x0cSeason tit\
le\x07\x00\x00\x00\x14VARIABLE_\
DESCRIPTION\x01\x03\x00\x00\x00\
\x08z\xe0\x82\x82T\x0dy\xf0\x08\x00\x00\x00\x00\x06\x00\
\x00\x00\x0dSection title\
\x07\x00\x00\x00\x14VARIABLE_DE\
SCRIPTION\x01\x03\x00\x00\x00\x1cz\
\xe0\x82\x82T\x0dy\xf0\xff\x08\x82\xe5g*R\x06z\
\xe0\x82\x82R\x19N:zz\xff\x09\x08\x00\x00\x00\x00\
\x06\x00\x00\x002Section tit\
le (empty if not\
 divided into se\
ctions)\x07\x00\x00\x00\x14VARI\
ABLE_DESCRIPTION\
\x01\x03\x00\x00\x00\x04\x7f\x16S\xf7\x08\x00\x00\x00\x00\x06\
\x00\x00\x00\x0fSequence num\
ber\x07\x00\x00\x00\x14VARIABLE\
_DESCRIPTION\x01\x03\x00\x00\
\x00\x0ag,|\xfbR\x17h\x07\x98\x98\x08\x00\x00\x00\
\x00\x06\x00\x00\x00\x0cSeries tit\
le\x07\x00\x00\x00\x14VARIABLE_\
DESCRIPTION\x01\x03\x00\x00\x00\
\x08kLf\xf2T\x0dy\xf0\x08\x00\x00\x00\x00\x06\x00\
\x00\x00\x0aSong title\x07\x00\x00\
\x00\x14VARIABLE_DESCR\
IPTION\x01\x03\x00\x00\x00$\x8b\xe5z?\
N\xf6v\x84h\x07\x98\x98\xff\x08N\xc5R\x06\x00P\
N\x0eT\x08\x96\xc6gav\xeeg\x09P<\xff\x09\
\x08\x00\x00\x00\x00\x06\x00\x00\x00ATitle \
of the video; on\
ly set for multi\
-part or collect\
ion entries\x07\x00\x00\x00\x14\
VARIABLE_DESCRIP\
TION\x01\x03\x00\x00\x00\x0a\x00U\x00PN;\
\x00I\x00D\x08\x00\x00\x00\x00\x06\x00\x00\x00\x0bUp\
loader id\x07\x00\x00\x00\x14VA\
RIABLE_DESCRIPTI\
ON\x01\x03\x00\x00\x00\x0a\x00U\x00PN;f5\
y\xf0\x08\x00\x00\x00\x00\x06\x00\x00\x00\x0dUplo\
ader name\x07\x00\x00\x00\x14VA\
RIABLE_DESCRIPTI\
ON\x01\x03\x00\x00\x00\x08u(b7\x00I\x00D\
\x08\x00\x00\x00\x00\x06\x00\x00\x00\x07User i\
d\x07\x00\x00\x00\x14VARIABLE_D\
ESCRIPTION\x01\x03\x00\x00\x00\x08\
u(b7T\x0dy\xf0\x08\x00\x00\x00\x00\x06\x00\x00\
\x00\x09User name\x07\x00\x00\x00\x14\
VARIABLE_DESCRIP\
TION\x01\x03\x00\x00\x00\x04\x7f\x16x\x01\x08\x00\
\x00\x00\x00\x06\x00\x00\x00\x0bVideo co\
dec\x07\x00\x00\x00\x14VARIABLE\
_DESCRIPTION\x01\x03\x00\x00\
\x00\x0c\x89\xc6\x98\x91S\xd1^\x03e\xf6\x95\xf4\x08\x00\
\x00\x00\x00\x06\x00\x00\x00\x12Video pu\
blish time\x07\x00\x00\x00\x14V\
ARIABLE_DESCRIPT\
ION\x01\x03\x00\x00\x00\x0e\x89\xc6\x98\x91S\xd1^\
\x03e\xf6\x95\xf4b3\x08\x00\x00\x00\x00\x06\x00\x00\x00\
\x17Video publish t\
imestamp\x07\x00\x00\x00\x14VAR\
IABLE_DESCRIPTIO\
N\x01\x03\x00\x00\x00\x04u;\x8d(\x08\x00\x00\x00\x00\
\x06\x00\x00\x00\x0dVideo quali\
ty\x07\x00\x00\x00\x14VARIABLE_\
DESCRIPTION\x01\x03\x00\x00\x00\
\x06\x00a\x00vS\xf7\x08\x00\x00\x00\x00\x06\x00\x00\x00\
\x09av number\x07\x00\x00\x00\x14V\
ARIABLE_DESCRIPT\
ION\x01\x03\x00\x00\x00\x06\x00c\x00i\x00d\x08\
\x00\x00\x00\x00\x06\x00\x00\x00\x03cid\x07\x00\x00\x00\
\x14VARIABLE_DESCRI\
PTION\x01\x03\x00\x00\x00\x06\x00A\x00V\x00\
1\x08\x00\x00\x00\x00\x06\x00\x00\x00\x03AV1\x07\x00\
\x00\x00\x0bVIDEO_CODEC\x01\x03\
\x00\x00\x00\x12\x00A\x00V\x00C\x00/\x00H\x00.\
\x002\x006\x004\x08\x00\x00\x00\x00\x06\x00\x00\x00\x09\
AVC/H.264\x07\x00\x00\x00\x0bVI\
DEO_CODEC\x01\x03\x00\x00\x00\x04\x81\
\xeaR\xa8\x08\x00\x00\x00\x00\x06\x00\x00\x00\x04Aut\
o\x07\x00\x00\x00\x0bVIDEO_CODE\
C\x01\x03\x00\x00\x00\x14\x00H\x00E\x00V\x00C\x00\
/\x00H\x00.\x002\x006\x005\x08\x00\x00\x00\x00\
\x06\x00\x00\x00\x0aHEVC/H.265\x07\
\x00\x00\x00\x0bVIDEO_CODEC\x01\
\x03\x00\x00\x00\x10\x001\x000\x008\x000\x00P\x00\
 \x9a\xd8n\x05\x08\x00\x00\x00\x00\x06\x00\x00\x00\x051\
080P\x07\x00\x00\x00\x0dVIDEO_Q\
UALITY\x01\x03\x00\x00\x00\x12\x001\x000\
\x008\x000\x00P\x00 \x006\x000^'\x08\x00\
\x00\x00\x00\x06\x00\x00\x00\x0b1080P 60\
fps\x07\x00\x00\x00\x0dVIDEO_QU\
ALITY\x01\x03\x00\x00\x00\x12\x001\x000\x00\
8\x000\x00P\x00 \x9a\xd8x\x01s\x87\x08\x00\x00\
\x00\x00\x06\x00\x00\x00\x121080P Hig\
h Bitrate\x07\x00\x00\x00\x0dVI\
DEO_QUALITY\x01\x03\x00\x00\x00\
\x0e\x003\x006\x000\x00P\x00 mAuE\x08\
\x00\x00\x00\x00\x06\x00\x00\x00\x04360P\x07\x00\x00\
\x00\x0dVIDEO_QUALITY\x01\
\x03\x00\x00\x00\x0e\x004\x008\x000\x00P\x00 h\
\x07n\x05\x08\x00\x00\x00\x00\x06\x00\x00\x00\x04480\
P\x07\x00\x00\x00\x0dVIDEO_QUAL\
ITY\x01\x03\x00\x00\x00\x12\x004\x00K\x00 \x00\
S\x00D\x00R\x00 X\x9e_:\x08\x00\x00\x00\x00\
\x06\x00\x00\x00\x0f4K SDR Enha\
nced\x07\x00\x00\x00\x0dVIDEO_Q\
UALITY\x01\x03\x00\x00\x00\x0c\x004\x00K\
\x00 \x8d\x85\x9a\xd8n\x05\x08\x00\x00\x00\x00\x06\x00\x00\
\x00\x064K UHD\x07\x00\x00\x00\x0dVID\
EO_QUALITY\x01\x03\x00\x00\x00\x10\
\x007\x002\x000\x00P\x00 Q\xc6\x9a\xd8n\x05\
\x08\x00\x00\x00\x00\x06\x00\x00\x00\x04720P\x07\x00\
\x00\x00\x0dVIDEO_QUALITY\
\x01\x03\x00\x00\x00\x0c\x008\x00K\x00 \x8d\x85\x9a\xd8\
n\x05\x08\x00\x00\x00\x00\x06\x00\x00\x00\x068K U\
HD\x07\x00\x00\x00\x0dVIDEO_QUA\
LITY\x01\x03\x00\x00\x00\x08fz\x80\xfdO\xee\
Y\x0d\x08\x00\x00\x00\x00\x06\x00\x00\x00\x0aAI U\
pscale\x07\x00\x00\x00\x0dVIDEO\
_QUALITY\x01\x03\x00\x00\x00\x04\x81\xea\
R\xa8\x08\x00\x00\x00\x00\x06\x00\x00\x00\x04Auto\
\x07\x00\x00\x00\x0dVIDEO_QUALI\
TY\x01\x03\x00\x00\x00\x08g\x5ck\xd4\x89\xc6uL\
\x08\x00\x00\x00\x00\x06\x00\x00\x00\x0cDolby \
Vision\x07\x00\x00\x00\x0dVIDEO\
_QUALITY\x01\x03\x00\x00\x00\x0c\x00H\
\x00D\x00R\x00 w\x1f_i\x08\x00\x00\x00\x00\x06\
\x00\x00\x00\x0eHDR True Col\
or\x07\x00\x00\x00\x0dVIDEO_QUA\
LITY\x01\x03\x00\x00\x00\x04\x5c\x01\x97b\x08\x00\
\x00\x00\x00\x06\x00\x00\x00\x05Cover\x07\x00\x00\
\x00\x0fViewCoverDialo\
g\x01\x03\x00\x00\x00b\x00J\x00P\x00E\x00G\x00\
 V\xfeP\xcf\x00 \x00(\x00*\x00.\x00j\x00\
p\x00g\x00)\x00;\x00;\x00P\x00N\x00G\x00\
 V\xfeP\xcf\x00 \x00(\x00*\x00.\x00p\x00\
n\x00g\x00)\x00;\x00;\x00W\x00e\x00b\x00\
P\x00 V\xfeP\xcf\x00 \x00(\x00*\x00.\x00\
w\x00e\x00b\x00p\x00)\x08\x00\x00\x00\x00\x06\x00\
\x00\x00:JPEG Image (*\
.jpg);;PNG Image\
 (*.png);;WebP I\
mage (*.webp)\x07\x00\x00\
\x00\x0fViewCoverDialo\
g\x01\x03\x00\x00\x00\x06S\xe6[XN:\x08\x00\x00\
\x00\x00\x06\x00\x00\x00\x07Save As\x07\x00\
\x00\x00\x0fViewCoverDial\
og\x01\x03\x00\x00\x00$\x8c\x03etN;z\x97\
S\xe3W(T/R\xa80\x01\x8f\xd0\x88LT\x8c\
Qs\x95\xede\xf6v\x84\x88LN:\x08\x00\x00\x00\
\x00\x06\x00\x00\x00LAdjust the\
 behavior of the\
 main window dur\
ing startup, run\
time, and shutdo\
wn\x07\x00\x00\x00\x19WindowBeh\
aviorSettingCard\
\x01\x03\x00\x00\x00\x08`;f/\x8b\xe2\x95\xee\x08\x00\
\x00\x00\x00\x06\x00\x00\x00\x0aAlways a\
sk\x07\x00\x00\x00\x19WindowBeh\
aviorSettingCard\
\x01\x03\x00\x00\x00\x16\x90\x09b\xe9Qs\x95\xedN;\
z\x97S\xe3e\xf6v\x84d\xcdO\x5c\x08\x00\x00\x00\
\x00\x06\x00\x00\x00.Choose the\
 action when clo\
sing the main wi\
ndow\x07\x00\x00\x00\x19WindowB\
ehaviorSettingCa\
rd\x01\x03\x00\x00\x00\x0aQs\x95\xedN;z\x97\
S\xe3\x08\x00\x00\x00\x00\x06\x00\x00\x00\x15Clos\
e the Main Windo\
w\x07\x00\x00\x00\x19WindowBeha\
viorSettingCard\x01\
\x03\x00\x00\x00\x08\x90\x00Q\xfaz\x0b^\x8f\x08\x00\x00\
\x00\x00\x06\x00\x00\x00\x10Exit the \
program\x07\x00\x00\x00\x19Wind\
owBehaviorSettin\
gCard\x01\x03\x00\x00\x00\x16\x5c\x06z\x97S\
\xe3Y\xcb~\xc8\x7fnN\x8ehL\x97b\x98v\x90\
\xe8\x08\x00\x00\x00\x00\x06\x00\x00\x00,Keep \
the window alway\
s on top of the \
desktop\x07\x00\x00\x00\x19Wind\
owBehaviorSettin\
gCard\x01\x03\x00\x00\x00\x10g\x00\x5c\x0fS\
\x16R0|\xfb~\xdfbXv\xd8\x08\x00\x00\x00\x00\
\x06\x00\x00\x00\x17Minimize to\
 system tray\x07\x00\x00\x00\
\x19WindowBehaviorS\
ettingCard\x01\x03\x00\x00\x00\x0c\
\x8b\xb0OOz\x97S\xe3r\xb6`\x01\x08\x00\x00\x00\
\x00\x06\x00\x00\x00\x15Remember W\
indow State\x07\x00\x00\x00\x19\
WindowBehaviorSe\
ttingCard\x01\x03\x00\x00\x00$T\
/R\xa8e\xf6`bY\x0dN\x0ak!Qs\x95\
\xede\xf6v\x84z\x97S\xe3Y'\x5c\x0fT\x8cO\
M\x7fn\x08\x00\x00\x00\x00\x06\x00\x00\x00ERes\
tore the window \
size and positio\
n from the last \
session on start\
up\x07\x00\x00\x00\x19WindowBeh\
aviorSettingCard\
\x01\x03\x00\x00\x00\x08\x97Y\x9e\xd8T/R\xa8\x08\x00\
\x00\x00\x00\x06\x00\x00\x00\x0cSilent S\
tart\x07\x00\x00\x00\x19WindowB\
ehaviorSettingCa\
rd\x01\x03\x00\x00\x00\x16T/R\xa8z\x0b^\x8f\
e\xf6N\x0df>y:N;z\x97S\xe3\x08\x00\
\x00\x00\x00\x06\x00\x00\x005Start th\
e application wi\
thout showing th\
e main window\x07\x00\x00\
\x00\x19WindowBehavior\
SettingCard\x01\x03\x00\x00\x00\
\x08z\x97S\xe3\x7fn\x98v\x08\x00\x00\x00\x00\x06\x00\
\x00\x00\x0bStay on Top\x07\x00\
\x00\x00\x19WindowBehavio\
rSettingCard\x01\x03\x00\x00\
\x00\x08z\x97S\xe3\x88LN:\x08\x00\x00\x00\x00\x06\
\x00\x00\x00\x0fWindow Behav\
ior\x07\x00\x00\x00\x19WindowBe\
haviorSettingCar\
d\x01\
\x00\x00\x04\xc9\
<\
svg xmlns=\x22http:\
//www.w3.org/200\
0/svg\x22 width=\x2232\
\x22 height=\x2232\x22 vi\
ewBox=\x220 0 24 24\
\x22><!-- Icon from\
\x0d\x0a    Simple Ico\
ns by Simple Ico\
ns Collaborators\
 -\x0d\x0a    https://\
github.com/simpl\
e-icons/simple-i\
cons/blob/develo\
p/LICENSE.md -->\
\x0d\x0a    <path fill\
=\x22#00a1d6\x22\x0d\x0a    \
    d=\x22M17.813 4\
.653h.854q2.266.\
08 3.773 1.574Q2\
3.946 7.72 24 9.\
987v7.36q-.054 2\
.266-1.56 3.773c\
-1.506 1.507-2.2\
62 1.524-3.773 1\
.56H5.333q-2.266\
-.054-3.773-1.56\
C.053 19.614.036\
 18.858 0 17.347\
v-7.36q.054-2.26\
7 1.56-3.76t3.77\
3-1.574h.774l-1.\
174-1.12a1.23 1.\
23 0 0 1-.373-.9\
06q0-.534.373-.9\
07l.027-.027q.4-\
.373.92-.373t.92\
.373L9.653 4.44q\
.107.106.187.213\
h4.267a.8.8 0 0 \
1 .16-.213l2.853\
-2.747q.4-.373.9\
2-.373c.347 0 .6\
62.151.929.4s.39\
1.551.391.907q0 \
.532-.373.906zM5\
.333 7.24q-1.12.\
027-1.88.773q-.7\
6.748-.786 1.894\
v7.52q.026 1.146\
.786 1.893t1.88.\
773h13.334q1.12-\
.026 1.88-.773t.\
786-1.893v-7.52q\
-.026-1.147-.786\
-1.894t-1.88-.77\
3zM8 11.107q.56 \
0 .933.373q.375.\
374.4.96v1.173q-\
.025.586-.4.96q-\
.373.375-.933.37\
4c-.56-.001-.684\
-.125-.933-.374q\
-.375-.373-.4-.9\
6V12.44q0-.56.38\
6-.947q.387-.386\
.947-.386m8 0q.5\
6 0 .933.373q.37\
5.374.4.96v1.173\
q-.025.586-.4.96\
q-.373.375-.933.\
374c-.56-.001-.6\
84-.125-.933-.37\
4q-.375-.373-.4-\
.96V12.44q.025-.\
586.4-.96q.373-.\
373.933-.373\x22 />\
\x0d\x0a</svg>\
\x00\x00\x18\x80\
G\
IF89a0\x000\x00\xf7\x00\x00\xff\xff\xff\x00\
\x00\x00\xfe\xfe\xfe\xfd\xfd\xfd\xfc\xfc\xfc\xfb\xfb\xfb\x08\x08\
\x08\x01\x01\x01\x82\x82\x82^^^\x22\x22\x22GGG\
uuu\x02\x02\x02\x0a\x0a\x0a\x83\x83\x83\xfa\xfa\xfa\xd8\
\xd8\xd8hhhggg\x0d\x0d\x0dFFF\xdc\xdc\
\xdc\xec\xec\xec%%%\x11\x11\x11eeexxx\
\x1f\x1f\x1f~~~\x1e\x1e\x1e'''MMM\xef\
\xef\xef\x98\x98\x98\x81\x81\x81\xea\xea\xea\xb0\xb0\xb0\xc2\xc2\
\xc2\xcb\xcb\xcb\xa3\xa3\xa3\xb6\xb6\xb6]]]\x1a\x1a\x1a\
fff***\x0c\x0c\x0cCCC\xe4\xe4\xe4\xf6\
\xf6\xf6\xa4\xa4\xa4\xb7\xb7\xb7iii\x1b\x1b\x1b\x0e\x0e\
\x0eZZZNNN\xed\xed\xed\x96\x96\x96\x93\x93\x93\
\x92\x92\x92\xb8\xb8\xb8\xa6\xa6\xa6\xf3\xf3\xf3\xf5\xf5\xf5\xd0\
\xd0\xd0JJJ\x0b\x0b\x0b\xa7\xa7\xa7\xbf\xbf\xbf\xba\xba\
\xbaBBB---   111\x99\x99\x99\
\xb4\xb4\xb4\xb9\xb9\xb9\xdd\xdd\xdd\xe6\xe6\xe6\xf8\xf8\xf8$\
$$RRR\x04\x04\x04///HHHdd\
d\xeb\xeb\xeb\xbc\xbc\xbcccc\xcd\xcd\xcd\xa2\xa2\xa2\
\x1d\x1d\x1dOOO\xe2\xe2\xe2\xc0\xc0\xc0\xe7\xe7\xe7\x18\
\x18\x18\x15\x15\x15DDD000\xe9\xe9\xe9\x91\x91\
\x91\x9e\x9e\x9e\x9b\x9b\x9b\xbb\xbb\xbb```\xda\xda\xda\
\xc5\xc5\xc5\x09\x09\x09EEE!!!IIIa\
aa...\x10\x10\x10\x0f\x0f\x0fPPP\xe3\xe3\
\xe3\xf1\xf1\xf1\xf2\xf2\xf2\xa0\xa0\xa0\xd9\xd9\xd9\x8a\x8a\x8a\
\xd4\xd4\xd4YYY\xa8\xa8\xa8\xbd\xbd\xbd\xb5\xb5\xb5\xab\
\xab\xab\xce\xce\xce\xc4\xc4\xc4\x88\x88\x88\xc1\xc1\xc1\x9a\x9a\
\x9a\x1c\x1c\x1crrr\xf7\xf7\xf7AAA\xf9\xf9\xf9\
\x06\x06\x06\x84\x84\x84\x80\x80\x80[[[###k\
kk\xe5\xe5\xe5\xb3\xb3\xb3\xdf\xdf\xdf\xc3\xc3\xc3\x17\x17\
\x17\xde\xde\xde\x05\x05\x05\xc7\xc7\xc7\xb1\xb1\xb1\x9d\x9d\x9d\
\xe0\xe0\xe0XXX222\x87\x87\x87\x85\x85\x85\xa1\
\xa1\xa1\x8c\x8c\x8c\xa9\xa9\xa9@@@\x07\x07\x07ww\
w\xee\xee\xee|||___\x5c\x5c\x5c???\
\xdb\xdb\xdb\xe8\xe8\xe8\x16\x16\x16\x86\x86\x86&&&L\
LLWWW\x03\x03\x03lll\xaa\xaa\xaa\xc8\xc8\
\xc8KKK,,,\xd2\xd2\xd2\xa5\xa5\xa5QQQ\
UUU333SSSvvv\xe1\xe1\xe1q\
qq===\x14\x14\x14jjj\xca\xca\xca\xf4\xf4\
\xf4>>>}}}ttt\xc6\xc6\xc6{{{\
mmm\xf0\xf0\xf0\x9f\x9f\x9f\xd1\xd1\xd1\xc9\xc9\xc9\xaf\
\xaf\xaf\x7f\x7f\x7f\x13\x13\x13\x89\x89\x89pppoo\
ozzzyyysss\xd6\xd6\xd6\xb2\xb2\xb2\
bbb\x8d\x8d\x8d\xcc\xcc\xcc\x19\x19\x19\xad\xad\xad)\
))\x12\x12\x12\xcf\xcf\xcf\x94\x94\x94\xbe\xbe\xbeTT\
T\xae\xae\xaennn\xac\xac\xac\xd5\xd5\xd5\x00\x00\x00\
\x00\x00\x00\x00\x00\x00\x00\x00\x00\x00\x00\x00\x00\x00\x00\x00\
\x00\x00\x00\x00\x00\x00\x00\x00\x00\x00\x00\x00\x00\x00\x00\x00\
\x00\x00\x00\x00\x00\x00\x00\x00\x00\x00\x00\x00\x00\x00\x00\x00\
\x00\x00\x00\x00\x00\x00\x00\x00\x00\x00\x00\x00!\xff\x0bN\
ETSCAPE2.0\x03\x01\x00\x00\x00!\
\xf9\x04\x04\x04\x00\xff\x00,\x00\x00\x00\x000\x000\x00\
\x00\x06\xbb@\x80pH,\x1a\x8f\xc8\xa4r\xc9l:\
\x9fCB\x81 \x80Z\x91\xa1X\xb10\xb8z#\x9f\
\xcc\xaa\x05B\x98 \xc2B\xd5\xfb\xec\x04\xde\xf0\x80\x87\
aI\xb3\x9d\x11\x8c\xcb\x10\x7f\x1f&\x17\x00TwM\
$0'2\x12\x1co\x0d\x01\x14(B]\x84O\x02\
)/q\x1a\x91\x93J\x02\x03\x05\x05C3\x0a\x01|\
\x0b\x9a\x9bL\x04\x04\x00\x03*\xa4\x01\x15Bk\xa8K\
\xa0\x00\x0f\xaf,\x82\xb4M\x03\xab\x08\x01\x0e\x01%\xbb\
\xbcK\x02\xab\x09\x01\x07\x22\xc6NU\x03\x1b#\x92\x92\
\xceI\xb3\xd6O]j\xd9W\xd8\xddI\x03\xdf\xe0\xe4\
\xe5\xe6\xe7\xe8\xe9\xea\xeb\xec\xed\xee\xef\xf0\xf1\xf2\xf3\xf4\
\xf5\xf6\xf7\xf8\xf9\xfa\xfb\xfc\xfd\xfe\xff\xd6\x82\x00\x00!\
\xf9\x04\x05\x04\x00\x02\x00,\x16\x00\x03\x00\x14\x00\x0e\x00\
\x00\x07F\x80\x02\x02@\x82\x85\x86\x87\x85\x00<\x14\x82\
B\x02E\x88\x88\x005\x88+\x91\x86\x00;\x02C\x97\
\x9d\x02?\x02A\x82\x0a\x87D\x9e\x86F\x87\x12\xa7\xac\
\xad\xae\xaf\xb0\x82>\xb1\x8269\xb0\x0a\x01\x014\xb0\
=\x01\x0d8\xb1:70\x81\x00!\xf9\x04\x05\x05\x00\
\x02\x00,\x17\x00\x03\x00\x15\x00\x11\x00\x00\x07N\x80\x02\
\x00\x00\x02\x85\x86\x87\x88\x86\x003QTR\x89\x90\x8a\
J\x88\x5c\x91\x88\x00KS\x96\x9b\x00WZ\x9b\xa0\x87\
U\xa1\x96X\xa4\x967\xa7\xa0Y\xaa\x89[\xad\x87\x14\
\x17\xb0\x86V\xb4\x85\x07N\xb0G\x01\x01\x0c\xb0L\xbd\
IP\xb0+\xbdO\xb0MH<\x02\x81\x00!\xf9\x04\
\x05\x04\x00\x02\x00,\x18\x00\x04\x00\x15\x00\x15\x00\x00\x07\
d\x80\x00\x00fB\x02l\x02\x88\x89\x8a\x8b\x00A\x8b\
\x02k\x8f\x8f\x00ea\x8fj`\x92\x8a\x00`hY\
\x1c\x8amg\x9a\x92Ln\x8aj\xa4\x92M\xaa\xad\x8b\
p\xae\xa4\x12\xb1\xb4\xb5\xb6\x8fq\xb7i\x89\x91\xb6\x0b\
\xb7\x89\xbb\x025\xc0o\x88_\xb7\x13\x01\x01#\xb72\
\xcb]\xb7Z\xcbd\xb7^\x07\x01bP\xb7c\x01\xd1\
\xb7P&\xdb\x81\x00!\xf9\x04\x05\x04\x00\x02\x00,\x19\
\x00\x04\x00\x14\x00\x1a\x00\x00\x08x\x00\x05\x00\x00\xf0\xe3\
\x84\x80\x83\x08\x13*\x1c\x08\x84\x8a\x80$\x0a#\x22\x1c\
\xa8G\xa2\xc5\x89\x00\xf6\x84\xb9\xc8\xb1\xa3\xc7?Q<\
Z\x8c\x83\xb0\x82\xc8\x93'\xfd\xa0\x14\xd0g%B\x08\
\x085\xac\x04\xe4\x12\xe1\x91\x9a\x02f\xe0\xdc\xc9\xb3\xa7\
\x00$.\x0d\x08\xa8\xb1\xf2\xc2\x1c\x01b\xf0\xa0\xbc@\
'\x80\x98;(\xed\x18\x08P\x03\x0aJ-\x01\x02\xc8\
Y\x99'k\x9d\x95\x13\xb2\x8eX\xc9'\x09\x15\x18\x02\
\x02\x02\x00!\xf9\x04\x05\x04\x00\x02\x00,\x1b\x00\x02\x00\
\x13\x00#\x00\x00\x08\x9b\x00\x01\x08\x14@\xb0\xa0\xc1\x83\
\x08\x13*\x14\x08@aB\x86\x00\x049<\xc8\xd0\x90\
\x80)YHL$(0\x81\x00F\x1b\x0f>\x09Y\
p \xc1&\x06\x15\x91Dxd\xe5\xc1,.\x1b\x15\
D\xe1\xd2\xa3\xcb\x9b\x06\x0b\xe0t\xa8s\x22\x81\x9d\x04\
\x7f\x1a\x14\xca\x13a\xcf\xa2\x07\x89\x02]\xca\xb4\xa9S\
\x9c:e\x0c\xddx\xb4`U\x87I\x02\x04\xf8\x22@\
)\xc2\x9f=\xb4\x1eZ\x14\xf2\xe7\x11\xad\x88\x04\x5c=\
\xa83E\x80\x06\x01,\x90L\xf4F+\x0b\xb5>\x05\
\x10\x0ap\x80N\x88\x95\x81\xb4\x06\xc2K\xb2\xd0 \x84\
\x01\x01\x00!\xf9\x04\x05\x04\x00\x02\x00,\x1e\x00\x03\x00\
\x0e\x00(\x00\x00\x08\x8b\x00\x05\x00\x10@\xb0\xa0\xc1\x83\
\x03\x0f\x22L\xa8\xb0 \x80\x87\x0f\x1b\x12\x84()\x92\
\x1f\x89\x10\xc7\x10\x9c Q\xe0\xa3\x82\x0b:\x1et\xd3\
\x90\xa1\xc8\x93(E\x0e(HCd\x8f\x82\x94R\xca\
\xf4@ e%\x998s\xea\xdc\xc9\xb3\xa7\xcf\x8e5\
Q\x02\xfa\xa9\x93@\x12\x947D\xd6t\x14\xc0\x80\x00\
\x14\x07\x0b\x10dj @\x16\x01A\xb1b}\xd44\
\xc0\x8b\x863\xdet=\xd2\xb0C\x80\x00\x07\x02\xa8\x91\
\x08\xa9A\x00\x17P%N\xfa\xa0\xe1\x82\xd6\x93R\x1b\
\x06\x04\x00!\xf9\x04\x05\x04\x00\x02\x00,\x13\x00\x05\x00\
\x19\x00)\x00\x00\x08\xc3\x00\x05\x08\x1cH\xb0\xa0\x00\x00\
\x06\x13*$\x88p\xa1\xc3\x83\x00\x1a>\x5c\x181\xe2\
D\x8a\x15!\x5cd\xd80\x22\x11\x17\x9d6&\x04\xf0\
!\x80\x80H\x22\x0d\x8a\x1a8*e\xc1\x90.\x0d\x12\
\xe0\x12\xd3\xe0\xa4\x9a\x06I\xe1$xS\xc0\x9b\x9d\x02\
<\x00\x15\x98e\xa8\x80<@\x07\x10$c\xb4\xa9\xd3\
\xa7PS\x862\x1aG (\x9c\x8bh\x0a`3T\
\x01\x81\xa1\x1b\x86N\xe14\x94F\xd4\x9a~\xca\x8a,\
\x90\x10\xceD\x02\x05\xd8&\xac\x92\x12\x8a&E\x045\
<\xbcB\x82R\xa6Mj\x0e\x050y\xd1\xc9\x07:\
60\x0d^\x1c\xa0\xc1C\xb6\x9f\x183\xe6\xc0\xe0\xd2\
EN\x9e\xe6X\xf2@\x05\xc7\x83Jr\xe5N\xcc\xf1\
C#A\xd1.\xe1~\xbd\x18\x10\x00!\xf9\x04\x05\x05\
\x00\x02\x00,\x0a\x00\x09\x00\x22\x00%\x00\x00\x08\x9d\x00\
\x05\x08\x1cH\xb0\xa0A\x83\x00\x0e*\x5c\xa8\x10\x80C\
\x86\x10\x19:|\x18\xb1\xa2\xc0\x84\x13)Z\xb4\xe8\x10\
\x82\x9e\x84\x1b-\x16X%\x00UH\x8bzN\xaa\x5c\
y\xd2\x03\xcb\x970cVD!3\x22\x92\x9a8s\
\xea\xdc\xc9\xb3\xa7\xcf\x9f@\x83\x0a\x1dJ\x94 \x01\x9f\
$\x04\x16\xd8\xa9*@\xaaE\x02\x8e\xe2l\x15\xa0\xaa\
\x87\x14\x03\x0b,\x8d\xc9\xa0j\xd5#3\x06\xe4\xf4C\
!@\x83\xaa\x1cX\xc88\xe1\x05\xe6\xd1S\x1a\xbc\xca\
-\x15s++S5\xe4\xe2\xdc\xba\xe8\x0b!\x1cr\
V\xb8\xda[0\xd1\x8f\x9d[a\x06\x04\x00!\xf9\x04\
\x05\x04\x00\x03\x00,\x02\x00\x0b\x00*\x00#\x00\x00\x08\
\xd6\x00\x07\x08\x1cH\xb0\xa0\xc1\x83\x08\x07\x02H\xc8\xb0\
\xa1\xc3\x85\x0e#\x22\x848\x00\x00E\x89\x18\x0dZ\xdc\
\x98\xb1c\xc1\x8d\x16=\x8a\xac\xc8qdG\x90&=\
\x02Ht\xe1bJ\x87\xad`\x0dH\xf1\x12c-\x81\
\xb7jJ\xb4%P\x89\xce\x9f@\x83\xbe\x8cpJ(\
B\x01\x03\x96\x04\xf0@\xc2\xa8A\x02\x03b\x05\x08\x10\
j@\x01\xa7\x03\xaf\xbe\x9aj\xc5*V\x81P\xd9L\
\xf5p\xf5\xeb@\x02\x1c\xa62\xf1\xfa\xf5\xea\x86\xa9\x8a\
\x06@5;\x80\xd3\x94\x06\x01h\x96\xc5z\x95\xc6T\
.s\xe9\x86\xb01U\x96\x5c\xb3W\xfd\x040\x10\xa0\
\x03]\xaf~\xdb\x04p\xf4X \x9c\xc5\x03T\xcd\x0d\
\xecT\xc8\x00\x03\x02\x9bT\xa6E\xd0M\xe5\x01s\x08\
B\x12(\xc8,\xadY\xa7\x07r\x1a\xc0!6X6\
\xb6s\x83=\x9c2 \x00!\xf9\x04\x05\x04\x00\x03\x00\
,\x02\x00\x0b\x00,\x00\x22\x00\x00\x08\xfa\x00\x07\x08\x1c\
\xa8%\xd7\xc0\x83\x08\x13*\x5c\x98\xb0\xc0\x80Q\x01\x02\
\x14aH\xb1\x22\xc3S\x14\x22\xf2\x18@\xc0\xa2G\x8a\
\x0e5DT\x90\xe8\xa3I\x86\xac\x0e4\x08\xd0d\x80\
\xc3\x93\x0a\x01\x80\x1c\xb0!\xe2\x18\x8e0O\xca\x14\x08\
\xa5F\xc4\x969\x19\xee\x1c8t@\x91\x91A-\xca\
\x04\xb0\x13\x80CP\x11%\xb8L\xbap)\xd3\xa5\x02\
AD\xd45\x95jB\xabL\x07\xec\xc4\x15Q\x90W\
\x8aW\x87.:\x14\xc0\x80\x9d\xb3B\xd3\x0a\xc4\xe3*\
\x00\x9d\x0bp\xab\xca\x1d@7\x80\x8d+yc\x02H\
\x14v\xc0\xda\x00\xa5\xde\x06F\x08\xa0\x0f\xa33C\xc9\
\x0c\x08pb\xb1\xc7]\x96)\xfa\xca\xcc\xb9\xf3@\x05\
\x9eC[\x5c%z\xe1\xa4\x8fIJ3|\xa4\xba\xb5\
\xeb\xd7\x99\xdf\xc04\xe2\xd5\xcaAE\x9a\x16\x81d\x92\
\x17\x85\x8b\x83\x87\xd4\x9c\xc9DI\xa0\x1d-[l[\
V\xbe\xd0@h'\x1f\xa3\x94\xf60\xb0\x17\xaf\x01\x99\
\x04\x94\x86p6 \x00!\xf9\x04\x05\x04\x00\x03\x00,\
\x02\x00\x02\x00,\x00*\x00\x00\x08\xfb\x00\x07\x08\x1cH\
\xb0\xe0\x00\x02\x05\x08\x18\x5c\xc8\xb0a\xc3\x02\x05\x179\
\x9cHQ \xc4\x83&>\xed\xa22\xac\x0b\x94\x8a \
\x09^\xe4\xf4\x8bK\x80\x93(\xff\x1c\x0cYQa\x0e\
Z\xb3P\xa2< \xcc\x18\xcb\x90~\xe8\x04hp\x92\
K\x9c-\xc5\x80\xdd\x0c\x19I\xe6\x91I\x10\x86\xde\xbc\
\x15\xc0@\x80$=\x06\x16\xb8\xa8t\x22S\xa7\xaa\x14\
\x22\xacJQ!\xb1\xa6\x01FX\xe4\xca\xd2\xa9X\x85\
do\xaaH\xcb\x92\xc6@\xb4l)R\x8a\xcbU\x11\
\xdd\x96o\x042Yyw\xa1B6\x02=$\xed[\
\xd1\x0a\xe1\x86\x0a\xa5\x08\xdcr\xd8!\x19\x81'\x1aK\
\x9eL\xb9\xf2\x00\x00\x96\x0d\x02\xd8\x9cy\xe0f\xce\x99\
1\x7f\x16mY\xf4\xe7\xcb\xa1\x01\x08\xe0\x8c\x99\xb2i\
\xd0\x9de\x04\xbb@\xda\xb2\x11\x81\x8fZw\xde=0\
\x15o\x81\x8d\x06\xea\xea\xfc`\xa0\x86\xdf\x03\xdc\xd0\x85\
\xbb0\x05r\xe4I\x0a\xfa\xf8\xedv7\x87\xddT\xba\
\x0c\x18\xc4|b@\x00!\xf9\x04\x05\x04\x00\x03\x00,\
\x06\x00\x02\x00&\x00)\x00\x00\x08\xf6\x00\x07\x08\x1cH\
\xb0\xa0\xc1\x01\x05\x0e*\x5c\xa8\x10\x0f\x9eE\x05\x132\
\x9c(P\xd9\xc0\x1a\xae\xc4\xd4\xa0\xb2\xeb\x93\x09\x02\x02\
%R<\xf8\xc6`\x80\x93(\xb9\xfc\xba\x14r\xe4@\
\x16\x07\x19\xd9\xb0Q\x0a%\xca\x06,r\x0c\x00IQ\
\x86A\x16\xba\x04\x92 a\xe7D\x9e\x04\x5cN\xce\x0a\
@!(\xc5\x09\x04\x85Q\x5c\xa4\xe9\x98M+.\x07\
p\xd14\xb1\x80H&\x1e\x02\x18\x08Paa\x95\x81\
\x9d\xb2\x22\x04\x09\xa1O\x806\x01\xce\xfeT{\x10\x82\
@d\x01\x86\x04\x00U\x10\x05\xdd\x85 Q\x9dt\xf4\
\x97\xee\x193\x055\x14^\xcc\xb8\xb1\xe3\xc7\x90#K\
\x9eL\xb9\xb2\xe5\xcb\x983k\xde\xcc\xb9\xb3g\xcd\x02\
,\x03\x18\x00\x00@h\xd1\xa4K\x8f\xc6\xacz\xf4j\
\xca\xad_\xc3\x16\xa0\x9ateJ\x04L\xbb\xae\x1cg\
\xc0\x98\xdc\x96\x8d\x08\x0c0\x80U\xe5&e\x07&\x9b\
L\x84X\xc1\x0c\x812cb\xd6,\xf32/\x13\x03\
\x02\x00!\xf9\x04\x05\x04\x00\x07\x00,\x13\x00\x02\x00\x1a\
\x00+\x00\x00\x08\xd2\x00\x0f\x08\x1c(\x90\xc0\x01\x83\x04\
\x13*\x5c\xc8\xb0\xa1\xc3\x03\xca\x1eJ\x1c\xf8f\xa2\xc5\
\x8b\x09m\xe9b\x81\xb1\xe3\x04\x87\x08\x19j\x22\x08\xa7\
\xa3I\x8c\x06\x0e|,pr\xa0\x81\x002\x0e\xb0\xec\
hPE\x80\x00..\xb4<\x98\xe4\xa6\x86\x9d\x07R\
\x04h0\x8b\x12PR77\x00\x9dtSAH\x93\
\x10<\xdcd\x034\xcb\xcdW@C\xdd\x94\x02\xb4\xd8\
M2@\xbd\x94\x0aph\xd1N\x126\x02\xb8\xfa\xb1\
\xf3\xc2\x1c\xb5@\xed\xbc\xe4b\xd6\xe4\x80\x03\xd0\xbe\x02\
uv\x13G\xd7\x9b\xce\x80\x1exfB\xb0\xe1\xc3\x88\
\x05\x08\x06`\x981P\xc7\x00\x1cw\x04\xa0X@\xe4\
\xc8-/_\x9e\xacy3F\x0d-\x9cQ\xb6,\xb9\
\xa3\x01(\x94\x19\x97\xbe\xd8\x07\xf3\x81\xbb\x0c\x1f,\xf4\
\xf5)\x13\xe4\xc5\x13\x03\x02\x00!\xf9\x04\x05\x05\x00\x03\
\x00,\x17\x00\x0c\x00\x15\x00\x22\x00\x00\x08\x9b\x00\x07\x08\
\x1cHp\xa0\xb4\x82\x08\x13*\x5c\xc8\xb0\xa1\xc3\x87\x10\
#J\x9cH\xb1\xa2\xc5\x8b\x183jL\xa8E \x92\
\x892,\xb2\x10\x88`b\x92\x00\x01\x0aI\x04\x84\xd2\
\x03\x04\x88\x04\x06(B\xc9@b\x8f\x00\x0d\x1a\x5c\x92\
\xc8\x01\xa5\x84\x01\x05\x1c\xc6L\x80\xd2\xc6\xa9\x871\x1f\
\x040\x10@\x17\xd0\x87\x08\x96\x06\x18\x19\xd3\xa1\x0a\xa9\
U\x16\x02\x00@\xf0W\x00\x07\x01\x16@\x0c\xea\xe8@\
\x80\x9f\x08\xc1l]\xbbu\xa0\xa1h\x0a\x1d|\x88\xc0\
V\x00\xd7\x81U\x13v`{\xf7\xa9\xc2i\x18\xf4\xb0\
\x8d\xd8\x16ca\x87\x01\x01\x00!\xf9\x04\x05\x04\x00\x02\
\x00,\x04\x00\x0f\x00*\x00\x1f\x00\x00\x08\xad\x00\x05\x08\
\x14\x98b\xa0\xc1\x83\x08\x13\x0a(\xa0\xb0\xa1\xc3\x87\x0f\
\x19B\x9c\xa8P\x22\xc5\x8b\x18\x05\x12\xc8\x98\xd1\xe2@\
\x8f\x1c!\x82\x14\xb01\xa4\xc9\x93(S\xaa\x5c\xf9\xf0\
\x0e\xcb\x8cH\x04\x0az\xf9\x10\x84@]4\x1dJ\xcb\
\x09\xb1\x08\xcf\x87Pj\xfctXmhC'\x01~\
\x164\x8ap$S\x01\x8f\x1e\xe2\x14\x88\xe0\xe9@+\
V\x11\x8eIY\xe0F\xc6\xad\x03\x97\x0a\x00\x00\xe0`\
Y\x83\xca\x0e\xa9\xac\x10\xe2\xac\xc3Ds\x92\xa2d$\
\x80\x1a\xd9\xbbn\x0fR\x09`\x83\x08\xca6'\xf0\xe2\
E\xd8\xea\x0c\x98\x94\x92\x04\x0fN\x98\xf7\xa4b\xb2Y\
\xc76\xfey\x17\xe1d\x88\x01\x01\x00!\xf9\x04\x05\x04\
\x00\x02\x00,\x05\x00\x0b\x00)\x00\x22\x00\x00\x08\x9b\x00\
\x05\x08\x1c(\xa0\x03\xc1\x83\x08\x13*\x5c\xc8\xb0\xa1\xc3\
\x87\x10#J\x9cH\xb1\xa2\xc5\x8b\x183j\xdc\xc8\xb1\
\xa3\xc7\x8f C\x8a\x1cI\xb2\xa4\xc9\x8b\x05\x16J\x00\
\x99\xf2`KH\x00@\x0eX\xd8\xe4\xe4\xc01%S\
\xae\x19X\xd3d\x16\x9b\x02/\x0cT\x034\x80\x80S\
'\x7f\x09\xb0\x06 \xa6\x00\xa7\x22O5\x9d\xfa\x14\xea\
\xc3T\x12\xa7R%h\x15! \x057!j\xdd\xca\
\xf0T\x05\xa3\x02\xadd\x1d\xeb\x90Z\x00F\x02Qd\
\xadJv\xe1\x896\xb3&\x08\x9d\xe8\xb4)DIN\
0\xf6\x8d\xd8\xf2bW\x8d\x01\x01\x00!\xf9\x04\x05\x04\
\x00\x03\x00,\x03\x00\x1a\x00+\x00\x13\x00\x00\x08|\x00\
\x07\x08\x1cPl\xa0\xc1\x83\x08\x13*\x5c\x88f\xa1\xc3\
\x87\x09\x09\x0c\xd8#0\x14\xc4\x8b\x18!\x5c{\x00\x00\
\xa3G\x85\x12\x01\x88\x149\xa0\xe3\xc7\x85\x12\x13v\x1c\
\xb9\xf2\xa4K\x81,[\xbe4X\xc0\xe1J\x963]\
\xc6,\x99\x13\xe3\xcd\x91<{\x0e\xf4\xa3\xf0\xa7\xd0\x83\
\xc4 \x9a\xcc)\xe0\xe8\xc9&\x06\x178u\x08\xe8\xc5\
T\x8c}\x02\x0chp\xf5!\x90)\x01\xb4v}\xe8\
\x0c\x096`c\xd3\x0aM\x891 \x00!\xf9\x04\x05\
\x04\x00\x02\x00,\x02\x00\x04\x00)\x00)\x00\x00\x08\xab\
\x00\x05\x08\x1cH\xb0\xa0\xc0\x07 p\x19\x5c\xc8\xb0a\
\xc1d\x0e#J\x9cH\xb1\xa2@\x22\x05!Y\xdcX\
\xb0\x02\x16\x00\x1c9&i\x12\xb2\xa4\xc9\x93(\x1b\xfa\
I\xc9\xb2eAb\x03A\xba\x8c\x98ff\xc4\x0a6\
#\xce\xc8i\xd0\x16\xcf\x86\xd2\x04\xaa\xf9Y0\x94\xc0\
\x1eD\x09\x02\x00\xf41\xa9@\x00P\xa1:\x15\x10U\
\xaa\xd3\xaa2\x93b\x9dJ5\xea\xd5\xaeR\xb3\xe6\x04\
Y\x95*Q\xb2V\xb9&%)`\x05\xd71j\x0b\
\xae\x89K\xb7.\xd1\x02v\xf3&%\xa0\xf6\xce\x84C\
\x04\xdb\x9c\xf9\xb9!@\x80\x81qZ\x11=c8\x09\
\x83KSM|\xa1\x0b\x12\xaf\xc3\x80\x00!\xf9\x04\x05\
\x04\x00\x06\x00,\x02\x00\x04\x00*\x00*\x00\x00\x08\xd4\
\x00\x0d\x08\x1cH\xb0\xa0\x01\x13\x06\x13*\x5c\xa8\x90\x95\
\x01\x0f\x0c#J$X\x86[\x80\x89\x18#:s@\
\x90\x8b*g\x06\xecd\xcc\xa8\x86\xa0\xb0m\x05F\xaa\
<2\xf0P\x09\x950\xc7\x10L\x04S%\xb1\x9a5\
\x01\x18X\xe4\xe0\xe22\x9c#\x01\x00\xa0\xc6(\x1bP\
\x8c:\x85\x02Xt4\xa3R\xa1\x06t6]\x98T\
i\xd4\xa9\x11\x9f&\xc5\xaa\xb0\xaaU\xae]\xa3Z\x95\
\x0a\xb6\xa0\xd7\xade\xbb\x92M\xcb\xb6\xad\xdb\xb7p\xe3\
\xd6$#\xb7\xe0\xae\xba\x06n\x1ax\x85\x17\x92@6\
x\x05\xbe\x19Pw\x81\xc0\x0du\x9b\x0c\x04\x16\xd8@\
\xa4\xc6x\xa5A\x96K\x00o\x81\x94\x02SL\x8e\xdb\
\x0a\x8d\x15\x0e\x04m\xa0h{a\xc5E\x82\x12r\xb8\
\xd5\x16\xe04^\x11\xb7>\xb1\xa9\xbc9\xae\x00\x03\x05\
hK\x0c\x08\x00!\xf9\x04\x05\x05\x00\x02\x00,\x06\x00\
\x05\x00#\x00'\x00\x00\x08\x89\x00\x05\x08\x1c\x08@ \
\xa5\x81\x08\x13*\x5c\xb8\x10@\x11\x86\x10#&\x04\x00\
\xe0\x9a\xc4\x8b\x0c)\x02 \xb1\xe0\x08\xc6\x8f\x024j\
\x04\x89Q$E\x92\x11\x0b\x9a\x14X\x10eF\x91!\
]J\x1c\xd9RfJ\x9b8s\xea\xdc\xc9\xb3\xa7\xcf\
\x9f@\x83\x0a\x1dJ\xb4\xa8\xd1\x88'\x8a\x86*\x1a\xa7\
(\x17\xa2\x93\x8a\x92\x22\x9a\xe2\xe8\xd0\x1bV\x03\x01\x95\
6\x94\xc0#\xabU\x88\x12\xd3\xd9\xca\x9b\x8c\x85~t\
v;\x10`\xe8\x9b\xb6CG\x1d\xea%E@%\x89\
\x01\x01\x00!\xf9\x04\x05\x04\x00\x02\x00,\x0b\x00\x02\x00\
\x1e\x00,\x00\x00\x08\x89\x00\x05\x08\x1c(\x00\x80A\x82\
\x08\x13*\x1c\x08\x00\xe1\xc1\x85\x10\x056,h\xd0`\
\x84\x0f\x113V\xdc\x88,\xa3\xc2\x89\x1b7F\xc00\
\xc4\xe3\xc7\x90\x1bM\x9e\xac\xa8\xb2%\xc5\x89.\x13>\
\x8cI\xb3\xa6\xcd\x9b8s\xea\xdc\xc9\xb3\xa7\xcf\x9f@\
\x83\x0a\x1dJ\xb4\xa8\xd1\xa38\x17!]\xca\xb4)N\
?N\x87\x12\x18\xaa\x09\xa1\x86\x98`(e\xda\xa4\xe6\
\x10B\x14./:\xc0\xa4\xd0\x8aK\x08\x02:\x04\x08\
\xd0s\xe44\x0fTp\xf0\xbc\x83\x16\xe8T\x8f\x01\x01\
\x00!\xf9\x04\x05\x04\x00\x02\x00,\x08\x00\x02\x00%\x00\
+\x00\x00\x08\xd1\x00\x05\x08\x1cH\xb0 A\x00\x08\x0d\
*\x5c\xc8P@\xc2\x83\x0d#\x1aDH\xb1\xa2@\x00\
\x123V\xdc\xf8\x10cF\x86\x1cC:\xfc\xd80\xe4\
F\x92$M\xa2\x8c\xf8\xd0\xe1\xc9\x95,1r\x84)\
\xd1\xe3I\x8f4\x17\xca\xb4\x883\xe7D\x97\x14}\xc6\
\x0c*T'\xd0\x96E\x15\xf2LZP&\x93o\x12\
z2\x1d\x08\xa0\xd7\xd4\x8c\x0f\xae2\xec\xa2\xb5\xab\xd7\
\xaf`\xc3\x8a\x1dK\xb6\xac\xd9\xb3h\xd3\x0aX46\
R\x9b=a\x81\x05\x98\xdb!\xac\xaf\x00\x06\x02\xc8b\
K\xc0+\x08\xbc\x01jL\x02\xcbl\xee\x5cRL \
x\x1d\x95!@\x83\xb9\x5c\xd4l9A\x89\x04\x89\xa2\
\x05\x04\x84\x88\x84\xc9\xb0aL\x14($\xcd,\x00\x18\
*H\x9e\x03h%-\x00\x1a\xb5>\xbd<\xb8\x12#\
\x16\xc2\x0f\x9f\x01\x01\x00!\xf9\x04\x05\x04\x00\x02\x00,\
\x03\x00\x11\x00+\x00\x1b\x00\x00\x08\xff\x00\x05\x08\x1cH\
\xb0\xa0\xc1\x83\x08\x05\x00X\x98\xb0\xa1\xc3\x86\x0b\x19\x02\
\x10\xb0\xa6\x82\xb4\x87\x18\x0dN\x8c\xb8Q@\x9d\x00\x01\
Ld\x1c\xa9Pa\xc4\x92d@f\x22I\x92\xa3@\
(5\x02\x94\x82\xc1r$\xc7\x89w\x86\x05\xa0s\xa5\
f\xc6\x9b\x02\xf0\xb8\x0a`\x83\x84O\x8c@\x17\x1d\x92\
\xe9\xe5\xe8C\xa0\x02\xa8\x80,\xe6\xd4\xa1K\x81\x1f\x03\
\xe4\xa9\x8ap\xe3\xc9\x89\xa0@r\xe3z\xd0\xabD\x01\
l@r\x81@V\xa3\xcb\x89\x04\x14\x80d\xd2v\xa0\
\xd9\x89\x047\x80$%\x80@\xdd\xbb%\x05r\x9a\xd5\
 @\x8a\xbf&O\x0e, \x80\x06\xc8$\x8c\xdb\x02\
\xc5;0\x84\x0d\x90\x8f\x04\x0c\xa8z\x97\xf2b\x01~\
\x02\x18\x08\xd0\xa1\xef\xd1\xce\x81\x092&&\xa0\x94S\
\xbc\x93\x1bV\x19\xa8jsM\xa8\x0f\x17\x0c|\xd3\xa3\
%n\x8cV\x0ajr\xb8\x08\x9c\x007\xad\x14\x93D\
\xe1\xc2\xe0\x99\x95\x04\xb7\xa8 x\x8d\xa1\xcf\x0bV\x1a\
\xb04\xd1\xf1\xa8\x13\x06\x1c\x1er\x0eATW`\x81\
J\x0fp\xc8\x19X\xe3h@\x00!\xf9\x04\x05\x04\x00\
\x07\x00,\x02\x00\x06\x00 \x00(\x00\x00\x08\xd2\x00\x0f\
\x08\x1c8\x90\x00\xc1\x83\x08\x13*\x14(c\xc5\xaa;\
\x0b#*\x9c\x10\xa0\xa2\x1f\x89\x18\x07V\x09` @\
\xb8\x0b\x191.\xe0\x18@U\xc8\x88\x065\x90\x1cq\
ra\x81\x03\xbaH>8`\xb0e\xc2\x0b.*&\
8\xf0\xd2\xe6\xc1\x97*\x03\xbc\xf1\xb9\xd0B\x80\x06\x01\
R\x1c\x18@\x94 \xd3l\x15\x15\xd1lz\x10\x02\x97\
\x8a\x80\x96R\x15\xc8\xb4P\xc5$=\xb7juTQ\
\x83V\xb1\x02\x0e\x80\x10\x88\xe2@Z\xb1\x02q\x09\xd4\
\x02\xb7\xae\xdd\xbbx\xf3\xea\xdd\xcb\xb7\xaf\xdf\xbf\x80\x03\
\xc3E\xc0\x97\x15\xde\xb5\x1e\x9a\x01\x10\xb8\x18c\xe3\xc6\
\x08\xa3\xd9\x01@\x19\xb2B\xca!+k\xb6\x8cps\
\xc4\xcd\xa0Ck^\xb8X\xb4\xe9\xd1\xa4\x19\x9f\x0e\x9d\
\xf1\xf1j\xcc\x078\x9fD=P\xf6V\xd8\x02\x03\x02\
\x00!\xf9\x04\x05\x04\x00\x02\x00,\x03\x00\x03\x00\x18\x00\
$\x00\x00\x08\xb1\x00\x05\x08\x1cH\xb0 A(w\xee\
\x18\x5cX@ \x94?\xd2@ \xa9!\xc6\xd57?\
\x0b\x056\x14\x10\xc1\xda\xb7\x00 C\x82\x8c\x92Q \
\x898\x22C\x96\xa23\x07\x13\xb9\x92\x02\x1c\x04h\x00\
\xf2\x8d\x04\x22\xe3\xec\x5c\xb9\x92\x03\xe6\xc0\x00U\x9a\xf8\
,\xf9\xc6\xc8P\x98\x04\x04$=*@\x82\xc1\x8dL\
\xa3\xfa\xe4&\xd5 \xac\xaa\x06\xcba%Xa+\xc1\
\x1e[\x07y\x1dHH`\x02\xaf\xb9\xc4\xb9(\xe6\x15\
@\xb3f\x00\xb6\x02\x98;W.\xdd\xb8X\xef\xe2\xad\
\xaa\xb7-]\xbfu\xed\x06\xce{W\xf0`\xbe\x7f\xf7\
F\xed\xcbW\x00c\xc4\x7f\x1b\xf7U<4\xeec\xc8\
\x94\xa5\x1e\xf6\x19\x10\x00!\xf9\x04\x05\x05\x00\x06\x00,\
\x04\x00\x02\x00 \x00,\x00\x00\x08\xc6\x00\x0d\x08\x1cH\
\x90\xe0\x00\x02\x05\x0a*\x5c\xc8\xd0\xc0\x00\x86\x89\x1aJ\
,\xf8\xa5\xe00\x03H\xba\xbc\xfa\x02A`\xc2\x89\x06\
,\x188\xc40\x80\xc9\x00\x87\xb29\x01i@\x83\xc4\
R'O\x1e`\x11\xa2\xe19\x85\x1a\xb6x\x1bh\xc7\
\x1b\x0a\x16IL6\x08\x80\xebcAc\x8c\x06\x8eI\
\x012\x85\x22\x93\x8c\x9a)\x04\x00\xe0\x85\x01\x0c3\x06\
\x1e\x9c8\xc3\xdc\xa4\xa9\x02\x00\xc4\xc0\xb2H\xe0C\x96\
S\x0dP\x05\x10\x16\xad\xc2\x01g\x01\xa8]+\xd7\xad\
D\xbar\xeb\xda-\x98w\xed\xde\xbbt\xff6\x0c\xac\
W\xf0@\xbc\x86\x17\x22N\xcc\xd7/\xe3\xc6T\x1fO\
-,\xb9\xb2\xe5\xcb\x983k\xde\xcc\xb9\xb3\xe7\xcf\xa0\
C\x8b\x1eM\xda-\xe5\xd2\xa8S\xab^M\xf0\xb4\xc0\
\x80\x00!\xf9\x04\x05\x04\x00\x03\x00,\x00\x00\x00\x000\
\x000\x00\x00\x08\xb7\x00\x07\x08\x1cH\xb0\xa0\xc1\x83\x08\
\x13*\x5c\xc8\xb0\xa1\xc3\x87\x04\x0b@\x9c8Q\x22\xc5\
\x85\x00\x04\x0a\x00p\xe5\x86A)\x03\xa0]\xc4(\x10\
\x00\x80\x02\x00\x10)Lr\x0d\x98@\x8b#\x07d4\
i\x92\x00\x80t\x0c11{\x19\xb3$M\x93\x1b\xd5\
\xd9\x22(\x92[Aq\xa3z\xca\xfcir!\x01\x82\
\x01\x02\xa0S\xfasa\x01\x98\x038\x040\x10\x00D\
O\x9a2\x1b\x16xJ\xe0F\x806\x01|)\xa5h\
\xb1C\xd4\x00\x9cbf\xbc\xf8tO\x9bHk{.\
\xca\xcb\xb7\xaf\xdf\xbf\x80\x03\x0b\x1eL\xb8\xb0\xe1\xc3\x88\
\x13+^\xcc\xb8\xb1\xe3\xc7\x90#K\x9eL\xb9\xb2\xe5\
\xcb\x983k\xde\xcc\xb9\xb3\xe7\xcf\x95\x03\x02\x00;\
\x00\x00\x02\xbc\
\x00\
\x00\x0b\x1fx\xda\xe5V\xcbn\xa30\x14\xdd\x8f4\xff\
`y6\xad\x84\xc1\x0f\x0c\xa4\x0a]\xcc\xbe\x1fA\x09\
\x09L\x09D\xe0&i\xbe~\xee5v\x92\xa1]t\
\xa4.\x22\xd5\x92\xe1\xfap\x1f\xe7\xd8\x17\xc4r\xdco\
\xc8\xbe\x1a\xc6\xa6\xefr*BA\xc9q\xdbvcN\
kcv\x0fQt8\x1c\xc2\x83\x0a\xfba\x13I\xce\
y\x04\xfe\xce\xe5\xe1\xd86\xdd\xcbG\x8eb\xb1XD\
\xf6)\xfd\xf9\x83\xc084+S\xe74\xcevGJ\
\xea\xaa\xd9\xd4\xc6\xaf\xf6Mu\xf8\xdd\x1fs\xca\x03\x1e\
H\x9d\xe0\xa4\x8fS\xd8rC\xccPt\xe3\xba\x1f\xb6\
9\xb5f[\x98\xea\x8e\x09\x19f\x81\xbd\xde\x93\xb1,\
\xda\xea\x0e\x98\x070\xef}\xa8\x0b_7m\x9b\xd3_\
\xdc\x0ej\x97lxm\xab\x9cv}w\xaa\x86\x9e\x92\
\xd1\x0c\xfd\xcb\x04T~\xc5\x1caq\x06@LU\x16\
\xbb\x9c>\xbf\x1aC/5p\x5c\xb9\xfc\xe9\x1b\xd8\xc6\
mc\xaa\xe1\x1cjWm\x037H\xc8\xcf\xf0\xaa\x18\
\xebb\x18\x8a\xb7\x9c\xfe\x83\xf5\xeb\xf5X\x81+\x9fU\
Y\xf7\x9da\xebb\xdb\xb4o\x9e\xac\x85\x0en;\xaf\
\xa0\xb19\x9d\x05\x99\xeahX\xd1\x95u?8hN\
\xfe\x0d\xb7c\xdb\x1c\xd9s[u+\xb6\xedW\xd5\x03\
\xe9`\xcb\x8b\xf6z7\xdf\x1f\xc8\xb4\xf3:T8\x02\
w\xbf\x9f\xc7\xd8\xb8]a\xea\xf70\x8eUN\x9f\x94\
\x0cu\xa0K&\xc38Iu\xc0\x09\x8b\x01\x90!W\
RO6\xcc=\x0fu\xcd$\xb8\x96\x0c\xcc\x98/t\
\x00\x06\xe7i\x02N\x22\xe4q,d\xc0C\x09\xeb\x04\
\x01%\x92L\x01\x90\xc6*\x13\x18#S\x99\x0a\x00\xa0\
\x08\xe6\xf5\x00\x86j\x11\x13\x0e\x96\x16Re\xe5\xdc\x15\
r\xa4:\xcb0\x178&d\x96\xbbFRH\xaf\x84\
\x0e\xb6\x12\xc8\xc4\x1di\x13G\xbf<\x8bC\x809q\
\xd6Fq(\xa9\xd6\x98\xc2I\xf3\xca\xbc0\xe6\x95\xf9\
\xe2\xcc+\xf3l\xd9\x85\xae\x03.\xca\x98\x97\xc6\xdey\
3\xaf\x8eyyl^\xa2f\xdaQ\x04\x85\xee\x94\x88\
\x93`\xe9O\x87\x84\x97\xd3t\x98\xb8\x87Y\x9c\xa0\x5c\
\xa8\x0cb\x12\xad\xb45a\xee\x05\x14R\x0b{&\x5c\
&1>\x17\x89\xe0\x8a\x5c\x01\x90Z\x01q`\x99%\
J\xd9\x90E\x9a\x96\x88`bt\xc5\x9c\x98\x0f\x09[\
\x03\x13\xba\xaa\x16r>n\x81\x95\x99/\xed\x0b1_\
\xfa\x0ap\xa5\x99\xaf\xcd.\xc5]\x01\xe2\x8acN\xe2\
\x93\x9f\x9e\x84F\x1ei\xf8\xb9V\xd67\xd8\xc9\xfak\
\x1a\xd9\xbe\xa5\xb7\xd9\xc9\xf6]\xfdd+\xdb\xf3\x94\xd6\
\xf7\x1bv\xb3\x02\xe1\x81\xe2\x9f\xfb,\xf3[\xfc,\xf3\
\xaf\xe9\xe6\xf4f\x9b9\xfd\x8f\xcf\xb2=M\xf5\x1d;\
\x99>.#\xfc\x01\x99\xff\xccD\x9b\xeb\x9f\xc5\xf3j\
\xb2\x96\xf8\xa7\xfb\xf8\x17 2s\xc1\
\x00\x00\x06\xfd\
<\
svg version=\x221.1\
\x22 xmlns=\x22http://\
www.w3.org/2000/\
svg\x22 xmlns:xlink\
=\x22http://www.w3.\
org/1999/xlink\x22\x0d\
\x0a    width=\x2248px\
\x22 height=\x2248px\x22 \
viewBox=\x220,0,256\
,256\x22>\x0d\x0a    <g t\
ransform=\x22transl\
ate(-12.8,-12.8)\
 scale(1.1,1.1)\x22\
>\x0d\x0a        <g fi\
ll=\x22#000000\x22 fil\
l-rule=\x22nonzero\x22\
 stroke=\x22none\x22 s\
troke-width=\x221\x22 \
stroke-linecap=\x22\
butt\x22\x0d\x0a         \
   stroke-linejo\
in=\x22miter\x22 strok\
e-miterlimit=\x2210\
\x22 stroke-dasharr\
ay=\x22\x22 stroke-das\
hoffset=\x220\x22\x0d\x0a   \
         font-fa\
mily=\x22none\x22 font\
-weight=\x22none\x22 f\
ont-size=\x22none\x22 \
text-anchor=\x22non\
e\x22\x0d\x0a            \
style=\x22mix-blend\
-mode: normal\x22>\x0d\
\x0a            <g \
transform=\x22scale\
(5.33333,5.33333\
)\x22>\x0d\x0a           \
     <path\x0d\x0a    \
                \
d=\x22M12.5,4c-2.46\
75,0 -4.5,2.0325\
 -4.5,4.5v31c0,2\
.4675 2.0325,4.5\
 4.5,4.5h23c2.46\
75,0 4.5,-2.0325\
 4.5,-4.5v-21c-0\
.00008,-0.3978 -\
0.15815,-0.77928\
 -0.43945,-1.060\
55l-0.01562,-0.0\
1562l-12.98437,-\
12.98437c-0.2812\
7,-0.2813 -0.662\
75,-0.43938 -1.0\
6055,-0.43945zM1\
2.5,7h11.5v8.5c0\
,2.4675 2.0325,4\
.5 4.5,4.5h8.5v1\
9.5c0,0.8465 -0.\
6535,1.5 -1.5,1.\
5h-23c-0.8465,0 \
-1.5,-0.6535 -1.\
5,-1.5v-31c0,-0.\
8465 0.6535,-1.5\
 1.5,-1.5zM27,9.\
12109l7.87891,7.\
87891h-6.37891c-\
0.8465,0 -1.5,-0\
.6535 -1.5,-1.5z\
M17.5,25c-0.5409\
5,-0.00765 -1.04\
412,0.27656 -1.3\
1683,0.74381c-0.\
27271,0.46725 -0\
.27271,1.04514 0\
,1.51238c0.27271\
,0.46725 0.77588\
,0.75146 1.31683\
,0.74381h13c0.54\
095,0.00765 1.04\
412,-0.27656 1.3\
1683,-0.74381c0.\
27271,-0.46725 0\
.27271,-1.04514 \
0,-1.51238c-0.27\
271,-0.46725 -0.\
77588,-0.75146 -\
1.31683,-0.74381\
zM17.5,32c-0.540\
95,-0.00765 -1.0\
4412,0.27656 -1.\
31683,0.74381c-0\
.27271,0.46725 -\
0.27271,1.04514 \
0,1.51238c0.2727\
1,0.46725 0.7758\
8,0.75146 1.3168\
3,0.74381h9c0.54\
095,0.00765 1.04\
412,-0.27656 1.3\
1683,-0.74381c0.\
27271,-0.46725 0\
.27271,-1.04514 \
0,-1.51238c-0.27\
271,-0.46725 -0.\
77588,-0.75146 -\
1.31683,-0.74381\
z\x22></path>\x0d\x0a    \
        </g>\x0d\x0a  \
      </g>\x0d\x0a    \
</g>\x0d\x0a</svg>\
\x00\x00\x1d\xde\
<\
svg version=\x221.1\
\x22 xmlns=\x22http://\
www.w3.org/2000/\
svg\x22 xmlns:xlink\
=\x22http://www.w3.\
org/1999/xlink\x22\x0d\
\x0a    width=\x2248px\
\x22 height=\x2248px\x22 \
viewBox=\x220,0,256\
,256\x22>\x0d\x0a    <g t\
ransform=\x22transl\
ate(-12.8,-12.8)\
 scale(1.1,1.1)\x22\
>\x0d\x0a        <g fi\
ll=\x22#000000\x22 fil\
l-rule=\x22nonzero\x22\
 stroke=\x22none\x22 s\
troke-width=\x221\x22 \
stroke-linecap=\x22\
butt\x22\x0d\x0a         \
   stroke-linejo\
in=\x22miter\x22 strok\
e-miterlimit=\x2210\
\x22 stroke-dasharr\
ay=\x22\x22 stroke-das\
hoffset=\x220\x22\x0d\x0a   \
         font-fa\
mily=\x22none\x22 font\
-weight=\x22none\x22 f\
ont-size=\x22none\x22 \
text-anchor=\x22non\
e\x22\x0d\x0a            \
style=\x22mix-blend\
-mode: normal\x22>\x0d\
\x0a            <g \
transform=\x22scale\
(5.33333,5.33333\
)\x22>\x0d\x0a           \
     <path\x0d\x0a    \
                \
d=\x22M34,4.00195c-\
0.8535,0 -1.7062\
7,0.1035 -2.5722\
7,0.3125c-0.622,\
0.149 -1.08253,0\
.67845 -1.14453,\
1.31445l-0.04102\
,0.42188c-0.047,\
0.481 -0.32319,0\
.9123 -0.74219,1\
.1543c-0.419,0.2\
41 -0.93114,0.26\
841 -1.36914,0.0\
6641l-0.38867,-0\
.17578c-0.579,-0\
.263 -1.26898,-0\
.13197 -1.70898,\
0.33203c-1.198,1\
.26 -2.09208,2.8\
0108 -2.58008,4.\
45508c-0.182,0.6\
13 0.04736,1.272\
53 0.56836,1.644\
53l0.34961,0.25c\
0.393,0.283 0.62\
891,0.73966 0.62\
891,1.22266c0,0.\
256 -0.06945,0.5\
027 -0.18945,0.7\
207l0.1875,1.156\
25l1.44336,-0.54\
687c0.396,-0.149\
 0.81042,-0.2246\
1 1.23242,-0.224\
61c0.055,0 0.109\
06,0.01458 0.164\
06,0.01758c0.096\
,-0.365 0.16211,\
-0.73805 0.16211\
,-1.12305c0,-1.2\
06 -0.48708,-2.3\
5536 -1.33008,-3\
.19336c0.24,-0.5\
49 0.54434,-1.07\
164 0.90234,-1.5\
5664c1.146,0.311\
 2.38373,0.15769\
 3.42773,-0.4453\
1c1.044,-0.603 1\
.79756,-1.601 2.\
10156,-2.75c0.60\
9,-0.072 1.18883\
,-0.072 1.79883,\
0c0.303,1.149 1.\
05461,2.147 2.09\
961,2.75c1.043,0\
.604 2.27973,0.7\
5631 3.42773,0.4\
4531c0.358,0.484\
 0.66234,1.00764\
 0.90234,1.55664\
c-0.843,0.839 -1\
.33008,1.98736 -\
1.33008,3.19336c\
0,1.206 0.48708,\
2.35536 1.33008,\
3.19336c-0.24,0.\
549 -0.54434,1.0\
7164 -0.90234,1.\
55664c-1.146,-0.\
311 -2.38373,-0.\
15769 -3.42773,0\
.44531c-1.045,0.\
603 -1.79756,1.6\
01 -2.10156,2.75\
c-0.344,0.041 -0\
.67767,0.05187 -\
1.01367,0.04688c\
0.171,0.45 0.327\
98,0.90323 0.458\
98,1.36523c0.152\
,0.537 0.16545,1\
.09019 0.06445,1\
.61719c0.713,-0.\
028 1.43802,-0.1\
1406 2.16602,-0.\
28906c0.621,-0.1\
49 1.08058,-0.67\
845 1.14258,-1.3\
1445l0.04102,-0.\
42383c0.047,-0.4\
81 0.32319,-0.91\
034 0.74219,-1.1\
5234c0.42,-0.24 \
0.93214,-0.26641\
 1.36914,-0.0664\
1l0.38867,0.1757\
8c0.579,0.265 1.\
26998,0.13297 1.\
70898,-0.33203c1\
.198,-1.26 2.092\
08,-2.80108 2.58\
008,-4.45508c0.1\
82,-0.614 -0.047\
36,-1.27353 -0.5\
6836,-1.64453l-0\
.34961,-0.25c-0.\
393,-0.283 -0.62\
891,-0.73966 -0.\
62891,-1.22266c0\
,-0.483 0.23495,\
-0.9387 0.62695,\
-1.2207l0.35156,\
-0.25195c0.521,-\
0.371 0.75036,-1\
.03053 0.56836,-\
1.64453c-0.488,-\
1.654 -1.38208,-\
3.19508 -2.58008\
,-4.45508c-0.44,\
-0.465 -1.13098,\
-0.59703 -1.7089\
8,-0.33203l-0.38\
672,0.17578c-0.4\
42,0.2 -0.95309,\
0.17259 -1.37109\
,-0.06641c-0.419\
,-0.242 -0.69519\
,-0.67234 -0.742\
19,-1.15234l-0.0\
4102,-0.42383c-0\
.062,-0.637 -0.5\
2253,-1.16545 -1\
.14453,-1.31445c\
-0.866,-0.209 -1\
.71877,-0.3125 -\
2.57227,-0.3125z\
M34,11c-1.20833,\
0 -2.30452,0.507\
13 -2.99609,1.28\
516c-0.69158,0.7\
7802 -1.00391,1.\
75651 -1.00391,2\
.71484c0,0.95833\
 0.31233,1.93682\
 1.00391,2.71484\
c0.69158,0.77802\
 1.78776,1.28516\
 2.99609,1.28516\
c1.20833,0 2.304\
52,-0.50713 2.99\
609,-1.28516c0.6\
9158,-0.77802 1.\
00391,-1.75651 1\
.00391,-2.71484c\
0,-0.95833 -0.31\
233,-1.93682 -1.\
00391,-2.71484c-\
0.69158,-0.77802\
 -1.78776,-1.285\
16 -2.99609,-1.2\
8516zM18,14c-1.2\
7772,0 -2.50255,\
0.17609 -3.66211\
,0.4668c-0.58037\
,0.14569 -1.0186\
6,0.62235 -1.115\
24,1.21289l-0.24\
805,1.51758c-0.0\
9748,0.59403 -0.\
45423,1.10961 -0\
.97461,1.41016c-\
0.52039,0.30056 \
-1.14278,0.35163\
 -1.70703,0.1386\
7l-1.44336,-0.54\
687c-0.55954,-0.\
21137 -1.19117,-\
0.07016 -1.60742\
,0.35938c-1.7030\
2,1.75523 -2.976\
53,3.9256 -3.662\
11,6.3457c-0.162\
85,0.57514 0.031\
28,1.19207 0.494\
14,1.57031l1.193\
36,0.97656c0.464\
13,0.38219 0.732\
42,0.94831 0.732\
42,1.54883c0,0.6\
0143 -0.26926,1.\
16792 -0.73437,1\
.54883l-1.19336,\
0.97656c-0.46214\
,0.37871 -0.6554\
8,0.99557 -0.492\
19,1.57031c0.686\
45,2.41924 1.958\
86,4.59024 3.662\
11,6.3457c0.4163\
3,0.42804 1.0468\
7,0.56842 1.6054\
7,0.35742l1.4453\
1,-0.54492c0.562\
63,-0.21256 1.18\
504,-0.16248 1.7\
0703,0.13867c0.5\
212,0.30069 0.87\
592,0.81519 0.97\
266,1.4082l0.248\
05,1.51758c0.096\
58,0.59054 0.534\
86,1.0672 1.1152\
4,1.21289c1.1610\
8,0.29192 2.3863\
4,0.46875 3.6640\
6,0.46875c1.2777\
2,0 2.50255,-0.1\
7609 3.66211,-0.\
4668c0.58037,-0.\
14569 1.01866,-0\
.62235 1.11523,-\
1.21289l0.24805,\
-1.51758c0.09748\
,-0.59403 0.4542\
3,-1.10961 0.974\
61,-1.41016c0.52\
039,-0.30056 1.1\
4279,-0.35163 1.\
70703,-0.13867l1\
.44336,0.54688c0\
.55954,0.21137 1\
.19117,0.07016 1\
.60742,-0.35937c\
1.70302,-1.75523\
 2.97653,-3.9256\
 3.66211,-6.3457\
c0.16285,-0.5751\
4 -0.03128,-1.19\
207 -0.49414,-1.\
57031l-1.19336,-\
0.97656c-0.46413\
,-0.38219 -0.732\
42,-0.94831 -0.7\
3242,-1.54883c0,\
-0.60143 0.26926\
,-1.16792 0.7343\
8,-1.54883l1.193\
36,-0.97656c0.46\
214,-0.37871 0.6\
5548,-0.99557 0.\
49219,-1.57031c-\
0.68657,-2.42247\
 -1.96749,-4.588\
91 -3.66602,-6.3\
418c-0.41625,-0.\
42953 -1.04788,-\
0.57075 -1.60742\
,-0.35937l-1.439\
45,0.54297c-0.56\
263,0.21256 -1.1\
8699,0.16248 -1.\
70898,-0.13867c-\
0.5212,-0.30069 \
-0.87592,-0.8151\
9 -0.97266,-1.40\
82l-0.25195,-1.5\
332c-0.09628,-0.\
59 -0.53367,-1.0\
6653 -1.11328,-1\
.21289c-1.17024,\
-0.29423 -2.3973\
9,-0.45312 -3.66\
016,-0.45312zM34\
,14c0.45833,0 0.\
61215,0.11787 0.\
75391,0.27734c0.\
14176,0.15948 0.\
24609,0.43099 0.\
24609,0.72266c0,\
0.29167 -0.10434\
,0.56318 -0.2460\
9,0.72266c-0.141\
76,0.15948 -0.29\
557,0.27734 -0.7\
5391,0.27734c-0.\
45833,0 -0.61215\
,-0.11787 -0.753\
91,-0.27734c-0.1\
4176,-0.15948 -0\
.24609,-0.43099 \
-0.24609,-0.7226\
6c0,-0.29167 0.1\
0434,-0.56318 0.\
24609,-0.72266c0\
.14176,-0.15948 \
0.29557,-0.27734\
 0.75391,-0.2773\
4zM18,17c0.6888,\
0 1.33802,0.1359\
7 1.99414,0.2480\
5l0.07031,0.4355\
5c0.2417,1.47822\
 1.13728,2.77444\
 2.43555,3.52344\
c1.298,0.74885 2\
.86621,0.87514 4\
.26758,0.3457l0.\
40039,-0.15039c0\
.85251,1.02824 1\
.52466,2.1854 1.\
99805,3.45703l-0\
.33203,0.27148c-\
0.00065,0 -0.001\
3,0 -0.00195,0c-\
1.15884,0.94909 \
-1.83203,2.37057\
 -1.83203,3.8691\
4c0,1.49857 0.67\
351,2.91935 1.83\
008,3.86914c0.00\
065,0.00065 0.00\
13,0.0013 0.0019\
5,0.00195l0.3339\
8,0.27344c-0.472\
59,1.27276 -1.14\
354,2.43056 -1.9\
9414,3.45703l-0.\
4043,-0.1543c-1.\
40175,-0.52904 -\
2.97192,-0.40179\
 -4.26953,0.3476\
6c-1.29762,0.749\
45 -2.19107,2.04\
352 -2.43359,3.5\
2148c0,0.00065 0\
,0.0013 0,0.0019\
5l-0.07031,0.425\
78c-0.65881,0.11\
595 -1.3124,0.25\
586 -1.99414,0.2\
5586c-0.6824,0 -\
1.3367,-0.13936 \
-1.99609,-0.2558\
6l-0.07031,-0.42\
578v-0.00195c-0.\
2417,-1.47817 -1\
.13533,-2.77444 \
-2.43359,-3.5234\
4c-1.298,-0.7488\
5 -2.86621,-0.87\
514 -4.26758,-0.\
3457l-0.40625,0.\
15234c-0.85034,-\
1.02666 -1.52134\
,-2.18354 -1.994\
14,-3.45703l0.33\
398,-0.27344c0.0\
0065,0 0.0013,0 \
0.00195,0c1.1588\
9,-0.94909 1.832\
03,-2.37057 1.83\
203,-3.86914c0,-\
1.49857 -0.67351\
,-2.91935 -1.830\
08,-3.86914c-0.0\
0065,-0.00065 -0\
.0013,-0.0013 -0\
.00195,-0.00195l\
-0.33398,-0.2734\
4c0.47259,-1.272\
76 1.14354,-2.43\
056 1.99414,-3.4\
5703l0.4043,0.15\
43c1.40175,0.529\
05 2.97192,0.401\
79 4.26953,-0.34\
766c1.29763,-0.7\
4945 2.19107,-2.\
04352 2.43359,-3\
.52148c0,-0.0006\
5 0,-0.0013 0,-0\
.00195l0.07031,-\
0.42578c0.65876,\
-0.116 1.3124,-0\
.25586 1.99414,-\
0.25586zM18,23c-\
1.875,0 -3.47118\
,0.75713 -4.4960\
9,1.91016c-1.024\
91,1.15302 -1.50\
391,2.63151 -1.5\
0391,4.08984c0,1\
.45833 0.479,2.9\
3682 1.50391,4.0\
8984c1.02491,1.1\
5302 2.62109,1.9\
1016 4.49609,1.9\
1016c1.875,0 3.4\
7118,-0.75713 4.\
49609,-1.91016c1\
.02491,-1.15302 \
1.50391,-2.63151\
 1.50391,-4.0898\
4c0,-1.45833 -0.\
479,-2.93682 -1.\
50391,-4.08984c-\
1.02491,-1.15302\
 -2.62109,-1.910\
16 -4.49609,-1.9\
1016zM18,26c1.12\
5,0 1.77882,0.36\
787 2.25391,0.90\
234c0.47509,0.53\
448 0.74609,1.30\
599 0.74609,2.09\
766c0,0.79167 -0\
.271,1.56318 -0.\
74609,2.09766c-0\
.47509,0.53448 -\
1.12891,0.90234 \
-2.25391,0.90234\
c-1.125,0 -1.778\
82,-0.36787 -2.2\
5391,-0.90234c-0\
.47509,-0.53448 \
-0.74609,-1.3059\
9 -0.74609,-2.09\
766c0,-0.79167 0\
.271,-1.56318 0.\
74609,-2.09766c0\
.47509,-0.53448 \
1.12891,-0.90234\
 2.25391,-0.9023\
4z\x22></path>\x0d\x0a   \
         </g>\x0d\x0a \
       </g>\x0d\x0a   \
 </g>\x0d\x0a</svg>\
\x00\x00\x07\x00\
<\
svg version=\x221.1\
\x22 xmlns=\x22http://\
www.w3.org/2000/\
svg\x22 xmlns:xlink\
=\x22http://www.w3.\
org/1999/xlink\x22\x0d\
\x0a    width=\x2248px\
\x22 height=\x2248px\x22 \
viewBox=\x220,0,256\
,256\x22>\x0d\x0a    <g t\
ransform=\x22transl\
ate(-12.8,-12.8)\
 scale(1.1,1.1)\x22\
>\x0d\x0a        <g fi\
ll=\x22#000000\x22 fil\
l-rule=\x22nonzero\x22\
 stroke=\x22none\x22 s\
troke-width=\x221\x22 \
stroke-linecap=\x22\
butt\x22\x0d\x0a         \
   stroke-linejo\
in=\x22miter\x22 strok\
e-miterlimit=\x2210\
\x22 stroke-dasharr\
ay=\x22\x22 stroke-das\
hoffset=\x220\x22\x0d\x0a   \
         font-fa\
mily=\x22none\x22 font\
-weight=\x22none\x22 f\
ont-size=\x22none\x22 \
text-anchor=\x22non\
e\x22\x0d\x0a            \
style=\x22mix-blend\
-mode: normal\x22>\x0d\
\x0a            <g \
transform=\x22scale\
(5.33333,5.33333\
)\x22>\x0d\x0a           \
     <path\x0d\x0a    \
                \
d=\x22M10.5,7c-3.57\
194,0 -6.5,2.928\
06 -6.5,6.5v17c0\
,3.57194 2.92806\
,6.5 6.5,6.5h1.5\
v5.5c0,1.96599 2\
.4273,3.17893 4,\
2l10,-7.5h11.5c3\
.57194,0 6.5,-2.\
92806 6.5,-6.5v-\
17c0,-3.57194 -2\
.92806,-6.5 -6.5\
,-6.5zM10.5,10h2\
7c1.95006,0 3.5,\
1.54994 3.5,3.5v\
17c0,1.95006 -1.\
54994,3.5 -3.5,3\
.5h-12c-0.32478,\
0.00015 -0.64073\
,0.1057 -0.90039\
,0.30078l-9.5996\
1,7.19922v-6c-0.\
00008,-0.82839 -\
0.67161,-1.49992\
 -1.5,-1.5h-3c-1\
.95006,0 -3.5,-1\
.54994 -3.5,-3.5\
v-17c0,-1.95006 \
1.54994,-3.5 3.5\
,-3.5zM15.5,16.9\
9805c-0.54095,-0\
.00765 -1.04412,\
0.27656 -1.31683\
,0.74381c-0.2727\
1,0.46725 -0.272\
71,1.04514 0,1.5\
1238c0.27271,0.4\
6725 0.77588,0.7\
5146 1.31683,0.7\
4381h17c0.54095,\
0.00765 1.04412,\
-0.27656 1.31683\
,-0.74381c0.2727\
1,-0.46725 0.272\
71,-1.04514 0,-1\
.51238c-0.27271,\
-0.46725 -0.7758\
8,-0.75146 -1.31\
683,-0.74381zM15\
.5,23.99805c-0.5\
4095,-0.00765 -1\
.04412,0.27656 -\
1.31683,0.74381c\
-0.27271,0.46725\
 -0.27271,1.0451\
4 0,1.51238c0.27\
271,0.46725 0.77\
588,0.75146 1.31\
683,0.74381h13c0\
.54095,0.00765 1\
.04412,-0.27656 \
1.31683,-0.74381\
c0.27271,-0.4672\
5 0.27271,-1.045\
14 0,-1.51238c-0\
.27271,-0.46725 \
-0.77588,-0.7514\
6 -1.31683,-0.74\
381z\x22></path>\x0d\x0a \
           </g>\x0d\
\x0a        </g>\x0d\x0a \
   </g>\x0d\x0a</svg>\
\x00\x00\x07H\
<\
svg version=\x221.1\
\x22 xmlns=\x22http://\
www.w3.org/2000/\
svg\x22 xmlns:xlink\
=\x22http://www.w3.\
org/1999/xlink\x22\x0d\
\x0a    width=\x2248px\
\x22 height=\x2248px\x22 \
viewBox=\x220,0,256\
,256\x22>\x0d\x0a    <g t\
ransform=\x22transl\
ate(-6.4,-6.4) s\
cale(1.05,1.05)\x22\
>\x0d\x0a        <g fi\
ll=\x22#000000\x22 fil\
l-rule=\x22nonzero\x22\
 stroke=\x22none\x22 s\
troke-width=\x221\x22 \
stroke-linecap=\x22\
butt\x22\x0d\x0a         \
   stroke-linejo\
in=\x22miter\x22 strok\
e-miterlimit=\x2210\
\x22 stroke-dasharr\
ay=\x22\x22 stroke-das\
hoffset=\x220\x22\x0d\x0a   \
         font-fa\
mily=\x22none\x22 font\
-weight=\x22none\x22 f\
ont-size=\x22none\x22 \
text-anchor=\x22non\
e\x22\x0d\x0a            \
style=\x22mix-blend\
-mode: normal\x22>\x0d\
\x0a            <g \
transform=\x22scale\
(5.33333,5.33333\
)\x22>\x0d\x0a           \
     <path\x0d\x0a    \
                \
d=\x22M23.5,6.01758\
c-3.01977,0 -5.5\
,2.48023 -5.5,5.\
5v23.98242c0,3.0\
1977 2.48023,5.5\
 5.5,5.5h15c1.50\
989,0 2.99326,-0\
.55299 4.22266,-\
1.4668c1.2294,-0\
.9138 2.27734,-2\
.29697 2.27734,-\
4.0332v-16.5c-0.\
00097,-0.38597 -\
0.15067,-0.75672\
 -0.41797,-1.035\
16l0.00195,-0.00\
195l-0.03906,-0.\
03906l-10.96094,\
-11.46094l-0.009\
77,0.00977c-0.28\
201,-0.29042 -0.\
66941,-0.45453 -\
1.07422,-0.45508\
zM15.5,8.01758c-\
3.033,0 -5.5,2.4\
68 -5.5,5.5v19.9\
8242c0,3.032 2.4\
67,5.5 5.5,5.5h1\
.76172c-0.687,-0\
.831 -1.13333,-1\
.867 -1.23633,-3\
h-0.52539c-1.378\
,0 -2.5,-1.121 -\
2.5,-2.5v-19.982\
42c0,-1.379 1.12\
2,-2.5 2.5,-2.5h\
0.52539c0.103,-1\
.133 0.54833,-2.\
169 1.23633,-3zM\
23.5,9.01758h7.5\
v5.98242c0,3.019\
77 2.48023,5.5 5\
.5,5.5h5.5v15c0,\
0.47277 -0.34806\
,1.09105 -1.0664\
1,1.625c-0.71835\
,0.53395 -1.7344\
8,0.875 -2.43359\
,0.875h-15c-1.39\
823,0 -2.5,-1.10\
177 -2.5,-2.5v-2\
3.98242c0,-1.398\
23 1.10177,-2.5 \
2.5,-2.5zM7.5,10\
c-3.033,0 -5.5,2\
.468 -5.5,5.5v16\
c0,3.032 2.467,5\
.5 5.5,5.5h1.371\
09c-0.481,-0.906\
 -0.7737,-1.923 \
-0.8457,-3h-0.52\
539c-1.378,0 -2.\
5,-1.121 -2.5,-2\
.5v-16c0,-1.379 \
1.122,-2.5 2.5,-\
2.5h0.52539c0.07\
4,-1.078 0.37247\
,-2.094 0.85547,\
-3zM34,11.23828l\
5.98828,6.26172h\
-3.48828c-1.3982\
3,0 -2.5,-1.1017\
7 -2.5,-2.5z\x22></\
path>\x0d\x0a         \
   </g>\x0d\x0a       \
 </g>\x0d\x0a    </g>\x0d\
\x0a</svg>\
\x00\x00\x05\x89\
<\
svg version=\x221.1\
\x22 xmlns=\x22http://\
www.w3.org/2000/\
svg\x22 xmlns:xlink\
=\x22http://www.w3.\
org/1999/xlink\x22\x0d\
\x0a    width=\x2248px\
\x22 height=\x2248px\x22 \
viewBox=\x220,0,256\
,256\x22>\x0d\x0a    <g t\
ransform=\x22transl\
ate(-25.6,-25.6)\
 scale(1.2,1.2)\x22\
>\x0d\x0a        <g fi\
ll=\x22#000000\x22 fil\
l-rule=\x22nonzero\x22\
 stroke=\x22none\x22 s\
troke-width=\x221\x22 \
stroke-linecap=\x22\
butt\x22\x0d\x0a         \
   stroke-linejo\
in=\x22miter\x22 strok\
e-miterlimit=\x2210\
\x22 stroke-dasharr\
ay=\x22\x22 stroke-das\
hoffset=\x220\x22\x0d\x0a   \
         font-fa\
mily=\x22none\x22 font\
-weight=\x22none\x22 f\
ont-size=\x22none\x22 \
text-anchor=\x22non\
e\x22\x0d\x0a            \
style=\x22mix-blend\
-mode: normal\x22>\x0d\
\x0a            <g \
transform=\x22scale\
(5.33333,5.33333\
)\x22>\x0d\x0a           \
     <path\x0d\x0a    \
                \
d=\x22M11.5,6c-3.01\
977,0 -5.5,2.480\
23 -5.5,5.5v25c0\
,3.01977 2.48023\
,5.5 5.5,5.5h25c\
3.01977,0 5.5,-2\
.48023 5.5,-5.5v\
-25c0,-3.01977 -\
2.48023,-5.5 -5.\
5,-5.5zM11.5,9h2\
5c1.39823,0 2.5,\
1.10177 2.5,2.5v\
25c0,1.39823 -1.\
10177,2.5 -2.5,2\
.5h-25c-1.39823,\
0 -2.5,-1.10177 \
-2.5,-2.5v-25c0,\
-1.39823 1.10177\
,-2.5 2.5,-2.5zM\
34.4707,15.98633\
c-0.38956,0.0113\
5 -0.75941,0.173\
86 -1.03125,0.45\
313l-12.93945,12\
.93945l-4.93945,\
-4.93945c-0.3762\
3,-0.39185 -0.93\
49,-0.54969 -1.4\
6055,-0.41265c-0\
.52565,0.13704 -\
0.93616,0.54754 \
-1.07319,1.07319\
c-0.13704,0.5256\
5 0.0208,1.08432\
 0.41265,1.46055\
l6,6c0.58579,0.5\
8555 1.5353,0.58\
555 2.12109,0l14\
,-14c0.4429,-0.4\
3135 0.57582,-1.\
09023 0.33479,-1\
.65955c-0.24103,\
-0.56932 -0.8066\
5,-0.93247 -1.42\
463,-0.91467z\x22><\
/path>\x0d\x0a        \
    </g>\x0d\x0a      \
  </g>\x0d\x0a    </g>\
\x0d\x0a</svg>\
\x00\x00\x05A\
<\
svg version=\x221.1\
\x22 xmlns=\x22http://\
www.w3.org/2000/\
svg\x22 xmlns:xlink\
=\x22http://www.w3.\
org/1999/xlink\x22\x0d\
\x0a    width=\x2232px\
\x22 height=\x2232px\x22 \
viewBox=\x220,0,256\
,256\x22>\x0d\x0a    <g t\
ransform=\x22transl\
ate(-12.8,-12.8)\
 scale(1.1,1.1)\x22\
>\x0d\x0a        <g fi\
ll=\x22#000000\x22 fil\
l-rule=\x22nonzero\x22\
 stroke=\x22none\x22 s\
troke-width=\x221\x22 \
stroke-linecap=\x22\
butt\x22\x0d\x0a         \
   stroke-linejo\
in=\x22miter\x22 strok\
e-miterlimit=\x2210\
\x22 stroke-dasharr\
ay=\x22\x22 stroke-das\
hoffset=\x220\x22\x0d\x0a   \
         font-fa\
mily=\x22none\x22 font\
-weight=\x22none\x22 f\
ont-size=\x22none\x22 \
text-anchor=\x22non\
e\x22\x0d\x0a            \
style=\x22mix-blend\
-mode: normal\x22>\x0d\
\x0a            <g \
transform=\x22scale\
(8,8)\x22>\x0d\x0a       \
         <path\x0d\x0a\
                \
    d=\x22M2,6v17.9\
0625h28v-17.9062\
5zM4,8h24v13.906\
25h-24zM12,10c-2\
.75,0 -5,2.25 -5\
,5c0,2.75 2.25,5\
 5,5c1.19531,0 2\
.27734,-0.44141 \
3.125,-1.125l-1.\
25,-1.5625c-0.52\
734,0.42578 -1.1\
6797,0.6875 -1.8\
75,0.6875c-1.667\
97,0 -3,-1.33203\
 -3,-3c0,-1.6679\
7 1.33203,-3 3,-\
3c0.70703,0 1.34\
766,0.26172 1.87\
5,0.6875l1.25,-1\
.5625c-0.84766,-\
0.68359 -1.92969\
,-1.125 -3.125,-\
1.125zM22,10c-2.\
75,0 -5,2.25 -5,\
5c0,2.75 2.25,5 \
5,5c1.19531,0 2.\
27734,-0.44141 3\
.125,-1.125l-1.2\
5,-1.5625c-0.527\
34,0.42578 -1.16\
797,0.6875 -1.87\
5,0.6875c-1.6679\
7,0 -3,-1.33203 \
-3,-3c0,-1.66797\
 1.33203,-3 3,-3\
c0.70703,0 1.347\
66,0.26172 1.875\
,0.6875l1.25,-1.\
5625c-0.84766,-0\
.68359 -1.92969,\
-1.125 -3.125,-1\
.125z\x22></path>\x0d\x0a\
            </g>\
\x0d\x0a        </g>\x0d\x0a\
    </g>\x0d\x0a</svg>\
\
\x00\x00\x06\x16\
<\
svg version=\x221.1\
\x22 xmlns=\x22http://\
www.w3.org/2000/\
svg\x22 xmlns:xlink\
=\x22http://www.w3.\
org/1999/xlink\x22\x0d\
\x0a    width=\x2248px\
\x22 height=\x2248px\x22 \
viewBox=\x220,0,256\
,256\x22>\x0d\x0a    <g t\
ransform=\x22transl\
ate(-12.8,-12.8)\
 scale(1.1,1.1)\x22\
>\x0d\x0a        <g fi\
ll=\x22#000000\x22 fil\
l-rule=\x22nonzero\x22\
 stroke=\x22none\x22 s\
troke-width=\x221\x22 \
stroke-linecap=\x22\
butt\x22\x0d\x0a         \
   stroke-linejo\
in=\x22miter\x22 strok\
e-miterlimit=\x2210\
\x22 stroke-dasharr\
ay=\x22\x22 stroke-das\
hoffset=\x220\x22\x0d\x0a   \
         font-fa\
mily=\x22none\x22 font\
-weight=\x22none\x22 f\
ont-size=\x22none\x22 \
text-anchor=\x22non\
e\x22\x0d\x0a            \
style=\x22mix-blend\
-mode: normal\x22>\x0d\
\x0a            <g \
transform=\x22scale\
(5.33333,5.33333\
)\x22>\x0d\x0a           \
     <path\x0d\x0a    \
                \
d=\x22M8.5,4c-2.467\
5,0 -4.5,2.0325 \
-4.5,4.5v26c0,2.\
4675 2.0325,4.5 \
4.5,4.5h26c2.467\
5,0 4.5,-2.0325 \
4.5,-4.5v-26c0,-\
2.4675 -2.0325,-\
4.5 -4.5,-4.5zM8\
.5,7h26c0.8465,0\
 1.5,0.6535 1.5,\
1.5v26c0,0.8465 \
-0.6535,1.5 -1.5\
,1.5h-26c-0.8465\
,0 -1.5,-0.6535 \
-1.5,-1.5v-26c0,\
-0.8465 0.6535,-\
1.5 1.5,-1.5zM41\
,9.27539v26.2246\
1c0,3.032 -2.467\
,5.5 -5.5,5.5h-2\
6.22461c0.621,1.\
742 2.27161,3 4.\
22461,3h22c4.687\
,0 8.5,-3.813 8.\
5,-8.5v-22c0,-1.\
953 -1.258,-3.60\
261 -3,-4.22461z\
M28.4707,14.9863\
3c-0.38956,0.011\
35 -0.75941,0.17\
386 -1.03125,0.4\
5313l-7.93945,7.\
93945l-2.93945,-\
2.93945c-0.37623\
,-0.39185 -0.934\
9,-0.54969 -1.46\
055,-0.41265c-0.\
52565,0.13704 -0\
.93616,0.54754 -\
1.07319,1.07319c\
-0.13704,0.52565\
 0.0208,1.08432 \
0.41265,1.46055l\
4,4c0.58579,0.58\
555 1.5353,0.585\
55 2.12109,0l9,-\
9c0.4429,-0.4313\
5 0.57582,-1.090\
23 0.33479,-1.65\
955c-0.24103,-0.\
56932 -0.80665,-\
0.93247 -1.42463\
,-0.91467z\x22></pa\
th>\x0d\x0a           \
 </g>\x0d\x0a        <\
/g>\x0d\x0a    </g>\x0d\x0a<\
/svg>\
\x00\x00\x060\
<\
svg version=\x221.1\
\x22 xmlns=\x22http://\
www.w3.org/2000/\
svg\x22 xmlns:xlink\
=\x22http://www.w3.\
org/1999/xlink\x22\x0d\
\x0a    width=\x2248px\
\x22 height=\x2248px\x22 \
viewBox=\x220,0,256\
,256\x22>\x0d\x0a    <g t\
ransform=\x22transl\
ate(-19.2,-19.2)\
 scale(1.15,1.15\
)\x22>\x0d\x0a        <g \
fill=\x22#000000\x22 f\
ill-rule=\x22nonzer\
o\x22 stroke=\x22none\x22\
 stroke-width=\x221\
\x22 stroke-linecap\
=\x22butt\x22\x0d\x0a       \
     stroke-line\
join=\x22miter\x22 str\
oke-miterlimit=\x22\
10\x22 stroke-dasha\
rray=\x22\x22 stroke-d\
ashoffset=\x220\x22\x0d\x0a \
           font-\
family=\x22none\x22 fo\
nt-weight=\x22none\x22\
 font-size=\x22none\
\x22 text-anchor=\x22n\
one\x22\x0d\x0a          \
  style=\x22mix-ble\
nd-mode: normal\x22\
>\x0d\x0a            <\
g transform=\x22sca\
le(5.33333,5.333\
33)\x22>\x0d\x0a         \
       <path\x0d\x0a  \
                \
  d=\x22M12.5,5c-3.\
01977,0 -5.5,2.4\
8023 -5.5,5.5v27\
c0,3.01977 2.480\
23,5.5 5.5,5.5h1\
2c3.01977,0 5.5,\
-2.48023 5.5,-5.\
5v-9.5h-3v9.5c0,\
1.39823 -1.10177\
,2.5 -2.5,2.5h-1\
2c-1.39823,0 -2.\
5,-1.10177 -2.5,\
-2.5v-27c0,-1.39\
823 1.10177,-2.5\
 2.5,-2.5h12c1.3\
9823,0 2.5,1.101\
77 2.5,2.5v9.5h3\
v-9.5c0,-3.01977\
 -2.48023,-5.5 -\
5.5,-5.5zM34.484\
38,15.48438c-0.6\
1065,0.00015 -1.\
16026,0.37042 -1\
.38978,0.93629c-\
0.22952,0.56587 \
-0.09314,1.21439\
 0.34486,1.63988\
l4.43945,4.43945\
h-22.37891c-0.54\
095,-0.00765 -1.\
04412,0.27656 -1\
.31683,0.74381c-\
0.27271,0.46725 \
-0.27271,1.04514\
 0,1.51238c0.272\
71,0.46725 0.775\
88,0.75146 1.316\
83,0.74381h22.37\
891l-4.43945,4.4\
3945c-0.39185,0.\
37623 -0.54969,0\
.9349 -0.41265,1\
.46055c0.13704,0\
.52565 0.54754,0\
.93616 1.07319,1\
.07319c0.52565,0\
.13704 1.08432,-\
0.0208 1.46055,-\
0.41265l7,-7c0.5\
8555,-0.58579 0.\
58555,-1.5353 0,\
-2.12109l-7,-7c-\
0.28248,-0.2909 \
-0.67069,-0.4550\
6 -1.07617,-0.45\
508z\x22></path>\x0d\x0a \
           </g>\x0d\
\x0a        </g>\x0d\x0a \
   </g>\x0d\x0a</svg>\
\x00\x00\x05\xf6\
<\
svg version=\x221.1\
\x22 xmlns=\x22http://\
www.w3.org/2000/\
svg\x22 xmlns:xlink\
=\x22http://www.w3.\
org/1999/xlink\x22\x0d\
\x0a    width=\x2248px\
\x22 height=\x2248px\x22 \
viewBox=\x220,0,256\
,256\x22>\x0d\x0a    <g t\
ransform=\x22transl\
ate(-12.8,-12.8)\
 scale(1.1,1.1)\x22\
>\x0d\x0a        <g fi\
ll=\x22#000000\x22 fil\
l-rule=\x22nonzero\x22\
 stroke=\x22none\x22 s\
troke-width=\x221\x22 \
stroke-linecap=\x22\
butt\x22\x0d\x0a         \
   stroke-linejo\
in=\x22miter\x22 strok\
e-miterlimit=\x2210\
\x22 stroke-dasharr\
ay=\x22\x22 stroke-das\
hoffset=\x220\x22\x0d\x0a   \
         font-fa\
mily=\x22none\x22 font\
-weight=\x22none\x22 f\
ont-size=\x22none\x22 \
text-anchor=\x22non\
e\x22\x0d\x0a            \
style=\x22mix-blend\
-mode: normal\x22>\x0d\
\x0a            <g \
transform=\x22scale\
(5.33333,5.33333\
)\x22>\x0d\x0a           \
     <path\x0d\x0a    \
                \
d=\x22M24,4c-11.027\
93,0 -20,8.97207\
 -20,20c0,11.027\
93 8.97207,20 20\
,20c11.02793,0 2\
0,-8.97207 20,-2\
0c0,-11.02793 -8\
.97207,-20 -20,-\
20zM24,7c9.40662\
,0 17,7.59339 17\
,17c0,9.40661 -7\
.59338,17 -17,17\
c-9.40661,0 -17,\
-7.59339 -17,-17\
c0,-9.40661 7.59\
339,-17 17,-17zM\
25.48438,16.4843\
8c-0.61065,0.000\
15 -1.16026,0.37\
042 -1.38978,0.9\
3629c-0.22952,0.\
56587 -0.09314,1\
.21439 0.34486,1\
.63988l3.43945,3\
.43945h-11.37891\
c-0.54095,-0.007\
65 -1.04412,0.27\
656 -1.31683,0.7\
4381c-0.27271,0.\
46725 -0.27271,1\
.04514 0,1.51238\
c0.27271,0.46725\
 0.77588,0.75146\
 1.31683,0.74381\
h11.37891l-3.439\
45,3.43945c-0.39\
185,0.37623 -0.5\
4969,0.9349 -0.4\
1265,1.46055c0.1\
3704,0.52565 0.5\
4754,0.93616 1.0\
7319,1.07319c0.5\
2565,0.13704 1.0\
8432,-0.0208 1.4\
6055,-0.41265l6,\
-6c0.58555,-0.58\
579 0.58555,-1.5\
353 0,-2.12109l-\
6,-6c-0.28248,-0\
.2909 -0.67069,-\
0.45506 -1.07617\
,-0.45508z\x22></pa\
th>\x0d\x0a           \
 </g>\x0d\x0a        <\
/g>\x0d\x0a    </g>\x0d\x0a<\
/svg>\
\x00\x00\x06>\
<\
svg version=\x221.1\
\x22 xmlns=\x22http://\
www.w3.org/2000/\
svg\x22 xmlns:xlink\
=\x22http://www.w3.\
org/1999/xlink\x22\x0d\
\x0a    width=\x2248px\
\x22 height=\x2248px\x22 \
viewBox=\x220,0,256\
,256\x22>\x0d\x0a    <g t\
ransform=\x22transl\
ate(-12.8,-12.8)\
 scale(1.1,1.1)\x22\
>\x0d\x0a        <g fi\
ll=\x22#000000\x22 fil\
l-rule=\x22nonzero\x22\
 stroke=\x22none\x22 s\
troke-width=\x221\x22 \
stroke-linecap=\x22\
butt\x22\x0d\x0a         \
   stroke-linejo\
in=\x22miter\x22 strok\
e-miterlimit=\x2210\
\x22 stroke-dasharr\
ay=\x22\x22 stroke-das\
hoffset=\x220\x22\x0d\x0a   \
         font-fa\
mily=\x22none\x22 font\
-weight=\x22none\x22 f\
ont-size=\x22none\x22 \
text-anchor=\x22non\
e\x22\x0d\x0a            \
style=\x22mix-blend\
-mode: normal\x22>\x0d\
\x0a            <g \
transform=\x22scale\
(5.33333,5.33333\
)\x22>\x0d\x0a           \
     <path\x0d\x0a    \
                \
d=\x22M24,4c-6.4043\
5,0 -12.1093,3.0\
2533 -15.77148,7\
.7207l-0.24805,-\
1.4043c-0.11604,\
-0.72108 -0.7345\
3,-1.25381 -1.46\
484,-1.26172c-0.\
44967,-0.00441 -\
0.87759,0.19313 \
-1.16592,0.53822\
c-0.28833,0.3450\
9 -0.40664,0.801\
32 -0.32236,1.24\
303l0.86719,4.92\
383c0.0691,0.391\
9 0.29108,0.7402\
8 0.61708,0.9684\
8c0.32601,0.2282\
 0.72932,0.31753\
 1.1212,0.24831l\
4.92383,-0.86719\
c0.81602,-0.144 \
1.3608,-0.92226 \
1.2168,-1.73828c\
-0.144,-0.81602 \
-0.92226,-1.3608\
 -1.73828,-1.216\
8l-1.30664,0.230\
47c3.11296,-3.88\
872 7.89058,-6.3\
8477 13.27148,-6\
.38477c9.40629,0\
 17,7.59371 17,1\
7c0,9.40629 -7.5\
9371,17 -17,17c-\
9.40629,0 -17,-7\
.59371 -17,-17c0\
,-0.14534 0.0021\
9,-0.2916 0.0058\
6,-0.43555c0.021\
03,-0.82843 -0.6\
3349,-1.51705 -1\
.46191,-1.53809c\
-0.82843,-0.0210\
3 -1.51705,0.633\
49 -1.53809,1.46\
191c-0.00433,0.1\
7005 -0.00586,0.\
34106 -0.00586,0\
.51172c0,11.0277\
1 8.97229,20 20,\
20c11.02771,0 20\
,-8.97229 20,-20\
c0,-11.02771 -8.\
97229,-20 -20,-2\
0z\x22></path>\x0d\x0a   \
         </g>\x0d\x0a \
       </g>\x0d\x0a   \
 </g>\x0d\x0a</svg>\
\x00\x00\x07\xd1\
<\
svg version=\x221.1\
\x22 xmlns=\x22http://\
www.w3.org/2000/\
svg\x22 xmlns:xlink\
=\x22http://www.w3.\
org/1999/xlink\x22\x0d\
\x0a    width=\x2248px\
\x22 height=\x2248px\x22 \
viewBox=\x220,0,256\
,256\x22>\x0d\x0a    <g t\
ransform=\x22transl\
ate(-12.8,-12.8)\
 scale(1.1,1.1)\x22\
>\x0d\x0a        <g fi\
ll=\x22#000000\x22 fil\
l-rule=\x22nonzero\x22\
 stroke=\x22none\x22 s\
troke-width=\x221\x22 \
stroke-linecap=\x22\
butt\x22\x0d\x0a         \
   stroke-linejo\
in=\x22miter\x22 strok\
e-miterlimit=\x2210\
\x22 stroke-dasharr\
ay=\x22\x22 stroke-das\
hoffset=\x220\x22\x0d\x0a   \
         font-fa\
mily=\x22none\x22 font\
-weight=\x22none\x22 f\
ont-size=\x22none\x22 \
text-anchor=\x22non\
e\x22\x0d\x0a            \
style=\x22mix-blend\
-mode: normal\x22>\x0d\
\x0a            <g \
transform=\x22scale\
(5.33333,5.33333\
)\x22>\x0d\x0a           \
     <path\x0d\x0a    \
                \
d=\x22M10.501,28.99\
9c-0.829,0 -1.5,\
-0.671 -1.5,-1.5\
v-14.984l-3.069,\
0.921c-0.798,0.2\
38 -1.63,-0.212 \
-1.868,-1.006c-0\
.238,-0.793 0.21\
2,-1.63 1.006,-1\
.868l5,-1.5c0.45\
5,-0.134 0.946,-\
0.049 1.327,0.23\
3c0.38,0.284 0.6\
04,0.73 0.604,1.\
204v17c0,0.829 -\
0.671,1.5 -1.5,1\
.5M27.5,39h-9c-0\
.829,0 -1.5,-0.6\
71 -1.5,-1.5c0,-\
6.22 3.63,-7.55 \
6.033,-8.429l0.4\
4,-0.163c1.511,-\
0.567 2.527,-2.1\
37 2.527,-3.908c\
0,-1.654 -1.346,\
-3 -3,-3c-1.654,\
0 -3,1.346 -3,3v\
0.5c0,0.829 -0.6\
71,1.5 -1.5,1.5c\
-0.829,0 -1.5,-0\
.671 -1.5,-1.5v-\
0.5c0,-3.309 2.6\
91,-6 6,-6c3.309\
,0 6,2.691 6,6c0\
,3.014 -1.798,5.\
714 -4.473,6.717\
l-0.463,0.171c-1\
.961,0.718 -3.56\
7,1.306 -3.968,4\
.112h7.404c0.829\
,0 1.5,0.671 1.5\
,1.5c0,0.829 -0.\
671,1.5 -1.5,1.5\
M38,29.001c-3.59\
5,0 -5.591,-2.46\
2 -5.675,-2.567c\
-0.515,-0.649 -0\
.407,-1.592 0.24\
2,-2.108c0.645,-\
0.511 1.583,-0.4\
07 2.099,0.231c0\
.066,0.079 1.24,\
1.444 3.334,1.44\
4c1.654,0 3,-1.2\
33 3,-2.75c0,-1.\
517 -1.346,-2.75\
 -3,-2.75h-0.5c-\
0.829,0 -1.5,-0.\
671 -1.5,-1.5c0,\
-0.829 0.671,-1.\
5 1.5,-1.5h0.25c\
1.517,0 2.75,-1.\
233 2.75,-2.75c0\
,-1.517 -1.233,-\
2.75 -2.75,-2.75\
c-1.946,0 -3.04,\
1.386 -3.05,1.4c\
-0.497,0.663 -1.\
438,0.798 -2.1,0\
.3c-0.662,-0.497\
 -0.797,-1.437 -\
0.3,-2.1c0.079,-\
0.106 1.99,-2.6 \
5.45,-2.6c3.17,0\
 5.75,2.58 5.75,\
5.75c0,1.585 -0.\
645,3.023 -1.686\
,4.064c1.334,1.0\
56 2.186,2.652 2\
.186,4.436c0,3.1\
7 -2.691,5.75 -6\
,5.75\x22></path>\x0d\x0a\
            </g>\
\x0d\x0a        </g>\x0d\x0a\
    </g>\x0d\x0a</svg>\
\
\x00\x00\x0aT\
<\
svg version=\x221.1\
\x22 xmlns=\x22http://\
www.w3.org/2000/\
svg\x22 xmlns:xlink\
=\x22http://www.w3.\
org/1999/xlink\x22\x0d\
\x0a    width=\x2248px\
\x22 height=\x2248px\x22 \
viewBox=\x220,0,256\
,256\x22>\x0d\x0a    <g t\
ransform=\x22transl\
ate(-12.8,-12.8)\
 scale(1.1,1.1)\x22\
>\x0d\x0a        <g fi\
ll=\x22#000000\x22 fil\
l-rule=\x22nonzero\x22\
 stroke=\x22none\x22 s\
troke-width=\x221\x22 \
stroke-linecap=\x22\
butt\x22\x0d\x0a         \
   stroke-linejo\
in=\x22miter\x22 strok\
e-miterlimit=\x2210\
\x22 stroke-dasharr\
ay=\x22\x22 stroke-das\
hoffset=\x220\x22\x0d\x0a   \
         font-fa\
mily=\x22none\x22 font\
-weight=\x22none\x22 f\
ont-size=\x22none\x22 \
text-anchor=\x22non\
e\x22\x0d\x0a            \
style=\x22mix-blend\
-mode: normal\x22>\x0d\
\x0a            <g \
transform=\x22scale\
(5.33333,5.33333\
)\x22>\x0d\x0a           \
     <path\x0d\x0a    \
                \
d=\x22M23.97656,2.9\
7852c-0.82766,0.\
01293 -1.48844,0\
.69381 -1.47656,\
1.52148v8.80664c\
-1.45695,0.60044\
 -2.5,2.03264 -2\
.5,3.69336v1h-3.\
5c-3.57194,0 -6.\
5,2.92806 -6.5,6\
.5v1c0,7.75 -1.9\
2383,13.52539 -1\
.92383,13.52539c\
-0.22268,0.66756\
 0.0486,1.40017 \
0.65234,1.76172c\
0,0 5.41854,3.21\
289 14.27148,3.2\
1289c3.39204,0 6\
.37305,-0.49329 \
8.97461,-1.05859\
c0.33874,0.04462\
 0.68257,-0.0277\
3 0.97461,-0.205\
08c3.65314,-0.87\
131 6.14258,-1.8\
5742 6.14258,-1.\
85742c0.74774,-0\
.32118 1.10304,-\
1.17996 0.80078,\
-1.93555c0,0 -1.\
89258,-4.66558 -\
1.89258,-13.4433\
6v-1c0,-3.57194 \
-2.92806,-6.5 -6\
.5,-6.5h-3.5v-1c\
0,-1.66072 -1.04\
305,-3.09292 -2.\
5,-3.69336v-8.80\
664c0.00582,-0.4\
0562 -0.15288,-0\
.7963 -0.43991,-\
1.08296c-0.28703\
,-0.28666 -0.677\
92,-0.44486 -1.0\
8353,-0.43852zM2\
3.95313,16.01953\
c0.03189,0.00102\
 0.06381,0.00102\
 0.0957,0c0.5415\
7,0.02801 0.9511\
7,0.42925 0.9511\
7,0.98047v2.5c0.\
00008,0.82839 0.\
67161,1.49992 1.\
5,1.5h5c1.95006,\
0 3.5,1.54994 3.\
5,3.5v0.5h-22v-0\
.5c0,-1.95006 1.\
54994,-3.5 3.5,-\
3.5h5c0.82839,-0\
.00008 1.49992,-\
0.67161 1.5,-1.5\
v-2.5c0,-0.55189\
 0.41056,-0.9533\
8 0.95313,-0.980\
47zM12.85938,28h\
22.27539c0.26785\
,5.87425 1.07672\
,9.06652 1.54883\
,10.52148c-0.674\
03,0.26147 -1.41\
049,0.5665 -3.51\
953,1.11133c-0.3\
9308,-1.18183 -0\
.99814,-3.32167 \
-1.16602,-7.1972\
7c-0.00661,-0.54\
698 -0.31041,-1.\
047 -0.79283,-1.\
30487c-0.48242,-\
0.25788 -1.06696\
,-0.23273 -1.525\
44,0.06563c-0.45\
848,0.29836 -0.7\
1822,0.82263 -0.\
67782,1.36815c0.\
16407,3.78787 0.\
75237,6.14388 1.\
22461,7.68164c-2\
.17981,0.41429 -\
4.56261,0.75391 \
-7.22656,0.75391\
c-1.50668,0 -2.7\
5733,-0.16693 -4\
.01367,-0.32227c\
0.36106,-0.94885\
 0.74361,-2.0969\
8 1,-3.97461c0.0\
7427,-0.53184 -0\
.1414,-1.06281 -\
0.5655,-1.39222c\
-0.42409,-0.3294\
1 -0.99192,-0.40\
701 -1.48885,-0.\
20347c-0.49693,0\
.20354 -0.84716,\
0.65718 -0.91831\
,1.18944c-0.2646\
7,1.93821 -0.652\
16,3.13391 -0.93\
945,3.80664c-0.0\
3725,0.08722 -0.\
01486,0.02325 -0\
.04492,0.08984c-\
2.7982,-0.63609 \
-4.09144,-1.2077\
2 -4.76953,-1.56\
445c0.41167,-1.3\
9214 1.30595,-4.\
97366 1.59961,-1\
0.62891z\x22></path\
>\x0d\x0a            <\
/g>\x0d\x0a        </g\
>\x0d\x0a    </g>\x0d\x0a</s\
vg>\
\x00\x00\x08\xae\
<\
svg version=\x221.1\
\x22 xmlns=\x22http://\
www.w3.org/2000/\
svg\x22 xmlns:xlink\
=\x22http://www.w3.\
org/1999/xlink\x22\x0d\
\x0a    width=\x2248px\
\x22 height=\x2248px\x22 \
viewBox=\x220,0,256\
,256\x22>\x0d\x0a    <g t\
ransform=\x22transl\
ate(-12.8,-12.8)\
 scale(1.1,1.1)\x22\
>\x0d\x0a        <g fi\
ll=\x22#000000\x22 fil\
l-rule=\x22nonzero\x22\
 stroke=\x22none\x22 s\
troke-width=\x221\x22 \
stroke-linecap=\x22\
butt\x22\x0d\x0a         \
   stroke-linejo\
in=\x22miter\x22 strok\
e-miterlimit=\x2210\
\x22 stroke-dasharr\
ay=\x22\x22 stroke-das\
hoffset=\x220\x22\x0d\x0a   \
         font-fa\
mily=\x22none\x22 font\
-weight=\x22none\x22 f\
ont-size=\x22none\x22 \
text-anchor=\x22non\
e\x22\x0d\x0a            \
style=\x22mix-blend\
-mode: normal\x22>\x0d\
\x0a            <g \
transform=\x22scale\
(5.33333,5.33333\
)\x22>\x0d\x0a           \
     <path\x0d\x0a    \
                \
d=\x22M20.5,3c-2.29\
659,0 -4.1943,1.\
76662 -4.44922,4\
h-3.55078c-2.467\
5,0 -4.5,2.0325 \
-4.5,4.5v27c0,2.\
4675 2.0325,4.5 \
4.5,4.5h23c2.467\
5,0 4.5,-2.0325 \
4.5,-4.5v-27c0,-\
2.4675 -2.0325,-\
4.5 -4.5,-4.5h-3\
.55078c-0.25492,\
-2.23338 -2.1526\
2,-4 -4.44922,-4\
zM20.5,6h7c0.846\
5,0 1.5,0.6535 1\
.5,1.5c0,0.8465 \
-0.6535,1.5 -1.5\
,1.5h-7c-0.8465,\
0 -1.5,-0.6535 -\
1.5,-1.5c0,-0.84\
65 0.6535,-1.5 1\
.5,-1.5zM12.5,10\
h4.26953c0.81171\
,1.2019 2.18519,\
2 3.73047,2h7c1.\
54528,0 2.91876,\
-0.7981 3.73047,\
-2h4.26953c0.846\
5,0 1.5,0.6535 1\
.5,1.5v27c0,0.84\
65 -0.6535,1.5 -\
1.5,1.5h-23c-0.8\
465,0 -1.5,-0.65\
35 -1.5,-1.5v-27\
c0,-0.8465 0.653\
5,-1.5 1.5,-1.5z\
M16.5,17c-0.5409\
5,-0.00765 -1.04\
412,0.27656 -1.3\
1683,0.74381c-0.\
27271,0.46725 -0\
.27271,1.04514 0\
,1.51238c0.27271\
,0.46725 0.77588\
,0.75146 1.31683\
,0.74381h15c0.54\
095,0.00765 1.04\
412,-0.27656 1.3\
1683,-0.74381c0.\
27271,-0.46725 0\
.27271,-1.04514 \
0,-1.51238c-0.27\
271,-0.46725 -0.\
77588,-0.75146 -\
1.31683,-0.74381\
zM16.5,25c-0.540\
95,-0.00765 -1.0\
4412,0.27656 -1.\
31683,0.74381c-0\
.27271,0.46725 -\
0.27271,1.04514 \
0,1.51238c0.2727\
1,0.46725 0.7758\
8,0.75146 1.3168\
3,0.74381h7c0.54\
095,0.00765 1.04\
412,-0.27656 1.3\
1683,-0.74381c0.\
27271,-0.46725 0\
.27271,-1.04514 \
0,-1.51238c-0.27\
271,-0.46725 -0.\
77588,-0.75146 -\
1.31683,-0.74381\
zM16.5,33c-0.540\
95,-0.00765 -1.0\
4412,0.27656 -1.\
31683,0.74381c-0\
.27271,0.46725 -\
0.27271,1.04514 \
0,1.51238c0.2727\
1,0.46725 0.7758\
8,0.75146 1.3168\
3,0.74381h11c0.5\
4095,0.00765 1.0\
4412,-0.27656 1.\
31683,-0.74381c0\
.27271,-0.46725 \
0.27271,-1.04514\
 0,-1.51238c-0.2\
7271,-0.46725 -0\
.77588,-0.75146 \
-1.31683,-0.7438\
1z\x22></path>\x0d\x0a   \
         </g>\x0d\x0a \
       </g>\x0d\x0a   \
 </g>\x0d\x0a</svg>\
\x00\x00\x02\xa6\
\x00\
\x00\x08\xf4x\xda\xedVKo\xa30\x10\xbe\xaf\xb4\xff\
\xc1\xf2^Z\x09\x83\x1f\x98G\x15z\xd8{\x7f\x04%\
N`K \x027I\xf3\xeb\xd7\xe3G\x92\xd2\x1ev\
/=\xd5\x12\xe0\xf9\xfc\xcd\xcc7\x1e\x8d\x92\xd5|\xd8\
\xa2\x83\x9a\xe6n\x1c*\xccb\x86\xd1i\xd7\x0fs\x85\
[\xad\xf7\x0fIr<\x1e\xe3\xa3\x88\xc7i\x9bpJ\
ib\xf8\x9e\xf2p\xea\xbb\xe1\xe53\x22+\xcb2\xb1\
\xa7\xf8\xe7\x0fd\xd6\xb1[\xeb\xb6\xc2i\xb1?a\xd4\
\xaan\xdb\xea`\x1d:u\xfc=\x9e*L#\x1aq\
\x99\xc1\x83\x1f\x9d\xdbj\x8b\xf4T\x0f\xf3f\x9cv\x15\
\xb6\xdb\xbe\xd6\xea\x8ep\x19g\x91}\xdf\xa3\xb9\xa9{\
u\xc7b\x1e\x99\xe7>\xb8z\xf7M\xd7\xf7\x15\xfeE\
\xed\xc2\xd6$\xd3k\xaf*<\x8c\xc3YM#F\xb3\
\x9e\xc6\x17\x07\xa8`\x11/\x98]\x00S\x8cj\xea}\
\x85\x9f_\xb5\xc6\xd7\x1c\xb0n(\x7f\xc6\xce\x5c\xe3\xae\
\xd3j\xba\xb8Z\xab\xef\xcc\xc7\x04\xa4\x17x]\xcfm\
=M\xf5[\x85\xdfa\xe3f3+C\xa5\x8b,\x9b\
q\xd0dS\xef\xba\xfe-\x88\xb5\xd0\xd1_\xe7\x0d4\
w\xe7KAZ\x9d4\xa9\x87\xa6\x1d'\x0f-\xc5\xbf\
\xc1u\xec\xba\x13y\xee\xd5\xb0&\xbbq\xad\x1e\xd0`\
\xae\xbc\xeeoo\xf3cC\xdc\xcd\xcbX\xc0\x8a\xfc\xf7\
~\xe9c\xfd\xf6\xb5n?\xc2\xb0\xd6\x15~*c\x19\
e\x0daq\xc9\xd2RF\x14\x11a\x10\x16\xcbBR\
\xe9\x0c\xf3\x1cx\xd9\xd0\xc8\x93\x90?\x85\x03\xe4\x09\xad\
!\x5cc\x00HB\x0ck@\x0cb\x83\x84T(\x10\
\xec\xa1\xcb\x04\xaf\xb3\x95TB@\x1a\xf3\x12\x08\x14Q\
\x03\x19\x8b\x82\x9f\xdb\xcbCn\xb2\x12A\x0f\xc4l \
\xaeg#\xcf\x03\xc0\x91as~\x12i\xc4\x18\x14\xca\
h*s(\x94\x9b0E)S\x01[n\xeb\xb3g\
\xc8\xc3\x11G\x80_=8\x84r\x1ef\xcb]1\xce\
%\x1c\x18\x18\xa2\x11~~b\xf6\x22M\x91\x0d\x08H\
\xa9\x93Di\x9e\xd9\xdai\x9a2P\xc0\x8d\x9d\x01 \
XV\x08\x03\xe4\xa9(\x18\xf8\xf0\x9c\xe7\xcc\x00i\x96\
s\x89.\x00\xb8J\x96\x22\xd0+\x19\x17E\xb3\xa4\x9a\
\x18\xb9,\x0a\x88e\x88\x19Z\xc4n\xe1f\x9d\xa0\xa0\
'\xc8!AOp!AO\xc8A\xaeI<p\xd5\
C\x82 \xf2\x81M\x82&\x12D\x91e\x0a\xd3\xf8\x88\
\xd3\xd6t\xb4\x80\xbe\xda\x8eq\xfe\xe5\x1d\xe3\xfc\xbbc\
\xff\xd11\xc1\xa0cn\x04\xc3\x04\x920\x820\x81\xc4\
\xcfk\x0b\xe3O\xae#M\xfch\xba\xa1&\xef\x06U\
\x88/o\xbb\x10\xdfm\xff\xd7\xb6\xe3\xc7U\x02\xbf*\
\xcb_\xa8d{\xfb\x0f\xe0b\xb9\xdd\x0a\xfe\xbe<\xfe\
\x05g\xbe\x04\x7f\
\x00\x00\x08:\
<\
svg version=\x221.1\
\x22 xmlns=\x22http://\
www.w3.org/2000/\
svg\x22 xmlns:xlink\
=\x22http://www.w3.\
org/1999/xlink\x22\x0d\
\x0a    width=\x2248px\
\x22 height=\x2248px\x22 \
viewBox=\x220,0,256\
,256\x22>\x0d\x0a    <g t\
ransform=\x22transl\
ate(-25.6,-25.6)\
 scale(1.2,1.2)\x22\
>\x0d\x0a        <g fi\
ll=\x22#000000\x22 fil\
l-rule=\x22nonzero\x22\
 stroke=\x22none\x22 s\
troke-width=\x221\x22 \
stroke-linecap=\x22\
butt\x22\x0d\x0a         \
   stroke-linejo\
in=\x22miter\x22 strok\
e-miterlimit=\x2210\
\x22 stroke-dasharr\
ay=\x22\x22 stroke-das\
hoffset=\x220\x22\x0d\x0a   \
         font-fa\
mily=\x22none\x22 font\
-weight=\x22none\x22 f\
ont-size=\x22none\x22 \
text-anchor=\x22non\
e\x22\x0d\x0a            \
style=\x22mix-blend\
-mode: normal\x22>\x0d\
\x0a            <g \
transform=\x22scale\
(5.33333,5.33333\
)\x22>\x0d\x0a           \
     <path\x0d\x0a    \
                \
d=\x22M32.47852,6c-\
0.39034,0.00571 \
-0.76308,0.16335\
 -1.03906,0.4394\
5l-7,7c-0.39185,\
0.37623 -0.54969\
,0.9349 -0.41265\
,1.46055c0.13704\
,0.52565 0.54754\
,0.93616 1.07319\
,1.07319c0.52565\
,0.13704 1.08432\
,-0.0208 1.46055\
,-0.41265l4.4394\
5,-4.43945v30.37\
891c-0.00765,0.5\
4095 0.27656,1.0\
4412 0.74381,1.3\
1683c0.46725,0.2\
7271 1.04514,0.2\
7271 1.51238,0c0\
.46725,-0.27271 \
0.75146,-0.77588\
 0.74381,-1.3168\
3v-30.37891l4.43\
945,4.43945c0.37\
623,0.39185 0.93\
49,0.54969 1.460\
55,0.41265c0.525\
65,-0.13704 0.93\
616,-0.54754 1.0\
7319,-1.07319c0.\
13704,-0.52565 -\
0.0208,-1.08432 \
-0.41265,-1.4605\
5l-7,-7c-0.28651\
,-0.28663 -0.676\
8,-0.44514 -1.08\
203,-0.43945zM14\
.5,7.99805c-0.60\
9,0 -1.15867,0.3\
6764 -1.38867,0.\
93164l-4.5,11c-0\
.314,0.767 0.053\
31,1.64403 0.820\
31,1.95703c0.767\
,0.316 1.64403,-\
0.05231 1.95703,\
-0.82031l0.4375,\
-1.06836h5.34766\
l0.4375,1.06836c\
0.238,0.581 0.79\
962,0.93164 1.39\
063,0.93164c0.18\
9,0 0.38041,-0.0\
3433 0.56641,-0.\
11133c0.766,-0.3\
13 1.13431,-1.19\
003 0.82031,-1.9\
5703l-4.5,-11c-0\
.23,-0.564 -0.77\
967,-0.93164 -1.\
38867,-0.93164zM\
14.5,13.46094l1.\
44727,3.53711h-2\
.89453zM11,27c-0\
.828,0 -1.5,0.67\
1 -1.5,1.5c0,0.8\
29 0.672,1.5 1.5\
,1.5h4.26758l-5.\
53125,8.69531c-0\
.294,0.462 -0.31\
283,1.04734 -0.0\
4883,1.52734c0.2\
62,0.48 0.76645,\
0.77734 1.31445,\
0.77734h7c0.828,\
0 1.5,-0.671 1.5\
,-1.5c0,-0.829 -\
0.672,-1.5 -1.5,\
-1.5h-4.26953l5.\
5332,-8.69531c0.\
294,-0.462 0.312\
83,-1.04734 0.04\
883,-1.52734c-0.\
262,-0.48 -0.766\
45,-0.77734 -1.3\
1445,-0.77734z\x22>\
</path>\x0d\x0a       \
     </g>\x0d\x0a     \
   </g>\x0d\x0a    </g\
>\x0d\x0a</svg>\
\x00\x00\x080\
<\
svg version=\x221.1\
\x22 xmlns=\x22http://\
www.w3.org/2000/\
svg\x22 xmlns:xlink\
=\x22http://www.w3.\
org/1999/xlink\x22\x0d\
\x0a    width=\x2248px\
\x22 height=\x2248px\x22 \
viewBox=\x220,0,256\
,256\x22>\x0d\x0a    <g t\
ransform=\x22transl\
ate(-6.4,-6.4) s\
cale(1.05,1.05)\x22\
>\x0d\x0a        <g fi\
ll=\x22#000000\x22 fil\
l-rule=\x22nonzero\x22\
 stroke=\x22none\x22 s\
troke-width=\x221\x22 \
stroke-linecap=\x22\
butt\x22\x0d\x0a         \
   stroke-linejo\
in=\x22miter\x22 strok\
e-miterlimit=\x2210\
\x22 stroke-dasharr\
ay=\x22\x22 stroke-das\
hoffset=\x220\x22\x0d\x0a   \
         font-fa\
mily=\x22none\x22 font\
-weight=\x22none\x22 f\
ont-size=\x22none\x22 \
text-anchor=\x22non\
e\x22\x0d\x0a            \
style=\x22mix-blend\
-mode: normal\x22>\x0d\
\x0a            <g \
transform=\x22scale\
(5.33333,5.33333\
)\x22>\x0d\x0a           \
     <path\x0d\x0a    \
                \
d=\x22M12.5,4c-2.48\
1,0 -4.5,2.019 -\
4.5,4.5v31c0,2.4\
81 2.019,4.5 4.5\
,4.5h14.11914c-0\
.853,-0.889 -1.5\
803,-1.898 -2.15\
43,-3h-11.96484c\
-0.827,0 -1.5,-0\
.673 -1.5,-1.5v-\
31c0,-0.827 0.67\
3,-1.5 1.5,-1.5h\
11.5v8.5c0,2.481\
 2.019,4.5 4.5,4\
.5h8.5v2.03711c1\
.039,0.079 2.044\
,0.28084 3,0.589\
84v-4.12695c0,-0\
.4145 -0.16808,-\
0.78917 -0.43945\
,-1.06055l-13,-1\
3c-0.27137,-0.27\
137 -0.64605,-0.\
43945 -1.06055,-\
0.43945zM27,9.12\
109l7.87891,7.87\
891h-6.37891c-0.\
827,0 -1.5,-0.67\
3 -1.5,-1.5zM36,\
24c-0.587,0 -1.1\
6166,0.04953 -1.\
72266,0.14453l-0\
.3457,1.43164c-0\
.537,2.225 -2.82\
648,3.54744 -5.0\
2148,2.89844l-1.\
20508,-0.35742c-\
0.724,0.933 -1.3\
0408,1.99363 -1.\
70508,3.14062l0.\
89453,0.85938c1.\
635,1.574 1.635,\
4.19163 0,5.7656\
2l-0.89453,0.859\
38c0.401,1.147 0\
.98008,2.20662 1\
.70508,3.14062l1\
.20508,-0.35742c\
2.195,-0.649 4.4\
8448,0.67344 5.0\
2148,2.89844l0.3\
457,1.43164c0.56\
1,0.095 1.13666,\
0.14453 1.72266,\
0.14453c0.587,0 \
1.16166,-0.04953\
 1.72266,-0.1445\
3l0.3457,-1.4316\
4c0.537,-2.225 2\
.82648,-3.54744 \
5.02148,-2.89844\
l1.20508,0.35742\
c0.724,-0.933 1.\
30408,-1.99363 1\
.70508,-3.14062l\
-0.89453,-0.8593\
8c-1.635,-1.573 \
-1.635,-4.19262 \
0,-5.76562l0.894\
53,-0.85938c-0.4\
01,-1.147 -0.980\
08,-2.20663 -1.7\
0508,-3.14062l-1\
.20508,0.35742c-\
2.195,0.649 -4.4\
8448,-0.67344 -5\
.02148,-2.89844l\
-0.3457,-1.43164\
c-0.561,-0.095 -\
1.13566,-0.14453\
 -1.72266,-0.144\
53zM36,32c1.657,\
0 3,1.343 3,3c0,\
1.657 -1.343,3 -\
3,3c-1.657,0 -3,\
-1.343 -3,-3c0,-\
1.657 1.343,-3 3\
,-3z\x22></path>\x0d\x0a \
           </g>\x0d\
\x0a        </g>\x0d\x0a \
   </g>\x0d\x0a</svg>\
\x00\x00\x07<\
<\
svg version=\x221.1\
\x22 xmlns=\x22http://\
www.w3.org/2000/\
svg\x22 xmlns:xlink\
=\x22http://www.w3.\
org/1999/xlink\x22\x0d\
\x0a    width=\x2248px\
\x22 height=\x2248px\x22 \
viewBox=\x220,0,256\
,256\x22>\x0d\x0a    <g t\
ransform=\x22transl\
ate(-25.6,-25.6)\
 scale(1.2,1.2)\x22\
>\x0d\x0a        <g fi\
ll=\x22#000000\x22 fil\
l-rule=\x22nonzero\x22\
 stroke=\x22none\x22 s\
troke-width=\x221\x22 \
stroke-linecap=\x22\
butt\x22\x0d\x0a         \
   stroke-linejo\
in=\x22miter\x22 strok\
e-miterlimit=\x2210\
\x22 stroke-dasharr\
ay=\x22\x22 stroke-das\
hoffset=\x220\x22\x0d\x0a   \
         font-fa\
mily=\x22none\x22 font\
-weight=\x22none\x22 f\
ont-size=\x22none\x22 \
text-anchor=\x22non\
e\x22\x0d\x0a            \
style=\x22mix-blend\
-mode: normal\x22>\x0d\
\x0a            <g \
transform=\x22scale\
(5.33333,5.33333\
)\x22>\x0d\x0a           \
     <path\x0d\x0a    \
                \
d=\x22M11.5,6c-3.01\
977,0 -5.5,2.480\
23 -5.5,5.5v25c0\
,3.01977 2.48023\
,5.5 5.5,5.5h18c\
3.01977,0 5.5,-2\
.48023 5.5,-5.5c\
0.00765,-0.54095\
 -0.27656,-1.044\
12 -0.74381,-1.3\
1683c-0.46725,-0\
.27271 -1.04514,\
-0.27271 -1.5123\
8,0c-0.46725,0.2\
7271 -0.75146,0.\
77588 -0.74381,1\
.31683c0,1.39823\
 -1.10177,2.5 -2\
.5,2.5h-18c-1.39\
823,0 -2.5,-1.10\
177 -2.5,-2.5v-2\
5c0,-1.39823 1.1\
0177,-2.5 2.5,-2\
.5h18c1.39823,0 \
2.5,1.10177 2.5,\
2.5c-0.00765,0.5\
4095 0.27656,1.0\
4412 0.74381,1.3\
1683c0.46725,0.2\
7271 1.04514,0.2\
7271 1.51238,0c0\
.46725,-0.27271 \
0.75146,-0.77588\
 0.74381,-1.3168\
3c0,-3.01977 -2.\
48023,-5.5 -5.5,\
-5.5zM33.48438,1\
5.48438c-0.61065\
,0.00015 -1.1602\
6,0.37042 -1.389\
78,0.93629c-0.22\
952,0.56587 -0.0\
9314,1.21439 0.3\
4486,1.63988l4.4\
3945,4.43945h-21\
.37891c-0.54095,\
-0.00765 -1.0441\
2,0.27656 -1.316\
83,0.74381c-0.27\
271,0.46725 -0.2\
7271,1.04514 0,1\
.51238c0.27271,0\
.46725 0.77588,0\
.75146 1.31683,0\
.74381h21.37891l\
-4.43945,4.43945\
c-0.39185,0.3762\
3 -0.54969,0.934\
9 -0.41265,1.460\
55c0.13704,0.525\
65 0.54754,0.936\
16 1.07319,1.073\
19c0.52565,0.137\
04 1.08432,-0.02\
08 1.46055,-0.41\
265l7,-7c0.58555\
,-0.58579 0.5855\
5,-1.5353 0,-2.1\
2109l-7,-7c-0.28\
248,-0.2909 -0.6\
7069,-0.45506 -1\
.07617,-0.45508z\
\x22></path>\x0d\x0a     \
       </g>\x0d\x0a   \
     </g>\x0d\x0a    <\
/g>\x0d\x0a</svg>\
\x00\x00\x07\x8f\
<\
svg version=\x221.1\
\x22 xmlns=\x22http://\
www.w3.org/2000/\
svg\x22 xmlns:xlink\
=\x22http://www.w3.\
org/1999/xlink\x22\x0d\
\x0a    width=\x2248px\
\x22 height=\x2248px\x22 \
viewBox=\x220,0,256\
,256\x22>\x0d\x0a    <g t\
ransform=\x22transl\
ate(-25.6,-25.6)\
 scale(1.2,1.2)\x22\
>\x0d\x0a        <g fi\
ll=\x22#000000\x22 fil\
l-rule=\x22nonzero\x22\
 stroke=\x22none\x22 s\
troke-width=\x221\x22 \
stroke-linecap=\x22\
butt\x22\x0d\x0a         \
   stroke-linejo\
in=\x22miter\x22 strok\
e-miterlimit=\x2210\
\x22 stroke-dasharr\
ay=\x22\x22 stroke-das\
hoffset=\x220\x22\x0d\x0a   \
         font-fa\
mily=\x22none\x22 font\
-weight=\x22none\x22 f\
ont-size=\x22none\x22 \
text-anchor=\x22non\
e\x22\x0d\x0a            \
style=\x22mix-blend\
-mode: normal\x22>\x0d\
\x0a            <g \
transform=\x22scale\
(5.33333,5.33333\
)\x22>\x0d\x0a           \
     <path\x0d\x0a    \
                \
d=\x22M18.99609,5.0\
2344c-1.17336,-0\
.02914 -2.36159,\
0.38698 -3.26562\
,1.29102l-9.4160\
2,9.41406c0,0.00\
065 0,0.0013 0,0\
.00195c-2.06569,\
2.06718 -1.58845\
,5.62259 0.94922\
,7.07227l10.0996\
1,5.77344l3.7929\
7,9.48047c0.1872\
8,0.46805 0.5971\
3,0.81074 1.0909\
4,0.91217c0.4938\
2,0.10144 1.0055\
6,-0.05194 1.362\
18,-0.40827l6.41\
602,-6.41406l10.\
41406,10.41406c0\
.37623,0.39185 0\
.9349,0.54969 1.\
46055,0.41265c0.\
52565,-0.13704 0\
.93616,-0.54754 \
1.07319,-1.07319\
c0.13704,-0.5256\
5 -0.0208,-1.084\
32 -0.41265,-1.4\
6055l-10.41406,-\
10.41406l6.41602\
,-6.41602c0.3563\
3,-0.35662 0.509\
7,-0.86836 0.408\
27,-1.36218c-0.1\
0144,-0.49382 -0\
.44412,-0.90366 \
-0.91217,-1.0909\
4l-9.48242,-3.79\
297l-5.77148,-10\
.09961c0,-0.0006\
5 0,-0.0013 0,-0\
.00195c-0.72538,\
-1.26849 -1.9778\
3,-2.02129 -3.30\
664,-2.19922c-0.\
1661,-0.02224 -0\
.33433,-0.0349 -\
0.50195,-0.03906\
zM18.77734,7.984\
38c0.10968,-0.01\
102 0.21976,-0.0\
0866 0.32813,0.0\
0586c0.43344,0.0\
5807 0.84013,0.3\
1821 1.09375,0.7\
6172l6.0332,10.5\
5469c0.1678,0.29\
39 0.43005,0.522\
42 0.74414,0.648\
44l7.85547,3.140\
63l-11.73633,11.\
73633l-3.14062,-\
7.85547c-0.12565\
,-0.31481 -0.354\
21,-0.5778 -0.64\
844,-0.74609l-10\
.55469,-6.03125c\
-0.88572,-0.5059\
8 -1.03506,-1.62\
478 -0.31445,-2.\
34766v-0.00195l9\
.41406,-9.41211c\
0.27061,-0.27061\
 0.59673,-0.4200\
6 0.92578,-0.453\
12z\x22></path>\x0d\x0a  \
          </g>\x0d\x0a\
        </g>\x0d\x0a  \
  </g>\x0d\x0a</svg>\
\x00\x00\x05U\
<\
svg version=\x221.1\
\x22 xmlns=\x22http://\
www.w3.org/2000/\
svg\x22 xmlns:xlink\
=\x22http://www.w3.\
org/1999/xlink\x22\x0d\
\x0a    width=\x2248px\
\x22 height=\x2248px\x22 \
viewBox=\x220,0,256\
,256\x22>\x0d\x0a    <g t\
ransform=\x22transl\
ate(-19.2,-19.2)\
 scale(1.15,1.15\
)\x22>\x0d\x0a        <g \
fill=\x22#000000\x22 f\
ill-rule=\x22nonzer\
o\x22 stroke=\x22none\x22\
 stroke-width=\x221\
\x22 stroke-linecap\
=\x22butt\x22\x0d\x0a       \
     stroke-line\
join=\x22miter\x22 str\
oke-miterlimit=\x22\
10\x22 stroke-dasha\
rray=\x22\x22 stroke-d\
ashoffset=\x220\x22\x0d\x0a \
           font-\
family=\x22none\x22 fo\
nt-weight=\x22none\x22\
 font-size=\x22none\
\x22 text-anchor=\x22n\
one\x22\x0d\x0a          \
  style=\x22mix-ble\
nd-mode: normal\x22\
>\x0d\x0a            <\
g transform=\x22sca\
le(5.33333,5.333\
33)\x22>\x0d\x0a         \
       <path\x0d\x0a  \
                \
  d=\x22M24,4c-11.0\
2793,0 -20,8.972\
07 -20,20c0,11.0\
2793 8.97207,20 \
20,20c11.02793,0\
 20,-8.97207 20,\
-20c0,-11.02793 \
-8.97207,-20 -20\
,-20zM24,7c9.406\
62,0 17,7.59339 \
17,17c0,9.40661 \
-7.59338,17 -17,\
17c-9.40661,0 -1\
7,-7.59339 -17,-\
17c0,-9.40661 7.\
59339,-17 17,-17\
zM22.47656,11.97\
852c-0.82766,0.0\
1293 -1.48843,0.\
69381 -1.47656,1\
.52148v11c0.0000\
8,0.3978 0.15815\
,0.77928 0.43945\
,1.06055l5,5c0.3\
7623,0.39185 0.9\
349,0.54969 1.46\
055,0.41265c0.52\
565,-0.13704 0.9\
3616,-0.54754 1.\
07319,-1.07319c0\
.13704,-0.52565 \
-0.0208,-1.08432\
 -0.41265,-1.460\
55l-4.56055,-4.5\
6055v-10.37891c0\
.00582,-0.40562 \
-0.15288,-0.7963\
 -0.43991,-1.082\
96c-0.28703,-0.2\
8666 -0.67792,-0\
.44486 -1.08353,\
-0.43852z\x22></pat\
h>\x0d\x0a            \
</g>\x0d\x0a        </\
g>\x0d\x0a    </g>\x0d\x0a</\
svg>\
\x00\x00\x08\x1a\
<\
svg version=\x221.1\
\x22 xmlns=\x22http://\
www.w3.org/2000/\
svg\x22 xmlns:xlink\
=\x22http://www.w3.\
org/1999/xlink\x22\x0d\
\x0a    width=\x2248px\
\x22 height=\x2248px\x22 \
viewBox=\x220,0,256\
,256\x22>\x0d\x0a    <g t\
ransform=\x22transl\
ate(-25.6,-25.6)\
 scale(1.2,1.2)\x22\
>\x0d\x0a        <g fi\
ll=\x22#000000\x22 fil\
l-rule=\x22nonzero\x22\
 stroke=\x22none\x22 s\
troke-width=\x221\x22 \
stroke-linecap=\x22\
butt\x22\x0d\x0a         \
   stroke-linejo\
in=\x22miter\x22 strok\
e-miterlimit=\x2210\
\x22 stroke-dasharr\
ay=\x22\x22 stroke-das\
hoffset=\x220\x22\x0d\x0a   \
         font-fa\
mily=\x22none\x22 font\
-weight=\x22none\x22 f\
ont-size=\x22none\x22 \
text-anchor=\x22non\
e\x22\x0d\x0a            \
style=\x22mix-blend\
-mode: normal\x22>\x0d\
\x0a            <g \
transform=\x22scale\
(5.33333,5.33333\
)\x22>\x0d\x0a           \
     <path\x0d\x0a    \
                \
d=\x22M33.47656,5.9\
7852c-0.82766,0.\
01293 -1.48844,0\
.69381 -1.47656,\
1.52148v30.37891\
l-4.43945,-4.439\
45c-0.37623,-0.3\
9185 -0.9349,-0.\
54969 -1.46055,-\
0.41265c-0.52565\
,0.13704 -0.9361\
6,0.54754 -1.073\
19,1.07319c-0.13\
704,0.52565 0.02\
08,1.08432 0.412\
65,1.46055l7,7c0\
.58579,0.58555 1\
.5353,0.58555 2.\
12109,0l7,-7c0.3\
9185,-0.37623 0.\
54969,-0.9349 0.\
41265,-1.46055c-\
0.13704,-0.52565\
 -0.54754,-0.936\
16 -1.07319,-1.0\
7319c-0.52565,-0\
.13704 -1.08432,\
0.0208 -1.46055,\
0.41265l-4.43945\
,4.43945v-30.378\
91c0.00582,-0.40\
562 -0.15288,-0.\
7963 -0.43991,-1\
.08296c-0.28703,\
-0.28666 -0.6779\
2,-0.44486 -1.08\
353,-0.43852zM15\
.5,7.99805c-0.60\
9,0 -1.15867,0.3\
6764 -1.38867,0.\
93164l-4.5,11c-0\
.314,0.767 0.053\
31,1.64403 0.820\
31,1.95703c0.767\
,0.316 1.64403,-\
0.05231 1.95703,\
-0.82031l0.4375,\
-1.06836h5.34766\
l0.4375,1.06836c\
0.238,0.581 0.79\
962,0.93164 1.39\
063,0.93164c0.18\
9,0 0.38041,-0.0\
3433 0.56641,-0.\
11133c0.766,-0.3\
13 1.13431,-1.19\
003 0.82031,-1.9\
5703l-4.5,-11c-0\
.23,-0.564 -0.77\
967,-0.93164 -1.\
38867,-0.93164zM\
15.5,13.46094l1.\
44727,3.53711h-2\
.89453zM12,27c-0\
.828,0 -1.5,0.67\
1 -1.5,1.5c0,0.8\
29 0.672,1.5 1.5\
,1.5h4.26758l-5.\
53125,8.69531c-0\
.294,0.462 -0.31\
283,1.04734 -0.0\
4883,1.52734c0.2\
62,0.48 0.76645,\
0.77734 1.31445,\
0.77734h7c0.828,\
0 1.5,-0.671 1.5\
,-1.5c0,-0.829 -\
0.672,-1.5 -1.5,\
-1.5h-4.26953l5.\
5332,-8.69531c0.\
294,-0.462 0.312\
83,-1.04734 0.04\
883,-1.52734c-0.\
262,-0.48 -0.766\
45,-0.77734 -1.3\
1445,-0.77734z\x22>\
</path>\x0d\x0a       \
     </g>\x0d\x0a     \
   </g>\x0d\x0a    </g\
>\x0d\x0a</svg>\
\x00\x00\x0dt\
<\
svg version=\x221.1\
\x22 xmlns=\x22http://\
www.w3.org/2000/\
svg\x22 xmlns:xlink\
=\x22http://www.w3.\
org/1999/xlink\x22\x0d\
\x0a    width=\x2248px\
\x22 height=\x2248px\x22 \
viewBox=\x220,0,256\
,256\x22>\x0d\x0a    <g t\
ransform=\x22transl\
ate(-25.6,-25.6)\
 scale(1.2,1.2)\x22\
>\x0d\x0a        <g fi\
ll=\x22#000000\x22 fil\
l-rule=\x22nonzero\x22\
 stroke=\x22none\x22 s\
troke-width=\x221\x22 \
stroke-linecap=\x22\
butt\x22\x0d\x0a         \
   stroke-linejo\
in=\x22miter\x22 strok\
e-miterlimit=\x2210\
\x22 stroke-dasharr\
ay=\x22\x22 stroke-das\
hoffset=\x220\x22\x0d\x0a   \
         font-fa\
mily=\x22none\x22 font\
-weight=\x22none\x22 f\
ont-size=\x22none\x22 \
text-anchor=\x22non\
e\x22\x0d\x0a            \
style=\x22mix-blend\
-mode: normal\x22>\x0d\
\x0a            <g \
transform=\x22scale\
(5.33333,5.33333\
)\x22>\x0d\x0a           \
     <path\x0d\x0a    \
                \
d=\x22M23.97656,3.9\
7852c-0.08662,0.\
0023 -0.17288,0.\
0121 -0.25781,0.\
0293c-3.5152,0.0\
4893 -6.80568,1.\
01836 -9.66211,2\
.66406c-0.24388,\
0.07354 -0.46502\
,0.20797 -0.6425\
8,0.39063c-2.748\
65,1.72433 -5.04\
56,4.09196 -6.68\
359,6.89844c-0.1\
4967,0.15857 -0.\
26298,0.34786 -0\
.33203,0.55469c-\
1.48468,2.74435 \
-2.3431,5.87328 \
-2.39062,9.19531\
c-0.03647,0.1883\
6 -0.03647,0.381\
96 0,0.57031c0.1\
5171,10.89819 9.\
05861,19.71875 1\
9.99219,19.71875\
c10.93096,0 19.8\
3632,-8.81635 19\
.99219,-19.71094\
c0.03647,-0.1883\
6 0.03647,-0.381\
96 0,-0.57031c-0\
.04626,-3.3234 -\
0.9041,-6.45363 \
-2.38867,-9.1992\
2c-0.06911,-0.20\
839 -0.18312,-0.\
39908 -0.33398,-\
0.55859c-1.63828\
,-2.80696 -3.936\
27,-5.17404 -6.6\
8555,-6.89844c-0\
.17613,-0.1811 -\
0.39514,-0.31479\
 -0.63672,-0.388\
67c-2.85518,-1.6\
4581 -6.14439,-2\
.61574 -9.6582,-\
2.66602c-0.10286\
,-0.02067 -0.207\
6,-0.03049 -0.31\
25,-0.0293zM22.5\
,7.07617v2.42383\
c-0.00765,0.5409\
5 0.27656,1.0441\
2 0.74381,1.3168\
3c0.46725,0.2727\
1 1.04514,0.2727\
1 1.51238,0c0.46\
725,-0.27271 0.7\
5146,-0.77588 0.\
74381,-1.31683v-\
2.42383c2.104,0.\
18338 4.09012,0.\
75605 5.90234,1.\
63281l-1.24414,2\
.07812c-0.27992,\
0.46006 -0.29177\
,1.03486 -0.0310\
5,1.50606c0.2607\
2,0.4712 0.75401\
,0.7665 1.29249,\
0.77373c0.53848,\
0.00723 1.03951,\
-0.27473 1.31278\
,-0.73877l1.2460\
9,-2.08203c1.592\
49,1.15613 2.984\
74,2.57157 4.091\
8,4.20117l-2.132\
81,1.1875c-0.723\
79,0.40343 -0.98\
35,1.31722 -0.58\
008,2.04102c0.40\
343,0.72379 1.31\
722,0.9835 2.041\
02,0.58008l2.123\
05,-1.18164c0.74\
95,1.68175 1.235\
04,3.50623 1.402\
34,5.42578h-2.42\
383c-0.54095,-0.\
00765 -1.04412,0\
.27656 -1.31683,\
0.74381c-0.27271\
,0.46725 -0.2727\
1,1.04514 0,1.51\
238c0.27271,0.46\
725 0.77588,0.75\
146 1.31683,0.74\
381h2.42383c-0.7\
5821,8.69913 -8.\
02397,15.5 -16.9\
2383,15.5c-8.899\
85,0 -16.16562,-\
6.80087 -16.9238\
3,-15.5h2.42383c\
0.54095,0.00765 \
1.04412,-0.27656\
 1.31683,-0.7438\
1c0.27271,-0.467\
25 0.27271,-1.04\
514 0,-1.51238c-\
0.27271,-0.46725\
 -0.77588,-0.751\
46 -1.31683,-0.7\
4381h-2.42383c0.\
16731,-1.91956 0\
.65285,-3.74403 \
1.40234,-5.42578\
l2.12305,1.18164\
c0.72379,0.40343\
 1.63759,0.14372\
 2.04102,-0.5800\
8c0.40343,-0.723\
79 0.14372,-1.63\
759 -0.58008,-2.\
04102l-2.13281,-\
1.1875c1.10706,-\
1.6296 2.49931,-\
3.04505 4.0918,-\
4.20117l1.24609,\
2.08203c0.27327,\
0.46404 0.77431,\
0.746 1.31278,0.\
73877c0.53848,-0\
.00723 1.03176,-\
0.30252 1.29249,\
-0.77373c0.26072\
,-0.4712 0.24887\
,-1.046 -0.03105\
,-1.50606l-1.244\
14,-2.07812c1.81\
223,-0.87676 3.7\
9834,-1.44943 5.\
90234,-1.63281zM\
30.4707,15.98633\
c-0.38956,0.0113\
5 -0.75941,0.173\
86 -1.03125,0.45\
313l-4.66602,4.6\
6602c-0.25212,-0\
.06869 -0.51213,\
-0.10415 -0.7734\
4,-0.10547c-1.65\
685,0 -3,1.34315\
 -3,3c0,1.65685 \
1.34315,3 3,3c0.\
9322,-0.00049 1.\
8112,-0.4343 2.3\
7863,-1.1739c0.5\
6743,-0.73961 0.\
7588,-1.70096 0.\
51786,-2.60149l4\
.66406,-4.66406c\
0.4429,-0.43135 \
0.57582,-1.09023\
 0.33479,-1.6595\
5c-0.24103,-0.56\
932 -0.80665,-0.\
93247 -1.42463,-\
0.91467z\x22></path\
>\x0d\x0a            <\
/g>\x0d\x0a        </g\
>\x0d\x0a    </g>\x0d\x0a</s\
vg>\
\x00\x00\x07\x16\
<\
svg version=\x221.1\
\x22 xmlns=\x22http://\
www.w3.org/2000/\
svg\x22 xmlns:xlink\
=\x22http://www.w3.\
org/1999/xlink\x22\x0d\
\x0a    width=\x2248px\
\x22 height=\x2248px\x22 \
viewBox=\x220,0,256\
,256\x22>\x0d\x0a    <g t\
ransform=\x22transl\
ate(-19.2,-19.2)\
 scale(1.15,1.15\
)\x22>\x0d\x0a        <g \
fill=\x22#000000\x22 f\
ill-rule=\x22nonzer\
o\x22 stroke=\x22none\x22\
 stroke-width=\x221\
\x22 stroke-linecap\
=\x22butt\x22\x0d\x0a       \
     stroke-line\
join=\x22miter\x22 str\
oke-miterlimit=\x22\
10\x22 stroke-dasha\
rray=\x22\x22 stroke-d\
ashoffset=\x220\x22\x0d\x0a \
           font-\
family=\x22none\x22 fo\
nt-weight=\x22none\x22\
 font-size=\x22none\
\x22 text-anchor=\x22n\
one\x22\x0d\x0a          \
  style=\x22mix-ble\
nd-mode: normal\x22\
>\x0d\x0a            <\
g transform=\x22sca\
le(5.33333,5.333\
33)\x22>\x0d\x0a         \
       <path\x0d\x0a  \
                \
  d=\x22M24.00977,5\
c-0.57192,-0.003\
57 -1.09611,0.31\
837 -1.35156,0.8\
3008l-5.15234,10\
.30469l-12.23437\
,1.88281c-0.5584\
2,0.08629 -1.020\
98,0.47903 -1.19\
669,1.01606c-0.1\
7571,0.53703 -0.\
03476,1.12723 0.\
36466,1.52691l8.\
46289,8.46289l-1\
.88477,12.24805c\
-0.08598,0.55878\
 0.14949,1.11845\
 0.6091,1.44768c\
0.45961,0.32923 \
1.06528,0.37211 \
1.56668,0.11091l\
10.80664,-5.6386\
7l10.80664,5.638\
67c0.5014,0.2612\
 1.10708,0.21832\
 1.56668,-0.1109\
1c0.45961,-0.329\
23 0.69508,-0.88\
89 0.6091,-1.447\
68l-1.88477,-12.\
24805l8.46289,-8\
.46289c0.39941,-\
0.39968 0.54037,\
-0.98988 0.36466\
,-1.52691c-0.175\
71,-0.53703 -0.6\
3827,-0.92977 -1\
.19669,-1.01606l\
-12.23437,-1.882\
81l-5.15234,-10.\
30469c-0.25231,-\
0.50542 -0.76715\
,-0.82625 -1.332\
03,-0.83008zM24,\
9.85352l4.1582,8\
.31641c0.21736,0\
.43536 0.63237,0\
.73825 1.11328,0\
.8125l10.07422,1\
.55078l-6.90625,\
6.90625c-0.33793\
,0.33795 -0.4946\
2,0.81671 -0.421\
87,1.28906l1.548\
83,10.07031l-8.8\
7305,-4.62891c-0\
.4345,-0.22646 -\
0.95222,-0.22646\
 -1.38672,0l-8.8\
7305,4.62891l1.5\
4883,-10.07031c0\
.07274,-0.47236 \
-0.08394,-0.9511\
1 -0.42187,-1.28\
906l-6.90625,-6.\
90625l10.07422,-\
1.55078c0.48091,\
-0.07425 0.89593\
,-0.37714 1.1132\
8,-0.8125z\x22></pa\
th>\x0d\x0a           \
 </g>\x0d\x0a        <\
/g>\x0d\x0a    </g>\x0d\x0a<\
/svg>\
\x00\x00\x08t\
<\
svg version=\x221.1\
\x22 xmlns=\x22http://\
www.w3.org/2000/\
svg\x22 xmlns:xlink\
=\x22http://www.w3.\
org/1999/xlink\x22\x0d\
\x0a    width=\x2248px\
\x22 height=\x2248px\x22 \
viewBox=\x220,0,256\
,256\x22>\x0d\x0a    <g t\
ransform=\x22transl\
ate(-19.2,-19.2)\
 scale(1.15,1.15\
)\x22>\x0d\x0a        <g \
fill=\x22#000000\x22 f\
ill-rule=\x22nonzer\
o\x22 stroke=\x22none\x22\
 stroke-width=\x221\
\x22 stroke-linecap\
=\x22butt\x22\x0d\x0a       \
     stroke-line\
join=\x22miter\x22 str\
oke-miterlimit=\x22\
10\x22 stroke-dasha\
rray=\x22\x22 stroke-d\
ashoffset=\x220\x22\x0d\x0a \
           font-\
family=\x22none\x22 fo\
nt-weight=\x22none\x22\
 font-size=\x22none\
\x22 text-anchor=\x22n\
one\x22\x0d\x0a          \
  style=\x22mix-ble\
nd-mode: normal\x22\
>\x0d\x0a            <\
g transform=\x22sca\
le(5.33333,5.333\
33)\x22>\x0d\x0a         \
       <path\x0d\x0a  \
                \
  d=\x22M16.5,5c-0.\
54095,-0.00765 -\
1.04412,0.27656 \
-1.31683,0.74381\
c-0.27271,0.4672\
5 -0.27271,1.045\
14 0,1.51238c0.2\
7271,0.46725 0.7\
7588,0.75146 1.3\
1683,0.74381h0.5\
v11.79883c0,0.91\
508 -0.27994,1.8\
0889 -0.80078,2.\
56055l-9.40039,1\
3.57813c0,0.0006\
5 0,0.0013 0,0.0\
0195c-1.16634,1.\
68583 -1.04983,4\
.02085 0.37891,5\
.5957c0.93269,1.\
02906 2.23749,1.\
46484 3.47852,1.\
46484h26.6875c1.\
24102,0 2.54583,\
-0.43579 3.47852\
,-1.46484c1.4287\
4,-1.57486 1.545\
25,-3.90983 0.37\
891,-5.5957c0,-0\
.00065 0,-0.0013\
 0,-0.00195l-9.4\
0039,-13.57812c-\
0.52084,-0.75166\
 -0.80078,-1.645\
47 -0.80078,-2.5\
6055v-11.79883h0\
.5c0.54095,0.007\
65 1.04412,-0.27\
656 1.31683,-0.7\
4381c0.27271,-0.\
46725 0.27271,-1\
.04514 0,-1.5123\
8c-0.27271,-0.46\
725 -0.77588,-0.\
75146 -1.31683,-\
0.74381h-2h-11zM\
20,8h8v8h-8zM20,\
19h8v0.79883c0,1\
.52492 0.46482,3\
.01519 1.33398,4\
.26953l9.40039,1\
3.57813c0.3905,0\
.56593 0.37396,1\
.31444 -0.13281,\
1.87305c-0.00065\
,0.00065 -0.0013\
,0.0013 -0.00195\
,0.00195c-0.2571\
8,0.28399 -0.725\
39,0.47852 -1.25\
586,0.47852h-26.\
6875c-0.53047,0 \
-0.99863,-0.1944\
8 -1.25586,-0.47\
852c-0.00065,-0.\
00065 -0.0013,-0\
.0013 -0.00195,-\
0.00195c-0.50678\
,-0.55856 -0.523\
32,-1.30712 -0.1\
3281,-1.87305v-0\
.00195l9.40039,-\
13.57617c0.86916\
,-1.25434 1.3339\
8,-2.74461 1.333\
98,-4.26953zM21,\
26c-1.10457,0 -2\
,0.89543 -2,2c0,\
1.10457 0.89543,\
2 2,2c1.10457,0 \
2,-0.89543 2,-2c\
0,-1.10457 -0.89\
543,-2 -2,-2zM29\
.5,32c-1.38071,0\
 -2.5,1.11929 -2\
.5,2.5c0,1.38071\
 1.11929,2.5 2.5\
,2.5c1.38071,0 2\
.5,-1.11929 2.5,\
-2.5c0,-1.38071 \
-1.11929,-2.5 -2\
.5,-2.5z\x22></path\
>\x0d\x0a            <\
/g>\x0d\x0a        </g\
>\x0d\x0a    </g>\x0d\x0a</s\
vg>\
\x00\x00\x07\xbe\
<\
svg version=\x221.1\
\x22 xmlns=\x22http://\
www.w3.org/2000/\
svg\x22 xmlns:xlink\
=\x22http://www.w3.\
org/1999/xlink\x22\x0d\
\x0a    width=\x2248px\
\x22 height=\x2248px\x22 \
viewBox=\x220,0,256\
,256\x22>\x0d\x0a    <g t\
ransform=\x22transl\
ate(-19.2,-19.2)\
 scale(1.15,1.15\
)\x22>\x0d\x0a        <g \
fill=\x22#000000\x22 f\
ill-rule=\x22nonzer\
o\x22 stroke=\x22none\x22\
 stroke-width=\x221\
\x22 stroke-linecap\
=\x22butt\x22\x0d\x0a       \
     stroke-line\
join=\x22miter\x22 str\
oke-miterlimit=\x22\
10\x22 stroke-dasha\
rray=\x22\x22 stroke-d\
ashoffset=\x220\x22\x0d\x0a \
           font-\
family=\x22none\x22 fo\
nt-weight=\x22none\x22\
 font-size=\x22none\
\x22 text-anchor=\x22n\
one\x22\x0d\x0a          \
  style=\x22mix-ble\
nd-mode: normal\x22\
>\x0d\x0a            <\
g transform=\x22tra\
nslate(256.05657\
,0.05658) rotate\
(90) scale(5.333\
33,5.33333)\x22>\x0d\x0a \
               <\
path\x0d\x0a          \
          d=\x22M13\
.47852,5c-0.3903\
4,0.00571 -0.763\
08,0.16335 -1.03\
906,0.43945l-7,7\
c-0.39185,0.3762\
3 -0.54969,0.934\
9 -0.41265,1.460\
55c0.13704,0.525\
65 0.54754,0.936\
16 1.07319,1.073\
19c0.52565,0.137\
04 1.08432,-0.02\
081 1.46055,-0.4\
1265l4.43945,-4.\
43945v31.37891c-\
0.00765,0.54095 \
0.27656,1.04412 \
0.74381,1.31683c\
0.46725,0.27271 \
1.04514,0.27271 \
1.51238,0c0.4672\
5,-0.27271 0.751\
46,-0.77588 0.74\
381,-1.31683v-31\
.37891l4.43945,4\
.43945c0.37623,0\
.39185 0.9349,0.\
54969 1.46055,0.\
41265c0.52565,-0\
.13704 0.93616,-\
0.54754 1.07319,\
-1.07319c0.13704\
,-0.52565 -0.020\
8,-1.08432 -0.41\
265,-1.46055l-7,\
-7c-0.28651,-0.2\
8663 -0.6768,-0.\
44514 -1.08203,-\
0.43945zM34.4785\
2,5c-0.39034,0.0\
0571 -0.76308,0.\
16335 -1.03906,0\
.43945l-7,7c-0.3\
9185,0.37623 -0.\
54969,0.9349 -0.\
41265,1.46055c0.\
13704,0.52565 0.\
54754,0.93616 1.\
07319,1.07319c0.\
52565,0.13704 1.\
08432,-0.0208 1.\
46055,-0.41265l4\
.43945,-4.43945v\
31.37891c-0.0076\
5,0.54095 0.2765\
6,1.04412 0.7438\
1,1.31683c0.4672\
5,0.27271 1.0451\
4,0.27271 1.5123\
8,0c0.46725,-0.2\
7271 0.75146,-0.\
77588 0.74381,-1\
.31683v-31.37891\
l4.43945,4.43945\
c0.37623,0.39185\
 0.9349,0.54969 \
1.46055,0.41265c\
0.52565,-0.13704\
 0.93616,-0.5475\
4 1.07319,-1.073\
19c0.13704,-0.52\
565 -0.0208,-1.0\
8432 -0.41265,-1\
.46055l-7,-7c-0.\
28651,-0.28663 -\
0.6768,-0.44514 \
-1.08203,-0.4394\
5z\x22></path>\x0d\x0a   \
         </g>\x0d\x0a \
       </g>\x0d\x0a   \
 </g>\x0d\x0a</svg>\
\x00\x00\x06\xa7\
<\
svg version=\x221.1\
\x22 xmlns=\x22http://\
www.w3.org/2000/\
svg\x22 xmlns:xlink\
=\x22http://www.w3.\
org/1999/xlink\x22\x0d\
\x0a    width=\x2248px\
\x22 height=\x2248px\x22 \
viewBox=\x220,0,256\
,256\x22>\x0d\x0a    <g t\
ransform=\x22transl\
ate(-25.6,-25.6)\
 scale(1.2,1.2)\x22\
>\x0d\x0a        <g fi\
ll=\x22#000000\x22 fil\
l-rule=\x22nonzero\x22\
 stroke=\x22none\x22 s\
troke-width=\x221\x22 \
stroke-linecap=\x22\
butt\x22\x0d\x0a         \
   stroke-linejo\
in=\x22miter\x22 strok\
e-miterlimit=\x2210\
\x22 stroke-dasharr\
ay=\x22\x22 stroke-das\
hoffset=\x220\x22\x0d\x0a   \
         font-fa\
mily=\x22none\x22 font\
-weight=\x22none\x22 f\
ont-size=\x22none\x22 \
text-anchor=\x22non\
e\x22\x0d\x0a            \
style=\x22mix-blend\
-mode: normal\x22>\x0d\
\x0a            <g \
transform=\x22scale\
(5.33333,5.33333\
)\x22>\x0d\x0a           \
     <path\x0d\x0a    \
                \
d=\x22M10.5,6c-0.18\
95,0 -0.37592,0.\
01048 -0.56055,0\
.0293c-0.36797,0\
.0375 -0.72526,0\
.11203 -1.06836,\
0.21875c-1.72387\
,0.5362 -3.08685\
,1.89917 -3.6230\
5,3.62305c-0.106\
72,0.3431 -0.181\
25,0.70039 -0.21\
875,1.06836c-0.0\
0007,0.00064 0.0\
0007,0.00131 0,0\
.00195c-0.01869,\
0.18401 -0.0293,\
0.36975 -0.0293,\
0.55859v2v23c0,3\
.01977 2.48023,5\
.5 5.5,5.5h27c3.\
01977,0 5.5,-2.4\
8023 5.5,-5.5v-2\
3v-2c0,-0.1894 -\
0.01026,-0.37587\
 -0.0293,-0.5605\
5c-0.0375,-0.367\
97 -0.11203,-0.7\
2526 -0.21875,-1\
.06836c-0.5362,-\
1.72387 -1.89917\
,-3.08685 -3.623\
05,-3.62305c-0.3\
431,-0.10672 -0.\
70039,-0.18125 -\
1.06836,-0.21875\
c-0.00064,-0.000\
07 -0.00131,0.00\
007 -0.00195,0c-\
0.18405,-0.0189 \
-0.36986,-0.0293\
 -0.55859,-0.029\
3zM32.5,9c0.828,\
0 1.5,0.672 1.5,\
1.5c0,0.828 -0.6\
72,1.5 -1.5,1.5c\
-0.828,0 -1.5,-0\
.672 -1.5,-1.5c0\
,-0.828 0.672,-1\
.5 1.5,-1.5zM37.\
5,9c0.828,0 1.5,\
0.672 1.5,1.5c0,\
0.828 -0.672,1.5\
 -1.5,1.5c-0.828\
,0 -1.5,-0.672 -\
1.5,-1.5c0,-0.82\
8 0.672,-1.5 1.5\
,-1.5zM8,15h32v2\
1.5c0,1.39823 -1\
.10177,2.5 -2.5,\
2.5h-27c-1.39823\
,0 -2.5,-1.10177\
 -2.5,-2.5z\x22></p\
ath>\x0d\x0a          \
  </g>\x0d\x0a        \
</g>\x0d\x0a    </g>\x0d\x0a\
</svg>\
\x00\x00\x03 \
\x00\
\x00\x0c\xedx\xda\xedWMs\x9b@\x0c\xbdw\xa6\xff\
ag{If\xac\xf5~\x00\xbbdL\x0e\xbd\xe7G\
P\x8cm\x1a\x0c\x1e \xb1\xe3__- \xec\xe0\x1e\
\xda[\x0e\xde\x19\xcc\xea!\xe9=i\x89\x86\xac\xda\xf7\
-{\xcf\x9b\xb6\xa8\xab\x84+\xa18;\xed\xcb\xaaM\
\xf8\xae\xeb\x0eO\xcb\xe5\xf1x\x14G#\xeaf\xbb\xd4\
R\xca%\xfa\x8f.O\xa7\xb2\xa8^\xff\xe6\xa8\xe28\
^\xf6O\xf9\xf7o\x0c\xd7\xb1Xw\xbb\x84\x07\xeep\
\xe2l\x97\x17\xdb]G\xd6{\x91\x1f\x7f\xd6\xa7\x84\xcb\
\x85\x5c\xe80\xf2\x17\x7f\x1e\xc2V[\xd65i\xd5n\
\xeaf\x9f\xf0~[\xa6]\xfe\x00:\x14\xd1\xa2\xff}\
dm\x96\x96\xf9\x83\x12z\x81\xd7#\x85\x8e\xe1\x9b\xa2\
,\x13\xfeC\xf6\x8b\xf7&4oe\x9e\xf0\xaa\xae\xce\
ySs\xd6vM\xfd:\x009Y0\x0aV\x13\x80\
\xc5\xe4YzH\xf8\xaf\xb7\xae\xe3\x17\x0e\xbf\xae\x5c~\
\xd7\x05\xb6q_ty3\x85\xf6VY\xe0\x0d\x13\xca\
\x09^\xa7\xed.m\x9a\xf4#\xe1\x9f\xb0z\xb3is\
t\x953\x96M]u\xb0I\xf7E\xf9Ab{\xe8\
8\xb6\xf3\x0aj\x8b\xf3TP\x97\x9f:H\xablW\
7#4\x17\xff\xe1\xdb\xb1/N\xf0\xab\xcc\xab5\xec\
\xebu\xfe\xc4*lyZ^w\xf3\xf6@\x86\xce\x87\
\xc2\xf8\xb5\x18\xef\x8f\xf3\x98>\xee\x90v\xbb[\xd8\xaf\
u\xc2_\x94\x14\xe1\x22\xcc\xc0\x08\x89\x89$\x83\x10m\
-\x82\xc8\x0d[\xbc2\xb9\xf0O5\xf3\xb0\xf5\x08\xa3\
'\x14\xe5m\x18\xa2\xfa\xed\x10\x05C\x18\x0cq\x1e\x1c\
r\xfa\x9f\xf3\x8b\xf6\xccq\x06x\x0bd\x8c\xa8\x14R\
\xda\x08}\x94\x90A\xa0\xf4B\x0a\x8dv\xe4\x01\xa3\x22\
\x87D\xc2\x06\xc6)\x1f\xa3\xad\xb6\x0a\x01\xcc\xac1\x84\
\x00\x1f\x1a\xaa\x80I\xdc\x85J\x1b\x97\xcd]1\x87\x0d\
\x9d\xf3\xb9\xd01b\xb3\xdc;\xad2RD\x82H\x0f\
\x90 \x8a\x01\x12D$pa\x19\x81\x8b  Ep\
\xe3\x0d$\x0aH\x15\xcc)\xce\xc3I)\x87\x9d\xc5\x87\
V\xba\xe1\xb8\x8cP6\x0e}\xaf\xa28\x88\x0c\x83@\
(\xadd\x8c\xf5\xdb\xd0\xc4}\xaf\xe2@\x85\xce\xb7&\
\x8c\xb5\xedS[\x17+\x7f\xca\x0a\xeb\xb9\x00\x06\xa9\x22\
\x19g\xbey\xfd\x0b\x85e\x04\xc6\x22\x91\x16\x91\x8b\x9c\
f7\x9e\xb3\xdccJ\x22gs1\x17\xe1\xa4\x1bH\
8\xb9\x02\xf9Rn\xa0\xe4D\x0e$|\x02.\xc2\x81\
\x94\x03I\x07\xd2\x0e7\xeepCA\xa9'\x15\x97~\
\x122\x1e\x84V\xfe\x15\x17q8\x94\xa3D\xe0\xac\xf2\
\xaf\x8c\x91\xa1\xf1Z]\xcf%\xa7Fa(\xe6EU\
\x81\xb4\xbe\xb1\xd1\xd8\x18\xe9\xac\x0e\xae\xec\xb1x\x7f\xa0\
\xb8l\xffj\xeb\xd8\x04\xfeL\x94Q\xce\x03\xd1\xfc\x84\
?'\xf7ui\x19Zb\xf7\xa5\x7f\x96\x03\x17\xe5@\
\xd2\x81\xb4O\xdep\xe5>0\xc0\x15EDm\x19*\
\xb8F\xa8\x06\xa0\x22\xa8\x06\xa0\x22n\x9d\xe7\x0cT\x03\
\x89`sU\xe3\x04\xd1\xda\xffE\xdc\x87\xc8\x7f\x0c\x11\
\xa3\xef#\xe4\x0b\x8c\x10s\x1f _a\x80\x98\xe8>\
>\xfeq|\xf0\xe7\xd5\xd2\x7fN\xce?M\x97\xdb\xeb\
O\xff\xc9\x1av+\xff\x7f\xcb\xf3\x1f\xf7m\xca\x9b\
\x00\x00\x06\xa9\
<\
svg version=\x221.1\
\x22 xmlns=\x22http://\
www.w3.org/2000/\
svg\x22 xmlns:xlink\
=\x22http://www.w3.\
org/1999/xlink\x22\x0d\
\x0a    width=\x2248px\
\x22 height=\x2248px\x22 \
viewBox=\x220,0,256\
,256\x22>\x0d\x0a    <g t\
ransform=\x22transl\
ate(-12.8,-12.8)\
 scale(1.1,1.1)\x22\
>\x0d\x0a        <g fi\
ll=\x22#000000\x22 fil\
l-rule=\x22nonzero\x22\
 stroke=\x22none\x22 s\
troke-width=\x221\x22 \
stroke-linecap=\x22\
butt\x22\x0d\x0a         \
   stroke-linejo\
in=\x22miter\x22 strok\
e-miterlimit=\x2210\
\x22 stroke-dasharr\
ay=\x22\x22 stroke-das\
hoffset=\x220\x22\x0d\x0a   \
         font-fa\
mily=\x22none\x22 font\
-weight=\x22none\x22 f\
ont-size=\x22none\x22 \
text-anchor=\x22non\
e\x22\x0d\x0a            \
style=\x22mix-blend\
-mode: normal\x22>\x0d\
\x0a            <g \
transform=\x22scale\
(5.33333,5.33333\
)\x22>\x0d\x0a           \
     <path\x0d\x0a    \
                \
d=\x22M19.5,4c-0.54\
095,-0.00765 -1.\
04412,0.27656 -1\
.31683,0.74381c-\
0.27271,0.46725 \
-0.27271,1.04514\
 0,1.51238c0.272\
71,0.46725 0.775\
88,0.75146 1.316\
83,0.74381h2.5v3\
4h-2.5c-0.54095,\
-0.00765 -1.0441\
2,0.27656 -1.316\
83,0.74381c-0.27\
271,0.46725 -0.2\
7271,1.04514 0,1\
.51238c0.27271,0\
.46725 0.77588,0\
.75146 1.31683,0\
.74381h3.75391c0\
.16103,0.02645 0\
.3253,0.02645 0.\
48633,0h3.75977c\
0.54095,0.00765 \
1.04412,-0.27656\
 1.31683,-0.7438\
1c0.27271,-0.467\
25 0.27271,-1.04\
514 0,-1.51238c-\
0.27271,-0.46725\
 -0.77588,-0.751\
46 -1.31683,-0.7\
4381h-2.5v-34h2.\
5c0.54095,0.0076\
5 1.04412,-0.276\
56 1.31683,-0.74\
381c0.27271,-0.4\
6725 0.27271,-1.\
04514 0,-1.51238\
c-0.27271,-0.467\
25 -0.77588,-0.7\
5146 -1.31683,-0\
.74381zM10.5,10c\
-3.57194,0 -6.5,\
2.92806 -6.5,6.5\
v15c0,3.57194 2.\
92806,6.5 6.5,6.\
5h9.5v-3h-9.5c-1\
.95006,0 -3.5,-1\
.54994 -3.5,-3.5\
v-15c0,-1.95006 \
1.54994,-3.5 3.5\
,-3.5h9.5v-3zM27\
,10v3h9.5c1.9500\
6,0 3.5,1.54994 \
3.5,3.5v15c0,1.9\
5006 -1.54994,3.\
5 -3.5,3.5h-9.5v\
3h9.5c3.57194,0 \
6.5,-2.92806 6.5\
,-6.5v-15c0,-3.5\
7194 -2.92806,-6\
.5 -6.5,-6.5z\x22><\
/path>\x0d\x0a        \
    </g>\x0d\x0a      \
  </g>\x0d\x0a    </g>\
\x0d\x0a</svg>\
\x00\x00\x02=\
\x00\
\x00\x081x\xda\xedU\xcbn\xa30\x14\xdd\x8f4\xff\
`y6\xad\x84\xc1\x0f\xcc#\x0aY\xcc\xbe\x1fA\x89\
\x09\x9e\x02\x8e\xc0\x0d$_?6\xe0$%]t\xd9\
E-a\xfb\x1e\xdf\xc7\xf1=\x92\xd9\xf6\xa7\x038\x89\
\xae\x97\xaa\xcd \xf1\x09\x04cS\xb7}\x06+\xad\x8f\
\x9b \x18\x86\xc1\x1f\x98\xaf\xbaC@1\xc6\x81\xf1_\
\x5c6c-\xdb\xb7\xcf\x1cI\x9a\xa6\xc1t\x0a\x7f\xff\
\x02f\x0cr\xaf\xab\x0c\x86\xc9q\x84\xa0\x12\xf2Pi\
g\x9d\xa4\x18\xfe\xaa1\x83\xd8\xc3\x1e\xe5\x91\xfd\xe0n\
\x0e\xdb\x1e\x80\xee\xf2\xb6/U\xd7dp\xda\xd6\xb9\x16\
O\x88\xa4>\xf5\xa6\xf9\x19\xf4E^\x8b'\xc3\x9c{\
vzv\xc1K\x82R\xd6u\x06\xff\xe0i\xc0\xc9D\
\xdd{-2\xd8\xaa\xf6\x22:\x05A\xaf;\xf56\x03\
\xc2Yh\xa1L\xae\x80\xb9\x8e(\xf2c\x06_\xdf\xb5\
\x86\xb7\x1av\xdc\xb9\xfcS\xd24\xb2\x91Zt\xd7\xd0\
\xc9\xaa\xa5YLB|\x85\xf7y_\xe5]\x97\x9f3\
\xf8\x01Se\xd9\x0b\xe3\x8aWUJ\xd5jT\xe6\x8d\
\xac\xcf\x8e\xec\x04\x0dKC\xef\xa0^^\xae\x17\xd2b\
\xd4(o\x8bJu\x0b\xb4&\x7f\xb6\xedh\xe4\x88^\
k\xd1\xeeQ\xa3\xf6b\x03Z\xd3\xf4\xbc\xbe\xef\xe6\xa3\
$s\xef\xb9\xcf\xec\xf0\x96\xf5y\x1d3\xc5\x1ds]\
=\xc2v\xec3\xf8\x12\xfb\xdc\xe3\x05\x22>\x8b\x18O\
=\x0c\x10\xf5'=Y\x14\x92\xd90\xdf)*\xb0\xb7\
\xf8\x80\xe5\xd0\xe2`9\xaf\xa2\xe2\x96\xc1b\xc8e\x98\
\x0c\x9b\x01\xd9\x14\xae\x0ep\xe7\xd3\xd9\x5c\xc6N\x97\x97\
\xc4K*~\xe2\x152{\x8a\x0d\x9c\x16\xc8,!N\
\x8d\x07\xf61\x8e#n\xa3q\x18\x12\xeaa\x9f\x1a;\
\xb2\x00#Q\xc2\x0c\x10\x87,!6\x86\xc64&\x06\
\x08\xa3\x98\x9a\x10\x07\xd8PNB`\xef\xc3\x09eI\
\xb1v59b\x9e$6\x97q\x8c\xc0*wEI\
\xe1\x189B\x8e\x0fr\x84\x5c\x0cr\x84\x5c\x11t\xab\
\xb2\x007B\xc81B\x0f\xde\xc8\x91B\x8e\x15Z\x97\
\xb8LZ\x92\xc4\xff^rRs\xa9\x8f\x8aRj)\
\xfe\x88\xfauQ\x19\xfdV\x92\xb2\x95\xa0,\xfa\x91\xf3\
\x8br\xc2\xdd6\xb0\x0f\xf2\xfaq\x0f\x0e\xf7?\xcf\xab\
5\xef\xb6\xf6\xdf\xbf\xfb\x0f\x044\xdf&\
\x00\x00\x05\xa1\
<\
svg version=\x221.1\
\x22 xmlns=\x22http://\
www.w3.org/2000/\
svg\x22 xmlns:xlink\
=\x22http://www.w3.\
org/1999/xlink\x22\x0d\
\x0a    width=\x2248px\
\x22 height=\x2248px\x22 \
viewBox=\x220,0,256\
,256\x22>\x0d\x0a    <g t\
ransform=\x22transl\
ate(-32,-32) sca\
le(1.25,1.25)\x22>\x0d\
\x0a        <g fill\
=\x22#000000\x22 fill-\
rule=\x22nonzero\x22 s\
troke=\x22none\x22 str\
oke-width=\x221\x22 st\
roke-linecap=\x22bu\
tt\x22\x0d\x0a           \
 stroke-linejoin\
=\x22miter\x22 stroke-\
miterlimit=\x2210\x22 \
stroke-dasharray\
=\x22\x22 stroke-dasho\
ffset=\x220\x22\x0d\x0a     \
       font-fami\
ly=\x22none\x22 font-w\
eight=\x22none\x22 fon\
t-size=\x22none\x22 te\
xt-anchor=\x22none\x22\
\x0d\x0a            st\
yle=\x22mix-blend-m\
ode: normal\x22>\x0d\x0a \
           <g tr\
ansform=\x22scale(5\
.33333,5.33333)\x22\
>\x0d\x0a             \
   <path\x0d\x0a      \
              d=\
\x22M40.5,6c-0.3837\
5,0 -0.76755,0.1\
4645 -1.06055,0.\
43945l-17.97656,\
17.97852l-1.4628\
9,3.58203l3.5820\
3,-1.46289l17.97\
852,-17.97656c0.\
585,-0.586 0.585\
,-1.53509 0,-2.1\
2109c-0.293,-0.2\
93 -0.6768,-0.43\
945 -1.06055,-0.\
43945zM12.5,7c-3\
.01977,0 -5.5,2.\
48023 -5.5,5.5v2\
3c0,3.01977 2.48\
023,5.5 5.5,5.5h\
23c3.01977,0 5.5\
,-2.48023 5.5,-5\
.5v-17c0.00765,-\
0.54095 -0.27656\
,-1.04412 -0.743\
81,-1.31683c-0.4\
6725,-0.27271 -1\
.04514,-0.27271 \
-1.51238,0c-0.46\
725,0.27271 -0.7\
5146,0.77588 -0.\
74381,1.31683v17\
c0,1.39823 -1.10\
177,2.5 -2.5,2.5\
h-23c-1.39823,0 \
-2.5,-1.10177 -2\
.5,-2.5v-23c0,-1\
.39823 1.10177,-\
2.5 2.5,-2.5h17c\
0.54095,0.00765 \
1.04412,-0.27656\
 1.31683,-0.7438\
1c0.27271,-0.467\
25 0.27271,-1.04\
514 0,-1.51238c-\
0.27271,-0.46725\
 -0.77588,-0.751\
46 -1.31683,-0.7\
4381z\x22></path>\x0d\x0a\
            </g>\
\x0d\x0a        </g>\x0d\x0a\
    </g>\x0d\x0a</svg>\
\
\x00\x00\x067\
<\
svg version=\x221.1\
\x22 xmlns=\x22http://\
www.w3.org/2000/\
svg\x22 xmlns:xlink\
=\x22http://www.w3.\
org/1999/xlink\x22\x0d\
\x0a    width=\x2248px\
\x22 height=\x2248px\x22 \
viewBox=\x220,0,256\
,256\x22>\x0d\x0a    <g t\
ransform=\x22transl\
ate(-19.2,-19.2)\
 scale(1.15,1.15\
)\x22>\x0d\x0a        <g \
fill=\x22#000000\x22 f\
ill-rule=\x22nonzer\
o\x22 stroke=\x22none\x22\
 stroke-width=\x221\
\x22 stroke-linecap\
=\x22butt\x22\x0d\x0a       \
     stroke-line\
join=\x22miter\x22 str\
oke-miterlimit=\x22\
10\x22 stroke-dasha\
rray=\x22\x22 stroke-d\
ashoffset=\x220\x22\x0d\x0a \
           font-\
family=\x22none\x22 fo\
nt-weight=\x22none\x22\
 font-size=\x22none\
\x22 text-anchor=\x22n\
one\x22\x0d\x0a          \
  style=\x22mix-ble\
nd-mode: normal\x22\
>\x0d\x0a            <\
g transform=\x22sca\
le(5.33333,5.333\
33)\x22>\x0d\x0a         \
       <path\x0d\x0a  \
                \
  d=\x22M12.5,5c-3.\
01977,0 -5.5,2.4\
8023 -5.5,5.5v27\
c0,3.01977 2.480\
23,5.5 5.5,5.5h1\
3c3.01977,0 5.5,\
-2.48023 5.5,-5.\
5v-9.5h-3v9.5c0,\
1.39823 -1.10177\
,2.5 -2.5,2.5h-1\
3c-1.39823,0 -2.\
5,-1.10177 -2.5,\
-2.5v-27c0,-1.39\
823 1.10177,-2.5\
 2.5,-2.5h13c1.3\
9823,0 2.5,1.101\
77 2.5,2.5v9.5h3\
v-9.5c0,-3.01977\
 -2.48023,-5.5 -\
5.5,-5.5zM21.470\
7,15.48633c-0.38\
956,0.01135 -0.7\
5941,0.17386 -1.\
03125,0.45313l-7\
,7c-0.58555,0.58\
579 -0.58555,1.5\
353 0,2.12109l7,\
7c0.37623,0.3918\
5 0.9349,0.54969\
 1.46055,0.41265\
c0.52565,-0.1370\
4 0.93616,-0.547\
54 1.07319,-1.07\
319c0.13704,-0.5\
2565 -0.0208,-1.\
08432 -0.41265,-\
1.46055l-4.43945\
,-4.43945h23.378\
91c0.54095,0.007\
65 1.04412,-0.27\
656 1.31683,-0.7\
4381c0.27271,-0.\
46725 0.27271,-1\
.04514 0,-1.5123\
8c-0.27271,-0.46\
725 -0.77588,-0.\
75146 -1.31683,-\
0.74381h-23.3789\
1l4.43945,-4.439\
45c0.4429,-0.431\
35 0.57582,-1.09\
023 0.33479,-1.6\
5955c-0.24103,-0\
.56932 -0.80665,\
-0.93247 -1.4246\
3,-0.91467z\x22></p\
ath>\x0d\x0a          \
  </g>\x0d\x0a        \
</g>\x0d\x0a    </g>\x0d\x0a\
</svg>\
\x00\x00\x10\x04\
<\
svg version=\x221.1\
\x22 xmlns=\x22http://\
www.w3.org/2000/\
svg\x22 xmlns:xlink\
=\x22http://www.w3.\
org/1999/xlink\x22\x0d\
\x0a    width=\x2248px\
\x22 height=\x2248px\x22 \
viewBox=\x220,0,256\
,256\x22>\x0d\x0a    <g t\
ransform=\x22transl\
ate(-19.2,-19.2)\
 scale(1.15,1.15\
)\x22>\x0d\x0a        <g \
fill=\x22#C50F1F\x22 f\
ill-rule=\x22nonzer\
o\x22 stroke=\x22none\x22\
 stroke-width=\x221\
\x22 stroke-linecap\
=\x22butt\x22\x0d\x0a       \
     stroke-line\
join=\x22miter\x22 str\
oke-miterlimit=\x22\
10\x22 stroke-dasha\
rray=\x22\x22 stroke-d\
ashoffset=\x220\x22\x0d\x0a \
           font-\
family=\x22none\x22 fo\
nt-weight=\x22none\x22\
 font-size=\x22none\
\x22 text-anchor=\x22n\
one\x22\x0d\x0a          \
  style=\x22mix-ble\
nd-mode: normal\x22\
>\x0d\x0a            <\
g transform=\x22sca\
le(5.33333,5.333\
33)\x22>\x0d\x0a         \
       <path\x0d\x0a  \
                \
  d=\x22M24,4c-3.39\
502,0 -6.12807,2\
.67094 -6.39844,\
6h-11.10156c-0.5\
4095,-0.00765 -1\
.04412,0.27656 -\
1.31683,0.74381c\
-0.27271,0.46725\
 -0.27271,1.0451\
4 0,1.51238c0.27\
271,0.46725 0.77\
588,0.75146 1.31\
683,0.74381h1.67\
969l3.38281,26.2\
0313c0.353,2.734\
 2.69908,4.79688\
 5.45508,4.79688\
h6.61523c-0.855,\
-0.889 -1.5822,-\
1.897 -2.1582,-3\
h-4.45898c-1.253\
,0 -2.31752,-0.9\
3769 -2.47852,-2\
.17969l-3.33203,\
-25.82031h25.587\
89l-1.19336,9.26\
172c1.017,0.206 \
1.98344,0.5417 2\
.89844,0.9707l1.\
32031,-10.23242h\
1.68164c0.54095,\
0.00765 1.04412,\
-0.27656 1.31683\
,-0.74381c0.2727\
1,-0.46725 0.272\
71,-1.04514 0,-1\
.51238c-0.27271,\
-0.46725 -0.7758\
8,-0.75146 -1.31\
683,-0.74381h-11\
.10156c-0.27037,\
-3.32906 -3.0034\
2,-6 -6.39844,-6\
zM24,7c1.77204,0\
 3.15195,1.30305\
 3.40039,3h-6.80\
078c0.24845,-1.6\
9695 1.62835,-3 \
3.40039,-3zM33,2\
4c-6.075,0 -11,4\
.925 -11,11c0,6.\
075 4.925,11 11,\
11c6.075,0 11,-4\
.925 11,-11c0,-6\
.075 -4.925,-11 \
-11,-11zM38,29c0\
.11338,0 0.22593\
,0.02607 0.33398\
,0.06445c0.03843\
,0.01367 0.07447\
,0.03422 0.11133\
,0.05273c0.09277\
,0.0468 0.1843,0\
.09817 0.26172,0\
.17578c0.08221,0\
.08221 0.13791,0\
.1802 0.18555,0.\
2793c0.01373,0.0\
287 0.03018,0.05\
63 0.04102,0.085\
94c0.08101,0.221\
23 0.08247,0.462\
43 0.00195,0.683\
59c-0.0119,0.032\
62 -0.03147,0.06\
226 -0.04687,0.0\
9375c-0.04734,0.\
09654 -0.10123,0\
.19128 -0.18164,\
0.27148l-4.29297\
,4.29297c2.195,2\
.194 4.20497,4.2\
0497 4.29297,4.2\
9297c0.07876,0.0\
7876 0.1307,0.17\
315 0.17773,0.26\
758c0.01711,0.03\
458 0.03792,0.06\
756 0.05078,0.10\
352c0.03921,0.10\
92 0.06445,0.221\
34 0.06445,0.335\
94c0,0.11338 -0.\
02607,0.22593 -0\
.06445,0.33398c-\
0.01367,0.03843 \
-0.03422,0.07447\
 -0.05273,0.1113\
3c-0.0468,0.0927\
7 -0.09817,0.184\
3 -0.17578,0.261\
72c-0.08221,0.08\
221 -0.1802,0.13\
791 -0.2793,0.18\
555c-0.0287,0.01\
373 -0.0563,0.03\
018 -0.08594,0.0\
4102c-0.22123,0.\
08101 -0.46243,0\
.08247 -0.68359,\
0.00195c-0.03263\
,-0.0119 -0.0622\
6,-0.03147 -0.09\
375,-0.04687c-0.\
09654,-0.04734 -\
0.19128,-0.10123\
 -0.27148,-0.181\
64l-4.29297,-4.2\
9297l-4.29297,4.\
29297c-0.07876,0\
.07876 -0.17315,\
0.1307 -0.26758,\
0.17773c-0.03458\
,0.01711 -0.0675\
6,0.03792 -0.103\
52,0.05078c-0.10\
92,0.03921 -0.22\
134,0.06445 -0.3\
3594,0.06445c-0.\
11338,0 -0.22593\
,-0.02607 -0.333\
98,-0.06445c-0.0\
3843,-0.01367 -0\
.07447,-0.03422 \
-0.11133,-0.0527\
3c-0.09277,-0.04\
68 -0.1843,-0.09\
817 -0.26172,-0.\
17578c-0.08221,-\
0.08221 -0.13791\
,-0.1802 -0.1855\
5,-0.2793c-0.013\
73,-0.0287 -0.03\
018,-0.0563 -0.0\
4102,-0.08594c-0\
.08101,-0.22123 \
-0.08247,-0.4624\
3 -0.00195,-0.68\
359c0.0119,-0.03\
263 0.03147,-0.0\
6226 0.04688,-0.\
09375c0.04734,-0\
.09654 0.10123,-\
0.19128 0.18164,\
-0.27148c0.088,-\
0.088 2.09797,-2\
.09897 4.29297,-\
4.29297l-4.29297\
,-4.29297c-0.078\
76,-0.07876 -0.1\
307,-0.17315 -0.\
17773,-0.26758c-\
0.01711,-0.03458\
 -0.03792,-0.067\
56 -0.05078,-0.1\
0352c-0.03921,-0\
.1092 -0.06445,-\
0.22134 -0.06445\
,-0.33594c0,-0.1\
1338 0.02607,-0.\
22593 0.06445,-0\
.33398c0.01367,-\
0.03843 0.03422,\
-0.07447 0.05273\
,-0.11133c0.0468\
,-0.09277 0.0981\
7,-0.1843 0.1757\
8,-0.26172c0.093\
63,-0.09363 0.20\
363,-0.16215 0.3\
1836,-0.21094c0.\
0178,-0.00755 0.\
03656,-0.01111 0\
.05469,-0.01758c\
0.09531,-0.03401\
 0.19307,-0.0524\
7 0.29297,-0.056\
64c0.02215,-0.00\
092 0.04424,-0.0\
0445 0.06641,-0.\
00391c0.11335,0.\
0029 0.22676,0.0\
2317 0.33398,0.0\
6445c0.01836,0.0\
0709 0.03474,0.0\
1913 0.05273,0.0\
2734c0.10597,0.0\
4832 0.2078,0.10\
992 0.29492,0.19\
727c0.088,0.088 \
2.09897,2.09797 \
4.29297,4.29297l\
4.29297,-4.29297\
c0.07876,-0.0787\
6 0.17315,-0.130\
7 0.26758,-0.177\
73c0.03458,-0.01\
711 0.06756,-0.0\
3792 0.10352,-0.\
05078c0.1092,-0.\
03921 0.22134,-0\
.06445 0.33594,-\
0.06445z\x22></path\
>\x0d\x0a            <\
/g>\x0d\x0a        </g\
>\x0d\x0a    </g>\x0d\x0a</s\
vg>\
\x00\x00\x02\xd7\
\x00\
\x00\x0b#x\xda\xedVMo\xdb0\x0c\xbd\x0f\xd8\x7f\
0\xb4K\x0bH\x8a\xa8O\xab\x88{\xd8\xbd?\xc2K\
\x9c\xd8\xabc\x07\xb6\xdb\xa4\xf9\xf5\xa3\x14;\xcd\xdc\x01\
\xdbn\x1dV\x01\x89\xc4\xe7G\xf2\x91f\x02-\xfb\xe7\
m\xf2\x5ct}\xd56\x19\x01\x0e$9\xee\xea\xa6\xcf\
H9\x0c\xfb\xbb\xc5\xe2p8\xf0\x83\xe2m\xb7]H\
!\xc4\x02\xf9#\xe5\xeeXW\xcd\xe3\xaf\x88\xe0\xbd_\
\xc4\xa7\xe4\xf3\xa7\x04\xd7\xa1Z\x0feFt\xba?\x92\
\xa4,\xaam9L\xd6sU\x1c\xbe\xb6\xc7\x8c\x08*\
\xa846|\xc8\xfd\xd9m\xb9M\x86.o\xfaM\xdb\
\xed2\x12\x8fu>\x147\x0c<\x974~\xdf&\xfd\
*\xaf\x8b\x1bTnh\xf8\xba\x9d\x9c\xc7\x00\x9b\xaa\xae\
3\xf2E\xc4E\xa2\xc9\xba\xa7\xba\xc8H\xd36\xa7\xa2\
kI\xd2\x0f]\xfbx\x06\x8a\xc9b\xa3d\xb8\x00X\
N\xb1\xca\xf7\x19\xf9\xf64\x0c\xe45GXW\x94\xef\
m\x85\x8d\xdcUC\xd1]\x5c\xa3UW\xb8a@q\
\x81\xd7y_\xe6]\x97\xbfd\xe4'\xac\xddl\xfa\x02\
\xa9b\x96e\xd36\x03\xdb\xe4\xbb\xaa~\x99\xc4F\xe8\
06\xf4\x0a\xea\xab\xd3\xa5\xa0\xa18\x0e,oVe\
\xdb\x8d\xd0\x5c\xfcKh\xc7\xae:\xb2ou\xd1\xac\xd9\
\xae]\x17wI\x83M\xcf\xeb\xebn\xbe}%\xe7\xde\
\x1b\xae\xc2\xa2\xe3~;\xf7\x89~\xfb|(\xdf\xc2a\
\xad3\xf2\x00\x96k'\x1c\xd5\xdc\xa7V\xa9\x15\x13\x5c\
\xa5\x1e\xa7Ap\x01\xa0L\x82\x803^\x03\x02\xe0T\
j\x13\x06\x5c(\x90\x06\x01m\x14\xa8\x9a\x19\xee\x95\xd7\
\x86\x8e{\xcd\xe4\x08L\x87\x18\xd5Y\xa9h8xH\
cX\xaf\xb4\x0f\x80\xd1\xde\xfa\x10V[aL@4\
H\x1b\x9d\x0c\xced\x90\x02\xca\x09}\xf6\xb1\x10\x00\xa3\
\x9d\xd1Q\x8aS\x92\x9e\xb7\xe0\x10\x89ttL\xb0\x06\
)R\x08\xcfS\xadd2F\xa6c\xaaZS\xbdB\
nj\x9c\xa7q7&\x01n\x94Q\x17Sr\x90 \
\xf0q\xed(s\xc8\xd6ZF\xd5Z\x85\xee \xcd\x99\
4\xfc$\xb8\xf0B*\x04\x94\xd2\x18\x0e\x01k\xbc\x89\
UH\x0d\x22\x96n\xacG\x15xH\x85\xb5\xb1R\xb4\
\xb5\x8b\xb5Km#\xc7\x83\xb6\xee\xf4 Q\x07\xf5\xb1\
\x07Z\xf8\xc8\x15\xc2Y\x13k\xd6X\x06*\x94h\xc7\
\xf7\xa1\xc0\xa6A\xb2\xd3*\x85\x98\xd1I\x17\xde\x18\x86\
\x92\xb1\xd7g \xb8\x1a\xd0\x89\xc0\x93\x01\xa9\xd2\xd5\x9c\
\x8a1\xb0\x9e4\xc4B\xa2Mf\xb1K\x09\xabI\xd1\
$h\xd2\xc3&A\x93\x0f\x9b\x04MI\xd8k\x96\x11\
x\x15\xc4&E\xec\x0d\x9bM\xa2\xd8\xa4\x8a\xcdS\x9c\
.s\x0c)\xd7\xeft\x90\xcd\xef\x06\x19<\x1d\xf7\xf9\
(\x9b\x7f~\x94\xa5\xe4\xe6c\x9a\xffv\x9a\x15\xbc\xdb\
\xbf\xe5\xffz\x9a\x95\xfd\x98\xe5?\x9cer\xbf\x5c\x84\
+\xc8\xfc:\xb3\xd8^_\x17/\xd6\xf9\xb4\x0c\xb7\xdd\
\xfb\x1fE\xa3q\xd7\
\x00\x00\x06K\
<\
svg version=\x221.1\
\x22 xmlns=\x22http://\
www.w3.org/2000/\
svg\x22 xmlns:xlink\
=\x22http://www.w3.\
org/1999/xlink\x22\x0d\
\x0a    width=\x2248px\
\x22 height=\x2248px\x22 \
viewBox=\x220,0,256\
,256\x22>\x0d\x0a    <g t\
ransform=\x22transl\
ate(-25.6,-25.6)\
 scale(1.2,1.2)\x22\
>\x0d\x0a        <g fi\
ll=\x22#000000\x22 fil\
l-rule=\x22nonzero\x22\
 stroke=\x22none\x22 s\
troke-width=\x221\x22 \
stroke-linecap=\x22\
butt\x22\x0d\x0a         \
   stroke-linejo\
in=\x22miter\x22 strok\
e-miterlimit=\x2210\
\x22 stroke-dasharr\
ay=\x22\x22 stroke-das\
hoffset=\x220\x22\x0d\x0a   \
         font-fa\
mily=\x22none\x22 font\
-weight=\x22none\x22 f\
ont-size=\x22none\x22 \
text-anchor=\x22non\
e\x22\x0d\x0a            \
style=\x22mix-blend\
-mode: normal\x22>\x0d\
\x0a            <g \
transform=\x22scale\
(5.33333,5.33333\
)\x22>\x0d\x0a           \
     <path\x0d\x0a    \
                \
d=\x22M12.5,6c-0.54\
095,-0.00765 -1.\
04412,0.27656 -1\
.31683,0.74381c-\
0.27271,0.46725 \
-0.27271,1.04514\
 0,1.51238c0.272\
71,0.46725 0.775\
88,0.75146 1.316\
83,0.74381h23c0.\
54095,0.00765 1.\
04412,-0.27656 1\
.31683,-0.74381c\
0.27271,-0.46725\
 0.27271,-1.0451\
4 0,-1.51238c-0.\
27271,-0.46725 -\
0.77588,-0.75146\
 -1.31683,-0.743\
81zM9.5,11c-0.54\
095,-0.00765 -1.\
04412,0.27656 -1\
.31683,0.74381c-\
0.27271,0.46725 \
-0.27271,1.04514\
 0,1.51238c0.272\
71,0.46725 0.775\
88,0.75146 1.316\
83,0.74381h29c0.\
54095,0.00765 1.\
04412,-0.27656 1\
.31683,-0.74381c\
0.27271,-0.46725\
 0.27271,-1.0451\
4 0,-1.51238c-0.\
27271,-0.46725 -\
0.77588,-0.75146\
 -1.31683,-0.743\
81zM8.5,16c-1.91\
495,0 -3.5,1.585\
05 -3.5,3.5v19c0\
,1.91495 1.58505\
,3.5 3.5,3.5h31c\
1.91495,0 3.5,-1\
.58505 3.5,-3.5v\
-19c0,-1.91495 -\
1.58505,-3.5 -3.\
5,-3.5zM8.5,19h3\
1c0.29505,0 0.5,\
0.20496 0.5,0.5v\
19c0,0.29505 -0.\
20495,0.5 -0.5,0\
.5h-31c-0.29505,\
0 -0.5,-0.20495 \
-0.5,-0.5v-19c0,\
-0.29504 0.20495\
,-0.5 0.5,-0.5z\x22\
></path>\x0d\x0a      \
      </g>\x0d\x0a    \
    </g>\x0d\x0a    </\
g>\x0d\x0a</svg>\
\x00\x00\x02\xbc\
\x00\
\x00\x0b\x1fx\xda\xe5V\xcbn\xa30\x14\xdd\x8f4\xff\
`y6\xad\x84\xc1\x0f\x0c\xa4\x0a]\xcc\xbe\x1fA\x09\
\x04\xa6\x04\x22\xa0!\xcd\xd7\xcf\xbd\xc6N2\xb4\x8b\x8e\
\xd4E\xa4Z2\x5c\x1f\xee\xe3\x1c\xfb\x82X\x0f\x87-\
9\x14\xfdPwmJ\x85/(9\xee\x9avHi\
5\x8e\xfb\x87 \x98\xa6\xc9\x9f\x94\xdf\xf5\xdb@r\xce\
\x03\xf0\xb7.\x0f\xc7\xa6n_>r\x14\xab\xd5*0\
O\xe9\xcf\x1f\x04\xc6To\xc6*\xa5a\xb2?RR\
\x15\xf5\xb6\x1a\xdd\xeaP\x17\xd3\xef\xee\x98R\xeeqO\
\xea\x08'}\x9c\xc3\xd6[2\xf6Y;\x94]\xbfK\
\xa91\x9bl,\xee\x98\x90~\xe2\x99\xeb=\x19\xf2\xac\
)\xee\x80\xb9\x07\xf3\xde\x85\xda\xf0\xb2n\x9a\x94\xfe*\
\xcd\xa0f\xc9\xfa\xd7\xa6Hi\xdb\xb5\xa7\xa2\xef(\x19\
\xc6\xbe{\x99\x81\xc2\xad\x98%,\xce\x00\x88)\xf2l\
\x9f\xd2\xe7\xd7q\xa4\x97\x1a8\xae\x5c\xfet5l\xe3\
\xae\x1e\x8b\xfe\x1cjVM\x0d7H\xc8\xcf\xf0&\x1b\
\xaa\xac\xef\xb3\xb7\x94\xfe\x83ue9\x14\xe0\xca\x17U\
\xca\xae\x1dY\x99\xed\xea\xe6\xcd\x915\xd0d\xb7\xf3\x0a\
\x1a\xea\xd3Y\xd0X\x1cG\x96\xb5y\xd5\xf5\x16Z\x92\
\x7f\xc3\xed\xd8\xd5G\xf6\xdc\x14\xed\x86\xed\xbaM\xf1@\
Z\xd8\xf2\xac\xb9\xde\xcd\xf7\x072\xef\xbc\xf6\x15\x0e\xcf\
\xde\xef\x971&n\x9f\x8d\xd5{\x18\xc7&\xa5OJ\
\xfa\xda\xd39\x93~\x18\xc5\xda\xe3\x84\x85\x00H\x9f+\
\xa9g\x1b\xe6\x81\xfb\xbab\x12\x5cs\x06f\xc8W\xda\
\x03\x83\xf38\x02'\xe1\xf30\x14\xd2\xe3\xbe\x84u\x84\
\x80\x12Q\xa2\x00\x88C\x95\x08\x8c\x91\xb1\x8c\x05\x00P\
\x04\xf3:\x00C\xb5\x08\x09\x07K\x0b\xa9\x92|\xe9\x0a\
9b\x9d$\x98\x0b\x1c#\xb2\xc8]!)\xa4\x97C\
\x07\x1b\x09d\xe6\x8e\xb4\x89\xa5\x9f\x9f\xc5!\xc0\xac8\
c\xa38\x94TiLa\xa59eN\x18s\xca\x5c\
q\xe6\x949\xb6\xecB\xd7\x02\x17e\xccIc\xef\xbc\
\x99S\xc7\x9c<\xb6,Q1m)\x82B{J\xc4\
J0\xf4\xe7C\xc2\xcbi>L\xdc\xc3$\x8cP.\
T\x061\x91V\xda\x980\x0f\x02\x0a\xa9\x959\x13.\
\xa3\x10\x9f\x8bHpE\xae\x00H\xad\x808\xb0L\x22\
\xa5L\xc8*\x8esD01\xbabN\xcc\x87\x84\x8d\
\x81\x09mU\x03Y\x1f\xbb\xc0\xca\xcc\x95v\x85\x98+\
}\x05\xd8\xd2\xcc\xd5f\x97\xe2\xb6\x00\xb1\xc51'q\
\xc9OOB#\x8f\xd8\xff\x5c+\xeb\x1b\xecd\xfd5\
\x8dl\xde\xd2\xdb\xecd\xf3\xae~\xb2\x95\xcdyJ\xe3\
\xfb\x0d\xbbY\x81pO\xf1\xcf}\x96\xf9-~\x96\xf9\
\xd7ts|\xb3\xcd\x1c\xff\xc7g\xd9\x9c\xa6\xfa\x8e\x9d\
L\x1f\xd7\x01\xfe\x80,\x7ff\x82\xed\xf5\xcf\xe2y5\
[k\xfc\xd3}\xfc\x0b\x0d\xefu\x05\
\x00\x00\x06\xfd\
<\
svg version=\x221.1\
\x22 xmlns=\x22http://\
www.w3.org/2000/\
svg\x22 xmlns:xlink\
=\x22http://www.w3.\
org/1999/xlink\x22\x0d\
\x0a    width=\x2248px\
\x22 height=\x2248px\x22 \
viewBox=\x220,0,256\
,256\x22>\x0d\x0a    <g t\
ransform=\x22transl\
ate(-12.8,-12.8)\
 scale(1.1,1.1)\x22\
>\x0d\x0a        <g fi\
ll=\x22#ffffff\x22 fil\
l-rule=\x22nonzero\x22\
 stroke=\x22none\x22 s\
troke-width=\x221\x22 \
stroke-linecap=\x22\
butt\x22\x0d\x0a         \
   stroke-linejo\
in=\x22miter\x22 strok\
e-miterlimit=\x2210\
\x22 stroke-dasharr\
ay=\x22\x22 stroke-das\
hoffset=\x220\x22\x0d\x0a   \
         font-fa\
mily=\x22none\x22 font\
-weight=\x22none\x22 f\
ont-size=\x22none\x22 \
text-anchor=\x22non\
e\x22\x0d\x0a            \
style=\x22mix-blend\
-mode: normal\x22>\x0d\
\x0a            <g \
transform=\x22scale\
(5.33333,5.33333\
)\x22>\x0d\x0a           \
     <path\x0d\x0a    \
                \
d=\x22M12.5,4c-2.46\
75,0 -4.5,2.0325\
 -4.5,4.5v31c0,2\
.4675 2.0325,4.5\
 4.5,4.5h23c2.46\
75,0 4.5,-2.0325\
 4.5,-4.5v-21c-0\
.00008,-0.3978 -\
0.15815,-0.77928\
 -0.43945,-1.060\
55l-0.01562,-0.0\
1562l-12.98437,-\
12.98437c-0.2812\
7,-0.2813 -0.662\
75,-0.43938 -1.0\
6055,-0.43945zM1\
2.5,7h11.5v8.5c0\
,2.4675 2.0325,4\
.5 4.5,4.5h8.5v1\
9.5c0,0.8465 -0.\
6535,1.5 -1.5,1.\
5h-23c-0.8465,0 \
-1.5,-0.6535 -1.\
5,-1.5v-31c0,-0.\
8465 0.6535,-1.5\
 1.5,-1.5zM27,9.\
12109l7.87891,7.\
87891h-6.37891c-\
0.8465,0 -1.5,-0\
.6535 -1.5,-1.5z\
M17.5,25c-0.5409\
5,-0.00765 -1.04\
412,0.27656 -1.3\
1683,0.74381c-0.\
27271,0.46725 -0\
.27271,1.04514 0\
,1.51238c0.27271\
,0.46725 0.77588\
,0.75146 1.31683\
,0.74381h13c0.54\
095,0.00765 1.04\
412,-0.27656 1.3\
1683,-0.74381c0.\
27271,-0.46725 0\
.27271,-1.04514 \
0,-1.51238c-0.27\
271,-0.46725 -0.\
77588,-0.75146 -\
1.31683,-0.74381\
zM17.5,32c-0.540\
95,-0.00765 -1.0\
4412,0.27656 -1.\
31683,0.74381c-0\
.27271,0.46725 -\
0.27271,1.04514 \
0,1.51238c0.2727\
1,0.46725 0.7758\
8,0.75146 1.3168\
3,0.74381h9c0.54\
095,0.00765 1.04\
412,-0.27656 1.3\
1683,-0.74381c0.\
27271,-0.46725 0\
.27271,-1.04514 \
0,-1.51238c-0.27\
271,-0.46725 -0.\
77588,-0.75146 -\
1.31683,-0.74381\
z\x22></path>\x0d\x0a    \
        </g>\x0d\x0a  \
      </g>\x0d\x0a    \
</g>\x0d\x0a</svg>\
\x00\x00\x1d\xde\
<\
svg version=\x221.1\
\x22 xmlns=\x22http://\
www.w3.org/2000/\
svg\x22 xmlns:xlink\
=\x22http://www.w3.\
org/1999/xlink\x22\x0d\
\x0a    width=\x2248px\
\x22 height=\x2248px\x22 \
viewBox=\x220,0,256\
,256\x22>\x0d\x0a    <g t\
ransform=\x22transl\
ate(-12.8,-12.8)\
 scale(1.1,1.1)\x22\
>\x0d\x0a        <g fi\
ll=\x22#ffffff\x22 fil\
l-rule=\x22nonzero\x22\
 stroke=\x22none\x22 s\
troke-width=\x221\x22 \
stroke-linecap=\x22\
butt\x22\x0d\x0a         \
   stroke-linejo\
in=\x22miter\x22 strok\
e-miterlimit=\x2210\
\x22 stroke-dasharr\
ay=\x22\x22 stroke-das\
hoffset=\x220\x22\x0d\x0a   \
         font-fa\
mily=\x22none\x22 font\
-weight=\x22none\x22 f\
ont-size=\x22none\x22 \
text-anchor=\x22non\
e\x22\x0d\x0a            \
style=\x22mix-blend\
-mode: normal\x22>\x0d\
\x0a            <g \
transform=\x22scale\
(5.33333,5.33333\
)\x22>\x0d\x0a           \
     <path\x0d\x0a    \
                \
d=\x22M34,4.00195c-\
0.8535,0 -1.7062\
7,0.1035 -2.5722\
7,0.3125c-0.622,\
0.149 -1.08253,0\
.67845 -1.14453,\
1.31445l-0.04102\
,0.42188c-0.047,\
0.481 -0.32319,0\
.9123 -0.74219,1\
.1543c-0.419,0.2\
41 -0.93114,0.26\
841 -1.36914,0.0\
6641l-0.38867,-0\
.17578c-0.579,-0\
.263 -1.26898,-0\
.13197 -1.70898,\
0.33203c-1.198,1\
.26 -2.09208,2.8\
0108 -2.58008,4.\
45508c-0.182,0.6\
13 0.04736,1.272\
53 0.56836,1.644\
53l0.34961,0.25c\
0.393,0.283 0.62\
891,0.73966 0.62\
891,1.22266c0,0.\
256 -0.06945,0.5\
027 -0.18945,0.7\
207l0.1875,1.156\
25l1.44336,-0.54\
687c0.396,-0.149\
 0.81042,-0.2246\
1 1.23242,-0.224\
61c0.055,0 0.109\
06,0.01458 0.164\
06,0.01758c0.096\
,-0.365 0.16211,\
-0.73805 0.16211\
,-1.12305c0,-1.2\
06 -0.48708,-2.3\
5536 -1.33008,-3\
.19336c0.24,-0.5\
49 0.54434,-1.07\
164 0.90234,-1.5\
5664c1.146,0.311\
 2.38373,0.15769\
 3.42773,-0.4453\
1c1.044,-0.603 1\
.79756,-1.601 2.\
10156,-2.75c0.60\
9,-0.072 1.18883\
,-0.072 1.79883,\
0c0.303,1.149 1.\
05461,2.147 2.09\
961,2.75c1.043,0\
.604 2.27973,0.7\
5631 3.42773,0.4\
4531c0.358,0.484\
 0.66234,1.00764\
 0.90234,1.55664\
c-0.843,0.839 -1\
.33008,1.98736 -\
1.33008,3.19336c\
0,1.206 0.48708,\
2.35536 1.33008,\
3.19336c-0.24,0.\
549 -0.54434,1.0\
7164 -0.90234,1.\
55664c-1.146,-0.\
311 -2.38373,-0.\
15769 -3.42773,0\
.44531c-1.045,0.\
603 -1.79756,1.6\
01 -2.10156,2.75\
c-0.344,0.041 -0\
.67767,0.05187 -\
1.01367,0.04688c\
0.171,0.45 0.327\
98,0.90323 0.458\
98,1.36523c0.152\
,0.537 0.16545,1\
.09019 0.06445,1\
.61719c0.713,-0.\
028 1.43802,-0.1\
1406 2.16602,-0.\
28906c0.621,-0.1\
49 1.08058,-0.67\
845 1.14258,-1.3\
1445l0.04102,-0.\
42383c0.047,-0.4\
81 0.32319,-0.91\
034 0.74219,-1.1\
5234c0.42,-0.24 \
0.93214,-0.26641\
 1.36914,-0.0664\
1l0.38867,0.1757\
8c0.579,0.265 1.\
26998,0.13297 1.\
70898,-0.33203c1\
.198,-1.26 2.092\
08,-2.80108 2.58\
008,-4.45508c0.1\
82,-0.614 -0.047\
36,-1.27353 -0.5\
6836,-1.64453l-0\
.34961,-0.25c-0.\
393,-0.283 -0.62\
891,-0.73966 -0.\
62891,-1.22266c0\
,-0.483 0.23495,\
-0.9387 0.62695,\
-1.2207l0.35156,\
-0.25195c0.521,-\
0.371 0.75036,-1\
.03053 0.56836,-\
1.64453c-0.488,-\
1.654 -1.38208,-\
3.19508 -2.58008\
,-4.45508c-0.44,\
-0.465 -1.13098,\
-0.59703 -1.7089\
8,-0.33203l-0.38\
672,0.17578c-0.4\
42,0.2 -0.95309,\
0.17259 -1.37109\
,-0.06641c-0.419\
,-0.242 -0.69519\
,-0.67234 -0.742\
19,-1.15234l-0.0\
4102,-0.42383c-0\
.062,-0.637 -0.5\
2253,-1.16545 -1\
.14453,-1.31445c\
-0.866,-0.209 -1\
.71877,-0.3125 -\
2.57227,-0.3125z\
M34,11c-1.20833,\
0 -2.30452,0.507\
13 -2.99609,1.28\
516c-0.69158,0.7\
7802 -1.00391,1.\
75651 -1.00391,2\
.71484c0,0.95833\
 0.31233,1.93682\
 1.00391,2.71484\
c0.69158,0.77802\
 1.78776,1.28516\
 2.99609,1.28516\
c1.20833,0 2.304\
52,-0.50713 2.99\
609,-1.28516c0.6\
9158,-0.77802 1.\
00391,-1.75651 1\
.00391,-2.71484c\
0,-0.95833 -0.31\
233,-1.93682 -1.\
00391,-2.71484c-\
0.69158,-0.77802\
 -1.78776,-1.285\
16 -2.99609,-1.2\
8516zM18,14c-1.2\
7772,0 -2.50255,\
0.17609 -3.66211\
,0.4668c-0.58037\
,0.14569 -1.0186\
6,0.62235 -1.115\
24,1.21289l-0.24\
805,1.51758c-0.0\
9748,0.59403 -0.\
45423,1.10961 -0\
.97461,1.41016c-\
0.52039,0.30056 \
-1.14278,0.35163\
 -1.70703,0.1386\
7l-1.44336,-0.54\
687c-0.55954,-0.\
21137 -1.19117,-\
0.07016 -1.60742\
,0.35938c-1.7030\
2,1.75523 -2.976\
53,3.9256 -3.662\
11,6.3457c-0.162\
85,0.57514 0.031\
28,1.19207 0.494\
14,1.57031l1.193\
36,0.97656c0.464\
13,0.38219 0.732\
42,0.94831 0.732\
42,1.54883c0,0.6\
0143 -0.26926,1.\
16792 -0.73437,1\
.54883l-1.19336,\
0.97656c-0.46214\
,0.37871 -0.6554\
8,0.99557 -0.492\
19,1.57031c0.686\
45,2.41924 1.958\
86,4.59024 3.662\
11,6.3457c0.4163\
3,0.42804 1.0468\
7,0.56842 1.6054\
7,0.35742l1.4453\
1,-0.54492c0.562\
63,-0.21256 1.18\
504,-0.16248 1.7\
0703,0.13867c0.5\
212,0.30069 0.87\
592,0.81519 0.97\
266,1.4082l0.248\
05,1.51758c0.096\
58,0.59054 0.534\
86,1.0672 1.1152\
4,1.21289c1.1610\
8,0.29192 2.3863\
4,0.46875 3.6640\
6,0.46875c1.2777\
2,0 2.50255,-0.1\
7609 3.66211,-0.\
4668c0.58037,-0.\
14569 1.01866,-0\
.62235 1.11523,-\
1.21289l0.24805,\
-1.51758c0.09748\
,-0.59403 0.4542\
3,-1.10961 0.974\
61,-1.41016c0.52\
039,-0.30056 1.1\
4279,-0.35163 1.\
70703,-0.13867l1\
.44336,0.54688c0\
.55954,0.21137 1\
.19117,0.07016 1\
.60742,-0.35937c\
1.70302,-1.75523\
 2.97653,-3.9256\
 3.66211,-6.3457\
c0.16285,-0.5751\
4 -0.03128,-1.19\
207 -0.49414,-1.\
57031l-1.19336,-\
0.97656c-0.46413\
,-0.38219 -0.732\
42,-0.94831 -0.7\
3242,-1.54883c0,\
-0.60143 0.26926\
,-1.16792 0.7343\
8,-1.54883l1.193\
36,-0.97656c0.46\
214,-0.37871 0.6\
5548,-0.99557 0.\
49219,-1.57031c-\
0.68657,-2.42247\
 -1.96749,-4.588\
91 -3.66602,-6.3\
418c-0.41625,-0.\
42953 -1.04788,-\
0.57075 -1.60742\
,-0.35937l-1.439\
45,0.54297c-0.56\
263,0.21256 -1.1\
8699,0.16248 -1.\
70898,-0.13867c-\
0.5212,-0.30069 \
-0.87592,-0.8151\
9 -0.97266,-1.40\
82l-0.25195,-1.5\
332c-0.09628,-0.\
59 -0.53367,-1.0\
6653 -1.11328,-1\
.21289c-1.17024,\
-0.29423 -2.3973\
9,-0.45312 -3.66\
016,-0.45312zM34\
,14c0.45833,0 0.\
61215,0.11787 0.\
75391,0.27734c0.\
14176,0.15948 0.\
24609,0.43099 0.\
24609,0.72266c0,\
0.29167 -0.10434\
,0.56318 -0.2460\
9,0.72266c-0.141\
76,0.15948 -0.29\
557,0.27734 -0.7\
5391,0.27734c-0.\
45833,0 -0.61215\
,-0.11787 -0.753\
91,-0.27734c-0.1\
4176,-0.15948 -0\
.24609,-0.43099 \
-0.24609,-0.7226\
6c0,-0.29167 0.1\
0434,-0.56318 0.\
24609,-0.72266c0\
.14176,-0.15948 \
0.29557,-0.27734\
 0.75391,-0.2773\
4zM18,17c0.6888,\
0 1.33802,0.1359\
7 1.99414,0.2480\
5l0.07031,0.4355\
5c0.2417,1.47822\
 1.13728,2.77444\
 2.43555,3.52344\
c1.298,0.74885 2\
.86621,0.87514 4\
.26758,0.3457l0.\
40039,-0.15039c0\
.85251,1.02824 1\
.52466,2.1854 1.\
99805,3.45703l-0\
.33203,0.27148c-\
0.00065,0 -0.001\
3,0 -0.00195,0c-\
1.15884,0.94909 \
-1.83203,2.37057\
 -1.83203,3.8691\
4c0,1.49857 0.67\
351,2.91935 1.83\
008,3.86914c0.00\
065,0.00065 0.00\
13,0.0013 0.0019\
5,0.00195l0.3339\
8,0.27344c-0.472\
59,1.27276 -1.14\
354,2.43056 -1.9\
9414,3.45703l-0.\
4043,-0.1543c-1.\
40175,-0.52904 -\
2.97192,-0.40179\
 -4.26953,0.3476\
6c-1.29762,0.749\
45 -2.19107,2.04\
352 -2.43359,3.5\
2148c0,0.00065 0\
,0.0013 0,0.0019\
5l-0.07031,0.425\
78c-0.65881,0.11\
595 -1.3124,0.25\
586 -1.99414,0.2\
5586c-0.6824,0 -\
1.3367,-0.13936 \
-1.99609,-0.2558\
6l-0.07031,-0.42\
578v-0.00195c-0.\
2417,-1.47817 -1\
.13533,-2.77444 \
-2.43359,-3.5234\
4c-1.298,-0.7488\
5 -2.86621,-0.87\
514 -4.26758,-0.\
3457l-0.40625,0.\
15234c-0.85034,-\
1.02666 -1.52134\
,-2.18354 -1.994\
14,-3.45703l0.33\
398,-0.27344c0.0\
0065,0 0.0013,0 \
0.00195,0c1.1588\
9,-0.94909 1.832\
03,-2.37057 1.83\
203,-3.86914c0,-\
1.49857 -0.67351\
,-2.91935 -1.830\
08,-3.86914c-0.0\
0065,-0.00065 -0\
.0013,-0.0013 -0\
.00195,-0.00195l\
-0.33398,-0.2734\
4c0.47259,-1.272\
76 1.14354,-2.43\
056 1.99414,-3.4\
5703l0.4043,0.15\
43c1.40175,0.529\
05 2.97192,0.401\
79 4.26953,-0.34\
766c1.29763,-0.7\
4945 2.19107,-2.\
04352 2.43359,-3\
.52148c0,-0.0006\
5 0,-0.0013 0,-0\
.00195l0.07031,-\
0.42578c0.65876,\
-0.116 1.3124,-0\
.25586 1.99414,-\
0.25586zM18,23c-\
1.875,0 -3.47118\
,0.75713 -4.4960\
9,1.91016c-1.024\
91,1.15302 -1.50\
391,2.63151 -1.5\
0391,4.08984c0,1\
.45833 0.479,2.9\
3682 1.50391,4.0\
8984c1.02491,1.1\
5302 2.62109,1.9\
1016 4.49609,1.9\
1016c1.875,0 3.4\
7118,-0.75713 4.\
49609,-1.91016c1\
.02491,-1.15302 \
1.50391,-2.63151\
 1.50391,-4.0898\
4c0,-1.45833 -0.\
479,-2.93682 -1.\
50391,-4.08984c-\
1.02491,-1.15302\
 -2.62109,-1.910\
16 -4.49609,-1.9\
1016zM18,26c1.12\
5,0 1.77882,0.36\
787 2.25391,0.90\
234c0.47509,0.53\
448 0.74609,1.30\
599 0.74609,2.09\
766c0,0.79167 -0\
.271,1.56318 -0.\
74609,2.09766c-0\
.47509,0.53448 -\
1.12891,0.90234 \
-2.25391,0.90234\
c-1.125,0 -1.778\
82,-0.36787 -2.2\
5391,-0.90234c-0\
.47509,-0.53448 \
-0.74609,-1.3059\
9 -0.74609,-2.09\
766c0,-0.79167 0\
.271,-1.56318 0.\
74609,-2.09766c0\
.47509,-0.53448 \
1.12891,-0.90234\
 2.25391,-0.9023\
4z\x22></path>\x0d\x0a   \
         </g>\x0d\x0a \
       </g>\x0d\x0a   \
 </g>\x0d\x0a</svg>\
\x00\x00\x07\x00\
<\
svg version=\x221.1\
\x22 xmlns=\x22http://\
www.w3.org/2000/\
svg\x22 xmlns:xlink\
=\x22http://www.w3.\
org/1999/xlink\x22\x0d\
\x0a    width=\x2248px\
\x22 height=\x2248px\x22 \
viewBox=\x220,0,256\
,256\x22>\x0d\x0a    <g t\
ransform=\x22transl\
ate(-12.8,-12.8)\
 scale(1.1,1.1)\x22\
>\x0d\x0a        <g fi\
ll=\x22#ffffff\x22 fil\
l-rule=\x22nonzero\x22\
 stroke=\x22none\x22 s\
troke-width=\x221\x22 \
stroke-linecap=\x22\
butt\x22\x0d\x0a         \
   stroke-linejo\
in=\x22miter\x22 strok\
e-miterlimit=\x2210\
\x22 stroke-dasharr\
ay=\x22\x22 stroke-das\
hoffset=\x220\x22\x0d\x0a   \
         font-fa\
mily=\x22none\x22 font\
-weight=\x22none\x22 f\
ont-size=\x22none\x22 \
text-anchor=\x22non\
e\x22\x0d\x0a            \
style=\x22mix-blend\
-mode: normal\x22>\x0d\
\x0a            <g \
transform=\x22scale\
(5.33333,5.33333\
)\x22>\x0d\x0a           \
     <path\x0d\x0a    \
                \
d=\x22M10.5,7c-3.57\
194,0 -6.5,2.928\
06 -6.5,6.5v17c0\
,3.57194 2.92806\
,6.5 6.5,6.5h1.5\
v5.5c0,1.96599 2\
.4273,3.17893 4,\
2l10,-7.5h11.5c3\
.57194,0 6.5,-2.\
92806 6.5,-6.5v-\
17c0,-3.57194 -2\
.92806,-6.5 -6.5\
,-6.5zM10.5,10h2\
7c1.95006,0 3.5,\
1.54994 3.5,3.5v\
17c0,1.95006 -1.\
54994,3.5 -3.5,3\
.5h-12c-0.32478,\
0.00015 -0.64073\
,0.1057 -0.90039\
,0.30078l-9.5996\
1,7.19922v-6c-0.\
00008,-0.82839 -\
0.67161,-1.49992\
 -1.5,-1.5h-3c-1\
.95006,0 -3.5,-1\
.54994 -3.5,-3.5\
v-17c0,-1.95006 \
1.54994,-3.5 3.5\
,-3.5zM15.5,16.9\
9805c-0.54095,-0\
.00765 -1.04412,\
0.27656 -1.31683\
,0.74381c-0.2727\
1,0.46725 -0.272\
71,1.04514 0,1.5\
1238c0.27271,0.4\
6725 0.77588,0.7\
5146 1.31683,0.7\
4381h17c0.54095,\
0.00765 1.04412,\
-0.27656 1.31683\
,-0.74381c0.2727\
1,-0.46725 0.272\
71,-1.04514 0,-1\
.51238c-0.27271,\
-0.46725 -0.7758\
8,-0.75146 -1.31\
683,-0.74381zM15\
.5,23.99805c-0.5\
4095,-0.00765 -1\
.04412,0.27656 -\
1.31683,0.74381c\
-0.27271,0.46725\
 -0.27271,1.0451\
4 0,1.51238c0.27\
271,0.46725 0.77\
588,0.75146 1.31\
683,0.74381h13c0\
.54095,0.00765 1\
.04412,-0.27656 \
1.31683,-0.74381\
c0.27271,-0.4672\
5 0.27271,-1.045\
14 0,-1.51238c-0\
.27271,-0.46725 \
-0.77588,-0.7514\
6 -1.31683,-0.74\
381z\x22></path>\x0d\x0a \
           </g>\x0d\
\x0a        </g>\x0d\x0a \
   </g>\x0d\x0a</svg>\
\x00\x00\x07H\
<\
svg version=\x221.1\
\x22 xmlns=\x22http://\
www.w3.org/2000/\
svg\x22 xmlns:xlink\
=\x22http://www.w3.\
org/1999/xlink\x22\x0d\
\x0a    width=\x2248px\
\x22 height=\x2248px\x22 \
viewBox=\x220,0,256\
,256\x22>\x0d\x0a    <g t\
ransform=\x22transl\
ate(-6.4,-6.4) s\
cale(1.05,1.05)\x22\
>\x0d\x0a        <g fi\
ll=\x22#ffffff\x22 fil\
l-rule=\x22nonzero\x22\
 stroke=\x22none\x22 s\
troke-width=\x221\x22 \
stroke-linecap=\x22\
butt\x22\x0d\x0a         \
   stroke-linejo\
in=\x22miter\x22 strok\
e-miterlimit=\x2210\
\x22 stroke-dasharr\
ay=\x22\x22 stroke-das\
hoffset=\x220\x22\x0d\x0a   \
         font-fa\
mily=\x22none\x22 font\
-weight=\x22none\x22 f\
ont-size=\x22none\x22 \
text-anchor=\x22non\
e\x22\x0d\x0a            \
style=\x22mix-blend\
-mode: normal\x22>\x0d\
\x0a            <g \
transform=\x22scale\
(5.33333,5.33333\
)\x22>\x0d\x0a           \
     <path\x0d\x0a    \
                \
d=\x22M23.5,6.01758\
c-3.01977,0 -5.5\
,2.48023 -5.5,5.\
5v23.98242c0,3.0\
1977 2.48023,5.5\
 5.5,5.5h15c1.50\
989,0 2.99326,-0\
.55299 4.22266,-\
1.4668c1.2294,-0\
.9138 2.27734,-2\
.29697 2.27734,-\
4.0332v-16.5c-0.\
00097,-0.38597 -\
0.15067,-0.75672\
 -0.41797,-1.035\
16l0.00195,-0.00\
195l-0.03906,-0.\
03906l-10.96094,\
-11.46094l-0.009\
77,0.00977c-0.28\
201,-0.29042 -0.\
66941,-0.45453 -\
1.07422,-0.45508\
zM15.5,8.01758c-\
3.033,0 -5.5,2.4\
68 -5.5,5.5v19.9\
8242c0,3.032 2.4\
67,5.5 5.5,5.5h1\
.76172c-0.687,-0\
.831 -1.13333,-1\
.867 -1.23633,-3\
h-0.52539c-1.378\
,0 -2.5,-1.121 -\
2.5,-2.5v-19.982\
42c0,-1.379 1.12\
2,-2.5 2.5,-2.5h\
0.52539c0.103,-1\
.133 0.54833,-2.\
169 1.23633,-3zM\
23.5,9.01758h7.5\
v5.98242c0,3.019\
77 2.48023,5.5 5\
.5,5.5h5.5v15c0,\
0.47277 -0.34806\
,1.09105 -1.0664\
1,1.625c-0.71835\
,0.53395 -1.7344\
8,0.875 -2.43359\
,0.875h-15c-1.39\
823,0 -2.5,-1.10\
177 -2.5,-2.5v-2\
3.98242c0,-1.398\
23 1.10177,-2.5 \
2.5,-2.5zM7.5,10\
c-3.033,0 -5.5,2\
.468 -5.5,5.5v16\
c0,3.032 2.467,5\
.5 5.5,5.5h1.371\
09c-0.481,-0.906\
 -0.7737,-1.923 \
-0.8457,-3h-0.52\
539c-1.378,0 -2.\
5,-1.121 -2.5,-2\
.5v-16c0,-1.379 \
1.122,-2.5 2.5,-\
2.5h0.52539c0.07\
4,-1.078 0.37247\
,-2.094 0.85547,\
-3zM34,11.23828l\
5.98828,6.26172h\
-3.48828c-1.3982\
3,0 -2.5,-1.1017\
7 -2.5,-2.5z\x22></\
path>\x0d\x0a         \
   </g>\x0d\x0a       \
 </g>\x0d\x0a    </g>\x0d\
\x0a</svg>\
\x00\x00\x05\x89\
<\
svg version=\x221.1\
\x22 xmlns=\x22http://\
www.w3.org/2000/\
svg\x22 xmlns:xlink\
=\x22http://www.w3.\
org/1999/xlink\x22\x0d\
\x0a    width=\x2248px\
\x22 height=\x2248px\x22 \
viewBox=\x220,0,256\
,256\x22>\x0d\x0a    <g t\
ransform=\x22transl\
ate(-25.6,-25.6)\
 scale(1.2,1.2)\x22\
>\x0d\x0a        <g fi\
ll=\x22#ffffff\x22 fil\
l-rule=\x22nonzero\x22\
 stroke=\x22none\x22 s\
troke-width=\x221\x22 \
stroke-linecap=\x22\
butt\x22\x0d\x0a         \
   stroke-linejo\
in=\x22miter\x22 strok\
e-miterlimit=\x2210\
\x22 stroke-dasharr\
ay=\x22\x22 stroke-das\
hoffset=\x220\x22\x0d\x0a   \
         font-fa\
mily=\x22none\x22 font\
-weight=\x22none\x22 f\
ont-size=\x22none\x22 \
text-anchor=\x22non\
e\x22\x0d\x0a            \
style=\x22mix-blend\
-mode: normal\x22>\x0d\
\x0a            <g \
transform=\x22scale\
(5.33333,5.33333\
)\x22>\x0d\x0a           \
     <path\x0d\x0a    \
                \
d=\x22M11.5,6c-3.01\
977,0 -5.5,2.480\
23 -5.5,5.5v25c0\
,3.01977 2.48023\
,5.5 5.5,5.5h25c\
3.01977,0 5.5,-2\
.48023 5.5,-5.5v\
-25c0,-3.01977 -\
2.48023,-5.5 -5.\
5,-5.5zM11.5,9h2\
5c1.39823,0 2.5,\
1.10177 2.5,2.5v\
25c0,1.39823 -1.\
10177,2.5 -2.5,2\
.5h-25c-1.39823,\
0 -2.5,-1.10177 \
-2.5,-2.5v-25c0,\
-1.39823 1.10177\
,-2.5 2.5,-2.5zM\
34.4707,15.98633\
c-0.38956,0.0113\
5 -0.75941,0.173\
86 -1.03125,0.45\
313l-12.93945,12\
.93945l-4.93945,\
-4.93945c-0.3762\
3,-0.39185 -0.93\
49,-0.54969 -1.4\
6055,-0.41265c-0\
.52565,0.13704 -\
0.93616,0.54754 \
-1.07319,1.07319\
c-0.13704,0.5256\
5 0.0208,1.08432\
 0.41265,1.46055\
l6,6c0.58579,0.5\
8555 1.5353,0.58\
555 2.12109,0l14\
,-14c0.4429,-0.4\
3135 0.57582,-1.\
09023 0.33479,-1\
.65955c-0.24103,\
-0.56932 -0.8066\
5,-0.93247 -1.42\
463,-0.91467z\x22><\
/path>\x0d\x0a        \
    </g>\x0d\x0a      \
  </g>\x0d\x0a    </g>\
\x0d\x0a</svg>\
\x00\x00\x05A\
<\
svg version=\x221.1\
\x22 xmlns=\x22http://\
www.w3.org/2000/\
svg\x22 xmlns:xlink\
=\x22http://www.w3.\
org/1999/xlink\x22\x0d\
\x0a    width=\x2232px\
\x22 height=\x2232px\x22 \
viewBox=\x220,0,256\
,256\x22>\x0d\x0a    <g t\
ransform=\x22transl\
ate(-12.8,-12.8)\
 scale(1.1,1.1)\x22\
>\x0d\x0a        <g fi\
ll=\x22#ffffff\x22 fil\
l-rule=\x22nonzero\x22\
 stroke=\x22none\x22 s\
troke-width=\x221\x22 \
stroke-linecap=\x22\
butt\x22\x0d\x0a         \
   stroke-linejo\
in=\x22miter\x22 strok\
e-miterlimit=\x2210\
\x22 stroke-dasharr\
ay=\x22\x22 stroke-das\
hoffset=\x220\x22\x0d\x0a   \
         font-fa\
mily=\x22none\x22 font\
-weight=\x22none\x22 f\
ont-size=\x22none\x22 \
text-anchor=\x22non\
e\x22\x0d\x0a            \
style=\x22mix-blend\
-mode: normal\x22>\x0d\
\x0a            <g \
transform=\x22scale\
(8,8)\x22>\x0d\x0a       \
         <path\x0d\x0a\
                \
    d=\x22M2,6v17.9\
0625h28v-17.9062\
5zM4,8h24v13.906\
25h-24zM12,10c-2\
.75,0 -5,2.25 -5\
,5c0,2.75 2.25,5\
 5,5c1.19531,0 2\
.27734,-0.44141 \
3.125,-1.125l-1.\
25,-1.5625c-0.52\
734,0.42578 -1.1\
6797,0.6875 -1.8\
75,0.6875c-1.667\
97,0 -3,-1.33203\
 -3,-3c0,-1.6679\
7 1.33203,-3 3,-\
3c0.70703,0 1.34\
766,0.26172 1.87\
5,0.6875l1.25,-1\
.5625c-0.84766,-\
0.68359 -1.92969\
,-1.125 -3.125,-\
1.125zM22,10c-2.\
75,0 -5,2.25 -5,\
5c0,2.75 2.25,5 \
5,5c1.19531,0 2.\
27734,-0.44141 3\
.125,-1.125l-1.2\
5,-1.5625c-0.527\
34,0.42578 -1.16\
797,0.6875 -1.87\
5,0.6875c-1.6679\
7,0 -3,-1.33203 \
-3,-3c0,-1.66797\
 1.33203,-3 3,-3\
c0.70703,0 1.347\
66,0.26172 1.875\
,0.6875l1.25,-1.\
5625c-0.84766,-0\
.68359 -1.92969,\
-1.125 -3.125,-1\
.125z\x22></path>\x0d\x0a\
            </g>\
\x0d\x0a        </g>\x0d\x0a\
    </g>\x0d\x0a</svg>\
\
\x00\x00\x06\x16\
<\
svg version=\x221.1\
\x22 xmlns=\x22http://\
www.w3.org/2000/\
svg\x22 xmlns:xlink\
=\x22http://www.w3.\
org/1999/xlink\x22\x0d\
\x0a    width=\x2248px\
\x22 height=\x2248px\x22 \
viewBox=\x220,0,256\
,256\x22>\x0d\x0a    <g t\
ransform=\x22transl\
ate(-12.8,-12.8)\
 scale(1.1,1.1)\x22\
>\x0d\x0a        <g fi\
ll=\x22#ffffff\x22 fil\
l-rule=\x22nonzero\x22\
 stroke=\x22none\x22 s\
troke-width=\x221\x22 \
stroke-linecap=\x22\
butt\x22\x0d\x0a         \
   stroke-linejo\
in=\x22miter\x22 strok\
e-miterlimit=\x2210\
\x22 stroke-dasharr\
ay=\x22\x22 stroke-das\
hoffset=\x220\x22\x0d\x0a   \
         font-fa\
mily=\x22none\x22 font\
-weight=\x22none\x22 f\
ont-size=\x22none\x22 \
text-anchor=\x22non\
e\x22\x0d\x0a            \
style=\x22mix-blend\
-mode: normal\x22>\x0d\
\x0a            <g \
transform=\x22scale\
(5.33333,5.33333\
)\x22>\x0d\x0a           \
     <path\x0d\x0a    \
                \
d=\x22M8.5,4c-2.467\
5,0 -4.5,2.0325 \
-4.5,4.5v26c0,2.\
4675 2.0325,4.5 \
4.5,4.5h26c2.467\
5,0 4.5,-2.0325 \
4.5,-4.5v-26c0,-\
2.4675 -2.0325,-\
4.5 -4.5,-4.5zM8\
.5,7h26c0.8465,0\
 1.5,0.6535 1.5,\
1.5v26c0,0.8465 \
-0.6535,1.5 -1.5\
,1.5h-26c-0.8465\
,0 -1.5,-0.6535 \
-1.5,-1.5v-26c0,\
-0.8465 0.6535,-\
1.5 1.5,-1.5zM41\
,9.27539v26.2246\
1c0,3.032 -2.467\
,5.5 -5.5,5.5h-2\
6.22461c0.621,1.\
742 2.27161,3 4.\
22461,3h22c4.687\
,0 8.5,-3.813 8.\
5,-8.5v-22c0,-1.\
953 -1.258,-3.60\
261 -3,-4.22461z\
M28.4707,14.9863\
3c-0.38956,0.011\
35 -0.75941,0.17\
386 -1.03125,0.4\
5313l-7.93945,7.\
93945l-2.93945,-\
2.93945c-0.37623\
,-0.39185 -0.934\
9,-0.54969 -1.46\
055,-0.41265c-0.\
52565,0.13704 -0\
.93616,0.54754 -\
1.07319,1.07319c\
-0.13704,0.52565\
 0.0208,1.08432 \
0.41265,1.46055l\
4,4c0.58579,0.58\
555 1.5353,0.585\
55 2.12109,0l9,-\
9c0.4429,-0.4313\
5 0.57582,-1.090\
23 0.33479,-1.65\
955c-0.24103,-0.\
56932 -0.80665,-\
0.93247 -1.42463\
,-0.91467z\x22></pa\
th>\x0d\x0a           \
 </g>\x0d\x0a        <\
/g>\x0d\x0a    </g>\x0d\x0a<\
/svg>\
\x00\x00\x060\
<\
svg version=\x221.1\
\x22 xmlns=\x22http://\
www.w3.org/2000/\
svg\x22 xmlns:xlink\
=\x22http://www.w3.\
org/1999/xlink\x22\x0d\
\x0a    width=\x2248px\
\x22 height=\x2248px\x22 \
viewBox=\x220,0,256\
,256\x22>\x0d\x0a    <g t\
ransform=\x22transl\
ate(-19.2,-19.2)\
 scale(1.15,1.15\
)\x22>\x0d\x0a        <g \
fill=\x22#ffffff\x22 f\
ill-rule=\x22nonzer\
o\x22 stroke=\x22none\x22\
 stroke-width=\x221\
\x22 stroke-linecap\
=\x22butt\x22\x0d\x0a       \
     stroke-line\
join=\x22miter\x22 str\
oke-miterlimit=\x22\
10\x22 stroke-dasha\
rray=\x22\x22 stroke-d\
ashoffset=\x220\x22\x0d\x0a \
           font-\
family=\x22none\x22 fo\
nt-weight=\x22none\x22\
 font-size=\x22none\
\x22 text-anchor=\x22n\
one\x22\x0d\x0a          \
  style=\x22mix-ble\
nd-mode: normal\x22\
>\x0d\x0a            <\
g transform=\x22sca\
le(5.33333,5.333\
33)\x22>\x0d\x0a         \
       <path\x0d\x0a  \
                \
  d=\x22M12.5,5c-3.\
01977,0 -5.5,2.4\
8023 -5.5,5.5v27\
c0,3.01977 2.480\
23,5.5 5.5,5.5h1\
2c3.01977,0 5.5,\
-2.48023 5.5,-5.\
5v-9.5h-3v9.5c0,\
1.39823 -1.10177\
,2.5 -2.5,2.5h-1\
2c-1.39823,0 -2.\
5,-1.10177 -2.5,\
-2.5v-27c0,-1.39\
823 1.10177,-2.5\
 2.5,-2.5h12c1.3\
9823,0 2.5,1.101\
77 2.5,2.5v9.5h3\
v-9.5c0,-3.01977\
 -2.48023,-5.5 -\
5.5,-5.5zM34.484\
38,15.48438c-0.6\
1065,0.00015 -1.\
16026,0.37042 -1\
.38978,0.93629c-\
0.22952,0.56587 \
-0.09314,1.21439\
 0.34486,1.63988\
l4.43945,4.43945\
h-22.37891c-0.54\
095,-0.00765 -1.\
04412,0.27656 -1\
.31683,0.74381c-\
0.27271,0.46725 \
-0.27271,1.04514\
 0,1.51238c0.272\
71,0.46725 0.775\
88,0.75146 1.316\
83,0.74381h22.37\
891l-4.43945,4.4\
3945c-0.39185,0.\
37623 -0.54969,0\
.9349 -0.41265,1\
.46055c0.13704,0\
.52565 0.54754,0\
.93616 1.07319,1\
.07319c0.52565,0\
.13704 1.08432,-\
0.0208 1.46055,-\
0.41265l7,-7c0.5\
8555,-0.58579 0.\
58555,-1.5353 0,\
-2.12109l-7,-7c-\
0.28248,-0.2909 \
-0.67069,-0.4550\
6 -1.07617,-0.45\
508z\x22></path>\x0d\x0a \
           </g>\x0d\
\x0a        </g>\x0d\x0a \
   </g>\x0d\x0a</svg>\
\x00\x00\x05\xf6\
<\
svg version=\x221.1\
\x22 xmlns=\x22http://\
www.w3.org/2000/\
svg\x22 xmlns:xlink\
=\x22http://www.w3.\
org/1999/xlink\x22\x0d\
\x0a    width=\x2248px\
\x22 height=\x2248px\x22 \
viewBox=\x220,0,256\
,256\x22>\x0d\x0a    <g t\
ransform=\x22transl\
ate(-12.8,-12.8)\
 scale(1.1,1.1)\x22\
>\x0d\x0a        <g fi\
ll=\x22#ffffff\x22 fil\
l-rule=\x22nonzero\x22\
 stroke=\x22none\x22 s\
troke-width=\x221\x22 \
stroke-linecap=\x22\
butt\x22\x0d\x0a         \
   stroke-linejo\
in=\x22miter\x22 strok\
e-miterlimit=\x2210\
\x22 stroke-dasharr\
ay=\x22\x22 stroke-das\
hoffset=\x220\x22\x0d\x0a   \
         font-fa\
mily=\x22none\x22 font\
-weight=\x22none\x22 f\
ont-size=\x22none\x22 \
text-anchor=\x22non\
e\x22\x0d\x0a            \
style=\x22mix-blend\
-mode: normal\x22>\x0d\
\x0a            <g \
transform=\x22scale\
(5.33333,5.33333\
)\x22>\x0d\x0a           \
     <path\x0d\x0a    \
                \
d=\x22M24,4c-11.027\
93,0 -20,8.97207\
 -20,20c0,11.027\
93 8.97207,20 20\
,20c11.02793,0 2\
0,-8.97207 20,-2\
0c0,-11.02793 -8\
.97207,-20 -20,-\
20zM24,7c9.40662\
,0 17,7.59339 17\
,17c0,9.40661 -7\
.59338,17 -17,17\
c-9.40661,0 -17,\
-7.59339 -17,-17\
c0,-9.40661 7.59\
339,-17 17,-17zM\
25.48438,16.4843\
8c-0.61065,0.000\
15 -1.16026,0.37\
042 -1.38978,0.9\
3629c-0.22952,0.\
56587 -0.09314,1\
.21439 0.34486,1\
.63988l3.43945,3\
.43945h-11.37891\
c-0.54095,-0.007\
65 -1.04412,0.27\
656 -1.31683,0.7\
4381c-0.27271,0.\
46725 -0.27271,1\
.04514 0,1.51238\
c0.27271,0.46725\
 0.77588,0.75146\
 1.31683,0.74381\
h11.37891l-3.439\
45,3.43945c-0.39\
185,0.37623 -0.5\
4969,0.9349 -0.4\
1265,1.46055c0.1\
3704,0.52565 0.5\
4754,0.93616 1.0\
7319,1.07319c0.5\
2565,0.13704 1.0\
8432,-0.0208 1.4\
6055,-0.41265l6,\
-6c0.58555,-0.58\
579 0.58555,-1.5\
353 0,-2.12109l-\
6,-6c-0.28248,-0\
.2909 -0.67069,-\
0.45506 -1.07617\
,-0.45508z\x22></pa\
th>\x0d\x0a           \
 </g>\x0d\x0a        <\
/g>\x0d\x0a    </g>\x0d\x0a<\
/svg>\
\x00\x00\x06>\
<\
svg version=\x221.1\
\x22 xmlns=\x22http://\
www.w3.org/2000/\
svg\x22 xmlns:xlink\
=\x22http://www.w3.\
org/1999/xlink\x22\x0d\
\x0a    width=\x2248px\
\x22 height=\x2248px\x22 \
viewBox=\x220,0,256\
,256\x22>\x0d\x0a    <g t\
ransform=\x22transl\
ate(-12.8,-12.8)\
 scale(1.1,1.1)\x22\
>\x0d\x0a        <g fi\
ll=\x22#ffffff\x22 fil\
l-rule=\x22nonzero\x22\
 stroke=\x22none\x22 s\
troke-width=\x221\x22 \
stroke-linecap=\x22\
butt\x22\x0d\x0a         \
   stroke-linejo\
in=\x22miter\x22 strok\
e-miterlimit=\x2210\
\x22 stroke-dasharr\
ay=\x22\x22 stroke-das\
hoffset=\x220\x22\x0d\x0a   \
         font-fa\
mily=\x22none\x22 font\
-weight=\x22none\x22 f\
ont-size=\x22none\x22 \
text-anchor=\x22non\
e\x22\x0d\x0a            \
style=\x22mix-blend\
-mode: normal\x22>\x0d\
\x0a            <g \
transform=\x22scale\
(5.33333,5.33333\
)\x22>\x0d\x0a           \
     <path\x0d\x0a    \
                \
d=\x22M24,4c-6.4043\
5,0 -12.1093,3.0\
2533 -15.77148,7\
.7207l-0.24805,-\
1.4043c-0.11604,\
-0.72108 -0.7345\
3,-1.25381 -1.46\
484,-1.26172c-0.\
44967,-0.00441 -\
0.87759,0.19313 \
-1.16592,0.53822\
c-0.28833,0.3450\
9 -0.40664,0.801\
32 -0.32236,1.24\
303l0.86719,4.92\
383c0.0691,0.391\
9 0.29108,0.7402\
8 0.61708,0.9684\
8c0.32601,0.2282\
 0.72932,0.31753\
 1.1212,0.24831l\
4.92383,-0.86719\
c0.81602,-0.144 \
1.3608,-0.92226 \
1.2168,-1.73828c\
-0.144,-0.81602 \
-0.92226,-1.3608\
 -1.73828,-1.216\
8l-1.30664,0.230\
47c3.11296,-3.88\
872 7.89058,-6.3\
8477 13.27148,-6\
.38477c9.40629,0\
 17,7.59371 17,1\
7c0,9.40629 -7.5\
9371,17 -17,17c-\
9.40629,0 -17,-7\
.59371 -17,-17c0\
,-0.14534 0.0021\
9,-0.2916 0.0058\
6,-0.43555c0.021\
03,-0.82843 -0.6\
3349,-1.51705 -1\
.46191,-1.53809c\
-0.82843,-0.0210\
3 -1.51705,0.633\
49 -1.53809,1.46\
191c-0.00433,0.1\
7005 -0.00586,0.\
34106 -0.00586,0\
.51172c0,11.0277\
1 8.97229,20 20,\
20c11.02771,0 20\
,-8.97229 20,-20\
c0,-11.02771 -8.\
97229,-20 -20,-2\
0z\x22></path>\x0d\x0a   \
         </g>\x0d\x0a \
       </g>\x0d\x0a   \
 </g>\x0d\x0a</svg>\
\x00\x00\x07\xd1\
<\
svg version=\x221.1\
\x22 xmlns=\x22http://\
www.w3.org/2000/\
svg\x22 xmlns:xlink\
=\x22http://www.w3.\
org/1999/xlink\x22\x0d\
\x0a    width=\x2248px\
\x22 height=\x2248px\x22 \
viewBox=\x220,0,256\
,256\x22>\x0d\x0a    <g t\
ransform=\x22transl\
ate(-12.8,-12.8)\
 scale(1.1,1.1)\x22\
>\x0d\x0a        <g fi\
ll=\x22#ffffff\x22 fil\
l-rule=\x22nonzero\x22\
 stroke=\x22none\x22 s\
troke-width=\x221\x22 \
stroke-linecap=\x22\
butt\x22\x0d\x0a         \
   stroke-linejo\
in=\x22miter\x22 strok\
e-miterlimit=\x2210\
\x22 stroke-dasharr\
ay=\x22\x22 stroke-das\
hoffset=\x220\x22\x0d\x0a   \
         font-fa\
mily=\x22none\x22 font\
-weight=\x22none\x22 f\
ont-size=\x22none\x22 \
text-anchor=\x22non\
e\x22\x0d\x0a            \
style=\x22mix-blend\
-mode: normal\x22>\x0d\
\x0a            <g \
transform=\x22scale\
(5.33333,5.33333\
)\x22>\x0d\x0a           \
     <path\x0d\x0a    \
                \
d=\x22M10.501,28.99\
9c-0.829,0 -1.5,\
-0.671 -1.5,-1.5\
v-14.984l-3.069,\
0.921c-0.798,0.2\
38 -1.63,-0.212 \
-1.868,-1.006c-0\
.238,-0.793 0.21\
2,-1.63 1.006,-1\
.868l5,-1.5c0.45\
5,-0.134 0.946,-\
0.049 1.327,0.23\
3c0.38,0.284 0.6\
04,0.73 0.604,1.\
204v17c0,0.829 -\
0.671,1.5 -1.5,1\
.5M27.5,39h-9c-0\
.829,0 -1.5,-0.6\
71 -1.5,-1.5c0,-\
6.22 3.63,-7.55 \
6.033,-8.429l0.4\
4,-0.163c1.511,-\
0.567 2.527,-2.1\
37 2.527,-3.908c\
0,-1.654 -1.346,\
-3 -3,-3c-1.654,\
0 -3,1.346 -3,3v\
0.5c0,0.829 -0.6\
71,1.5 -1.5,1.5c\
-0.829,0 -1.5,-0\
.671 -1.5,-1.5v-\
0.5c0,-3.309 2.6\
91,-6 6,-6c3.309\
,0 6,2.691 6,6c0\
,3.014 -1.798,5.\
714 -4.473,6.717\
l-0.463,0.171c-1\
.961,0.718 -3.56\
7,1.306 -3.968,4\
.112h7.404c0.829\
,0 1.5,0.671 1.5\
,1.5c0,0.829 -0.\
671,1.5 -1.5,1.5\
M38,29.001c-3.59\
5,0 -5.591,-2.46\
2 -5.675,-2.567c\
-0.515,-0.649 -0\
.407,-1.592 0.24\
2,-2.108c0.645,-\
0.511 1.583,-0.4\
07 2.099,0.231c0\
.066,0.079 1.24,\
1.444 3.334,1.44\
4c1.654,0 3,-1.2\
33 3,-2.75c0,-1.\
517 -1.346,-2.75\
 -3,-2.75h-0.5c-\
0.829,0 -1.5,-0.\
671 -1.5,-1.5c0,\
-0.829 0.671,-1.\
5 1.5,-1.5h0.25c\
1.517,0 2.75,-1.\
233 2.75,-2.75c0\
,-1.517 -1.233,-\
2.75 -2.75,-2.75\
c-1.946,0 -3.04,\
1.386 -3.05,1.4c\
-0.497,0.663 -1.\
438,0.798 -2.1,0\
.3c-0.662,-0.497\
 -0.797,-1.437 -\
0.3,-2.1c0.079,-\
0.106 1.99,-2.6 \
5.45,-2.6c3.17,0\
 5.75,2.58 5.75,\
5.75c0,1.585 -0.\
645,3.023 -1.686\
,4.064c1.334,1.0\
56 2.186,2.652 2\
.186,4.436c0,3.1\
7 -2.691,5.75 -6\
,5.75\x22></path>\x0d\x0a\
            </g>\
\x0d\x0a        </g>\x0d\x0a\
    </g>\x0d\x0a</svg>\
\
\x00\x00\x0aT\
<\
svg version=\x221.1\
\x22 xmlns=\x22http://\
www.w3.org/2000/\
svg\x22 xmlns:xlink\
=\x22http://www.w3.\
org/1999/xlink\x22\x0d\
\x0a    width=\x2248px\
\x22 height=\x2248px\x22 \
viewBox=\x220,0,256\
,256\x22>\x0d\x0a    <g t\
ransform=\x22transl\
ate(-12.8,-12.8)\
 scale(1.1,1.1)\x22\
>\x0d\x0a        <g fi\
ll=\x22#ffffff\x22 fil\
l-rule=\x22nonzero\x22\
 stroke=\x22none\x22 s\
troke-width=\x221\x22 \
stroke-linecap=\x22\
butt\x22\x0d\x0a         \
   stroke-linejo\
in=\x22miter\x22 strok\
e-miterlimit=\x2210\
\x22 stroke-dasharr\
ay=\x22\x22 stroke-das\
hoffset=\x220\x22\x0d\x0a   \
         font-fa\
mily=\x22none\x22 font\
-weight=\x22none\x22 f\
ont-size=\x22none\x22 \
text-anchor=\x22non\
e\x22\x0d\x0a            \
style=\x22mix-blend\
-mode: normal\x22>\x0d\
\x0a            <g \
transform=\x22scale\
(5.33333,5.33333\
)\x22>\x0d\x0a           \
     <path\x0d\x0a    \
                \
d=\x22M23.97656,2.9\
7852c-0.82766,0.\
01293 -1.48844,0\
.69381 -1.47656,\
1.52148v8.80664c\
-1.45695,0.60044\
 -2.5,2.03264 -2\
.5,3.69336v1h-3.\
5c-3.57194,0 -6.\
5,2.92806 -6.5,6\
.5v1c0,7.75 -1.9\
2383,13.52539 -1\
.92383,13.52539c\
-0.22268,0.66756\
 0.0486,1.40017 \
0.65234,1.76172c\
0,0 5.41854,3.21\
289 14.27148,3.2\
1289c3.39204,0 6\
.37305,-0.49329 \
8.97461,-1.05859\
c0.33874,0.04462\
 0.68257,-0.0277\
3 0.97461,-0.205\
08c3.65314,-0.87\
131 6.14258,-1.8\
5742 6.14258,-1.\
85742c0.74774,-0\
.32118 1.10304,-\
1.17996 0.80078,\
-1.93555c0,0 -1.\
89258,-4.66558 -\
1.89258,-13.4433\
6v-1c0,-3.57194 \
-2.92806,-6.5 -6\
.5,-6.5h-3.5v-1c\
0,-1.66072 -1.04\
305,-3.09292 -2.\
5,-3.69336v-8.80\
664c0.00582,-0.4\
0562 -0.15288,-0\
.7963 -0.43991,-\
1.08296c-0.28703\
,-0.28666 -0.677\
92,-0.44486 -1.0\
8353,-0.43852zM2\
3.95313,16.01953\
c0.03189,0.00102\
 0.06381,0.00102\
 0.0957,0c0.5415\
7,0.02801 0.9511\
7,0.42925 0.9511\
7,0.98047v2.5c0.\
00008,0.82839 0.\
67161,1.49992 1.\
5,1.5h5c1.95006,\
0 3.5,1.54994 3.\
5,3.5v0.5h-22v-0\
.5c0,-1.95006 1.\
54994,-3.5 3.5,-\
3.5h5c0.82839,-0\
.00008 1.49992,-\
0.67161 1.5,-1.5\
v-2.5c0,-0.55189\
 0.41056,-0.9533\
8 0.95313,-0.980\
47zM12.85938,28h\
22.27539c0.26785\
,5.87425 1.07672\
,9.06652 1.54883\
,10.52148c-0.674\
03,0.26147 -1.41\
049,0.5665 -3.51\
953,1.11133c-0.3\
9308,-1.18183 -0\
.99814,-3.32167 \
-1.16602,-7.1972\
7c-0.00661,-0.54\
698 -0.31041,-1.\
047 -0.79283,-1.\
30487c-0.48242,-\
0.25788 -1.06696\
,-0.23273 -1.525\
44,0.06563c-0.45\
848,0.29836 -0.7\
1822,0.82263 -0.\
67782,1.36815c0.\
16407,3.78787 0.\
75237,6.14388 1.\
22461,7.68164c-2\
.17981,0.41429 -\
4.56261,0.75391 \
-7.22656,0.75391\
c-1.50668,0 -2.7\
5733,-0.16693 -4\
.01367,-0.32227c\
0.36106,-0.94885\
 0.74361,-2.0969\
8 1,-3.97461c0.0\
7427,-0.53184 -0\
.1414,-1.06281 -\
0.5655,-1.39222c\
-0.42409,-0.3294\
1 -0.99192,-0.40\
701 -1.48885,-0.\
20347c-0.49693,0\
.20354 -0.84716,\
0.65718 -0.91831\
,1.18944c-0.2646\
7,1.93821 -0.652\
16,3.13391 -0.93\
945,3.80664c-0.0\
3725,0.08722 -0.\
01486,0.02325 -0\
.04492,0.08984c-\
2.7982,-0.63609 \
-4.09144,-1.2077\
2 -4.76953,-1.56\
445c0.41167,-1.3\
9214 1.30595,-4.\
97366 1.59961,-1\
0.62891z\x22></path\
>\x0d\x0a            <\
/g>\x0d\x0a        </g\
>\x0d\x0a    </g>\x0d\x0a</s\
vg>\
\x00\x00\x08\xae\
<\
svg version=\x221.1\
\x22 xmlns=\x22http://\
www.w3.org/2000/\
svg\x22 xmlns:xlink\
=\x22http://www.w3.\
org/1999/xlink\x22\x0d\
\x0a    width=\x2248px\
\x22 height=\x2248px\x22 \
viewBox=\x220,0,256\
,256\x22>\x0d\x0a    <g t\
ransform=\x22transl\
ate(-12.8,-12.8)\
 scale(1.1,1.1)\x22\
>\x0d\x0a        <g fi\
ll=\x22#ffffff\x22 fil\
l-rule=\x22nonzero\x22\
 stroke=\x22none\x22 s\
troke-width=\x221\x22 \
stroke-linecap=\x22\
butt\x22\x0d\x0a         \
   stroke-linejo\
in=\x22miter\x22 strok\
e-miterlimit=\x2210\
\x22 stroke-dasharr\
ay=\x22\x22 stroke-das\
hoffset=\x220\x22\x0d\x0a   \
         font-fa\
mily=\x22none\x22 font\
-weight=\x22none\x22 f\
ont-size=\x22none\x22 \
text-anchor=\x22non\
e\x22\x0d\x0a            \
style=\x22mix-blend\
-mode: normal\x22>\x0d\
\x0a            <g \
transform=\x22scale\
(5.33333,5.33333\
)\x22>\x0d\x0a           \
     <path\x0d\x0a    \
                \
d=\x22M20.5,3c-2.29\
659,0 -4.1943,1.\
76662 -4.44922,4\
h-3.55078c-2.467\
5,0 -4.5,2.0325 \
-4.5,4.5v27c0,2.\
4675 2.0325,4.5 \
4.5,4.5h23c2.467\
5,0 4.5,-2.0325 \
4.5,-4.5v-27c0,-\
2.4675 -2.0325,-\
4.5 -4.5,-4.5h-3\
.55078c-0.25492,\
-2.23338 -2.1526\
2,-4 -4.44922,-4\
zM20.5,6h7c0.846\
5,0 1.5,0.6535 1\
.5,1.5c0,0.8465 \
-0.6535,1.5 -1.5\
,1.5h-7c-0.8465,\
0 -1.5,-0.6535 -\
1.5,-1.5c0,-0.84\
65 0.6535,-1.5 1\
.5,-1.5zM12.5,10\
h4.26953c0.81171\
,1.2019 2.18519,\
2 3.73047,2h7c1.\
54528,0 2.91876,\
-0.7981 3.73047,\
-2h4.26953c0.846\
5,0 1.5,0.6535 1\
.5,1.5v27c0,0.84\
65 -0.6535,1.5 -\
1.5,1.5h-23c-0.8\
465,0 -1.5,-0.65\
35 -1.5,-1.5v-27\
c0,-0.8465 0.653\
5,-1.5 1.5,-1.5z\
M16.5,17c-0.5409\
5,-0.00765 -1.04\
412,0.27656 -1.3\
1683,0.74381c-0.\
27271,0.46725 -0\
.27271,1.04514 0\
,1.51238c0.27271\
,0.46725 0.77588\
,0.75146 1.31683\
,0.74381h15c0.54\
095,0.00765 1.04\
412,-0.27656 1.3\
1683,-0.74381c0.\
27271,-0.46725 0\
.27271,-1.04514 \
0,-1.51238c-0.27\
271,-0.46725 -0.\
77588,-0.75146 -\
1.31683,-0.74381\
zM16.5,25c-0.540\
95,-0.00765 -1.0\
4412,0.27656 -1.\
31683,0.74381c-0\
.27271,0.46725 -\
0.27271,1.04514 \
0,1.51238c0.2727\
1,0.46725 0.7758\
8,0.75146 1.3168\
3,0.74381h7c0.54\
095,0.00765 1.04\
412,-0.27656 1.3\
1683,-0.74381c0.\
27271,-0.46725 0\
.27271,-1.04514 \
0,-1.51238c-0.27\
271,-0.46725 -0.\
77588,-0.75146 -\
1.31683,-0.74381\
zM16.5,33c-0.540\
95,-0.00765 -1.0\
4412,0.27656 -1.\
31683,0.74381c-0\
.27271,0.46725 -\
0.27271,1.04514 \
0,1.51238c0.2727\
1,0.46725 0.7758\
8,0.75146 1.3168\
3,0.74381h11c0.5\
4095,0.00765 1.0\
4412,-0.27656 1.\
31683,-0.74381c0\
.27271,-0.46725 \
0.27271,-1.04514\
 0,-1.51238c-0.2\
7271,-0.46725 -0\
.77588,-0.75146 \
-1.31683,-0.7438\
1z\x22></path>\x0d\x0a   \
         </g>\x0d\x0a \
       </g>\x0d\x0a   \
 </g>\x0d\x0a</svg>\
\x00\x00\x02\xa6\
\x00\
\x00\x08\xf4x\xda\xedVKo\xa30\x10\xbe\xaf\xb4\xff\
\xc1\xf2^Z\x09\x83\x1f\x98G\x15z\xd8{\x7f\x04%\
\x10\xd8\x12\x88\xc0\x0di~\xfdz\xfcHR\xda\xc3\xee\
\xa5\xa7Z\x02<\x9f\xbf\x99\xf9\xc6\xa3Q\xb2\x99\x8f;\
t\xac\xa7\xb9\x1b\x87\x02\xb3\x90at\xda\xf7\xc3\x5c\xe0\
V\xa9\xc3C\x14-\xcb\x12.\x22\x1c\xa7]\xc4)\xa5\
\x91\xe6;\xca\xc3\xa9\xef\x86\x97\xcf\x88,\xcf\xf3\xc8\x9c\
\xe2\x9f?\x90^K\xb7Um\x81\xe3\xecp\xc2\xa8\xad\
\xbb]\xab\xbcu\xec\xea\xe5\xf7x*0\x0dh\xc0e\
\x02\x0f~\xb4n\x9b\x1dRS9\xcc\xcd8\xed\x0bl\
\xb6}\xa9\xea;\xc2e\x98\x04\xe6}\x8f\xe6\xaa\xec\xeb\
;\x16\xf2@?\xf7\xde\xd5\xb97]\xdf\x17\xf8Wc\
\x166&\x99^\xfb\xba\xc0\xc38\x9c\xebi\xc4hV\
\xd3\xf8b\x81\xda[\xc4\x09f\x17@\x17SW\xe5\xa1\
\xc0\xcf\xafJ\xe1k\x0eX7\x94?c\xa7\xafq\xdf\
\xa9z\xba\xb8\x1a\xab\xef\xf4G\x07\xa4\x17x[\xcem\
9M\xe5[\x81\xdfac\xd3\xcc\xb5\xa6\xd2U\x96f\
\x1c\x14i\xca}\xd7\xbfy\xb1\x06Z\xdcu\xde@s\
w\xbe\x14\xa4\xea\x93\x22\xe5P\xb5\xe3\xe4\xa0\xb5\xf87\
\xb8\x8e}w\x22\xcf}=l\xc9~\xdc\xd6\x0fh\xd0\
W^\xf6\xb7\xb7\xf9\xb1!\xf6\xe6e(`\x05\xee{\
\xbf\xf61~\x87R\xb5\x1faX\xdb\x02?\xe5\xa1\x0c\
\x92\x8a\xb00gq.\x03\x8a\x88\xd0\x08\x0be&\xa9\
\xb4\x86~\x8e<\xafh\xe0H\xc8\x9d\xc2\x01r\x84V\
\x13\xae1\x00$>\x861 \x061A|*\xe4\x09\
\xe6\xd0f\x82\xd7\xd9H\xca! \x0dy\x0e\x04\x8a\xa8\
\x86\xb4E\xc1\xcf\xee\xe51\xd5Y\x89\xa0G\xa27\x10\
\xd7\xb1\x91\xe3\x01`\xc9\xb09?\x898`\x0c\x0ae\
4\x96)\x14\xcau\x98,\x97\xb1\x80-7\xf5\x993\
\xe4\xe0\x80#\xc0\xaf\x1e\x1cBY\x0f\xbd\xe5\xb6\x18\xeb\
\xe2\x0f4\x0c\xd1\x08??1s\x91\xba\xc8\x0a\x04\xc4\
\xd4J\xa24ML\xed4\x8e\x19(\xe0\xdaN\x00\x10\
,\xc9\x84\x06\xd2Xd\x0c|x\xcaS\xa6\x818I\
\xb9D\x17\x00\x5c%\x8b\x11\xe8\x95\x8c\x8b\xacZSu\
\x8cTf\x19\xc4\xd2\xc4\x04\xadb\xb7p\xb3V\x90\xd7\
\xe3\xe5\x10\xaf\xc7\xbb\x10\xaf\xc7\xe7 \xd7$\x0e\xb8\xea\
!^\x10\xf9\xc0&^\x13\xf1\xa2\xc8:\x85n|\xc0\
i\xab;\x9aA_M\xc78\xff\xf2\x8eq\xfe\xdd\xb1\
\xff\xe8\x98`\xd01;\x82~\x02\x89\x1fA\x98@\xe2\
\xe6\xb5\x85\xf1'\xd7\x91&n4\xedP\x93w\x83*\
\xc4\x97\xb7]\x88\xef\xb6\xffk\xdb\xf1\xe3&\x82_\x95\
\xf5/T\xb4\xbb\xfd\x07p\xb1\xecn\x03\x7f_\x1e\xff\
\x02\x96\xe2\x05\xc3\
\x00\x00\x08:\
<\
svg version=\x221.1\
\x22 xmlns=\x22http://\
www.w3.org/2000/\
svg\x22 xmlns:xlink\
=\x22http://www.w3.\
org/1999/xlink\x22\x0d\
\x0a    width=\x2248px\
\x22 height=\x2248px\x22 \
viewBox=\x220,0,256\
,256\x22>\x0d\x0a    <g t\
ransform=\x22transl\
ate(-25.6,-25.6)\
 scale(1.2,1.2)\x22\
>\x0d\x0a        <g fi\
ll=\x22#ffffff\x22 fil\
l-rule=\x22nonzero\x22\
 stroke=\x22none\x22 s\
troke-width=\x221\x22 \
stroke-linecap=\x22\
butt\x22\x0d\x0a         \
   stroke-linejo\
in=\x22miter\x22 strok\
e-miterlimit=\x2210\
\x22 stroke-dasharr\
ay=\x22\x22 stroke-das\
hoffset=\x220\x22\x0d\x0a   \
         font-fa\
mily=\x22none\x22 font\
-weight=\x22none\x22 f\
ont-size=\x22none\x22 \
text-anchor=\x22non\
e\x22\x0d\x0a            \
style=\x22mix-blend\
-mode: normal\x22>\x0d\
\x0a            <g \
transform=\x22scale\
(5.33333,5.33333\
)\x22>\x0d\x0a           \
     <path\x0d\x0a    \
                \
d=\x22M32.47852,6c-\
0.39034,0.00571 \
-0.76308,0.16335\
 -1.03906,0.4394\
5l-7,7c-0.39185,\
0.37623 -0.54969\
,0.9349 -0.41265\
,1.46055c0.13704\
,0.52565 0.54754\
,0.93616 1.07319\
,1.07319c0.52565\
,0.13704 1.08432\
,-0.0208 1.46055\
,-0.41265l4.4394\
5,-4.43945v30.37\
891c-0.00765,0.5\
4095 0.27656,1.0\
4412 0.74381,1.3\
1683c0.46725,0.2\
7271 1.04514,0.2\
7271 1.51238,0c0\
.46725,-0.27271 \
0.75146,-0.77588\
 0.74381,-1.3168\
3v-30.37891l4.43\
945,4.43945c0.37\
623,0.39185 0.93\
49,0.54969 1.460\
55,0.41265c0.525\
65,-0.13704 0.93\
616,-0.54754 1.0\
7319,-1.07319c0.\
13704,-0.52565 -\
0.0208,-1.08432 \
-0.41265,-1.4605\
5l-7,-7c-0.28651\
,-0.28663 -0.676\
8,-0.44514 -1.08\
203,-0.43945zM14\
.5,7.99805c-0.60\
9,0 -1.15867,0.3\
6764 -1.38867,0.\
93164l-4.5,11c-0\
.314,0.767 0.053\
31,1.64403 0.820\
31,1.95703c0.767\
,0.316 1.64403,-\
0.05231 1.95703,\
-0.82031l0.4375,\
-1.06836h5.34766\
l0.4375,1.06836c\
0.238,0.581 0.79\
962,0.93164 1.39\
063,0.93164c0.18\
9,0 0.38041,-0.0\
3433 0.56641,-0.\
11133c0.766,-0.3\
13 1.13431,-1.19\
003 0.82031,-1.9\
5703l-4.5,-11c-0\
.23,-0.564 -0.77\
967,-0.93164 -1.\
38867,-0.93164zM\
14.5,13.46094l1.\
44727,3.53711h-2\
.89453zM11,27c-0\
.828,0 -1.5,0.67\
1 -1.5,1.5c0,0.8\
29 0.672,1.5 1.5\
,1.5h4.26758l-5.\
53125,8.69531c-0\
.294,0.462 -0.31\
283,1.04734 -0.0\
4883,1.52734c0.2\
62,0.48 0.76645,\
0.77734 1.31445,\
0.77734h7c0.828,\
0 1.5,-0.671 1.5\
,-1.5c0,-0.829 -\
0.672,-1.5 -1.5,\
-1.5h-4.26953l5.\
5332,-8.69531c0.\
294,-0.462 0.312\
83,-1.04734 0.04\
883,-1.52734c-0.\
262,-0.48 -0.766\
45,-0.77734 -1.3\
1445,-0.77734z\x22>\
</path>\x0d\x0a       \
     </g>\x0d\x0a     \
   </g>\x0d\x0a    </g\
>\x0d\x0a</svg>\
\x00\x00\x080\
<\
svg version=\x221.1\
\x22 xmlns=\x22http://\
www.w3.org/2000/\
svg\x22 xmlns:xlink\
=\x22http://www.w3.\
org/1999/xlink\x22\x0d\
\x0a    width=\x2248px\
\x22 height=\x2248px\x22 \
viewBox=\x220,0,256\
,256\x22>\x0d\x0a    <g t\
ransform=\x22transl\
ate(-6.4,-6.4) s\
cale(1.05,1.05)\x22\
>\x0d\x0a        <g fi\
ll=\x22#ffffff\x22 fil\
l-rule=\x22nonzero\x22\
 stroke=\x22none\x22 s\
troke-width=\x221\x22 \
stroke-linecap=\x22\
butt\x22\x0d\x0a         \
   stroke-linejo\
in=\x22miter\x22 strok\
e-miterlimit=\x2210\
\x22 stroke-dasharr\
ay=\x22\x22 stroke-das\
hoffset=\x220\x22\x0d\x0a   \
         font-fa\
mily=\x22none\x22 font\
-weight=\x22none\x22 f\
ont-size=\x22none\x22 \
text-anchor=\x22non\
e\x22\x0d\x0a            \
style=\x22mix-blend\
-mode: normal\x22>\x0d\
\x0a            <g \
transform=\x22scale\
(5.33333,5.33333\
)\x22>\x0d\x0a           \
     <path\x0d\x0a    \
                \
d=\x22M12.5,4c-2.48\
1,0 -4.5,2.019 -\
4.5,4.5v31c0,2.4\
81 2.019,4.5 4.5\
,4.5h14.11914c-0\
.853,-0.889 -1.5\
803,-1.898 -2.15\
43,-3h-11.96484c\
-0.827,0 -1.5,-0\
.673 -1.5,-1.5v-\
31c0,-0.827 0.67\
3,-1.5 1.5,-1.5h\
11.5v8.5c0,2.481\
 2.019,4.5 4.5,4\
.5h8.5v2.03711c1\
.039,0.079 2.044\
,0.28084 3,0.589\
84v-4.12695c0,-0\
.4145 -0.16808,-\
0.78917 -0.43945\
,-1.06055l-13,-1\
3c-0.27137,-0.27\
137 -0.64605,-0.\
43945 -1.06055,-\
0.43945zM27,9.12\
109l7.87891,7.87\
891h-6.37891c-0.\
827,0 -1.5,-0.67\
3 -1.5,-1.5zM36,\
24c-0.587,0 -1.1\
6166,0.04953 -1.\
72266,0.14453l-0\
.3457,1.43164c-0\
.537,2.225 -2.82\
648,3.54744 -5.0\
2148,2.89844l-1.\
20508,-0.35742c-\
0.724,0.933 -1.3\
0408,1.99363 -1.\
70508,3.14062l0.\
89453,0.85938c1.\
635,1.574 1.635,\
4.19163 0,5.7656\
2l-0.89453,0.859\
38c0.401,1.147 0\
.98008,2.20662 1\
.70508,3.14062l1\
.20508,-0.35742c\
2.195,-0.649 4.4\
8448,0.67344 5.0\
2148,2.89844l0.3\
457,1.43164c0.56\
1,0.095 1.13666,\
0.14453 1.72266,\
0.14453c0.587,0 \
1.16166,-0.04953\
 1.72266,-0.1445\
3l0.3457,-1.4316\
4c0.537,-2.225 2\
.82648,-3.54744 \
5.02148,-2.89844\
l1.20508,0.35742\
c0.724,-0.933 1.\
30408,-1.99363 1\
.70508,-3.14062l\
-0.89453,-0.8593\
8c-1.635,-1.573 \
-1.635,-4.19262 \
0,-5.76562l0.894\
53,-0.85938c-0.4\
01,-1.147 -0.980\
08,-2.20663 -1.7\
0508,-3.14062l-1\
.20508,0.35742c-\
2.195,0.649 -4.4\
8448,-0.67344 -5\
.02148,-2.89844l\
-0.3457,-1.43164\
c-0.561,-0.095 -\
1.13566,-0.14453\
 -1.72266,-0.144\
53zM36,32c1.657,\
0 3,1.343 3,3c0,\
1.657 -1.343,3 -\
3,3c-1.657,0 -3,\
-1.343 -3,-3c0,-\
1.657 1.343,-3 3\
,-3z\x22></path>\x0d\x0a \
           </g>\x0d\
\x0a        </g>\x0d\x0a \
   </g>\x0d\x0a</svg>\
\x00\x00\x07<\
<\
svg version=\x221.1\
\x22 xmlns=\x22http://\
www.w3.org/2000/\
svg\x22 xmlns:xlink\
=\x22http://www.w3.\
org/1999/xlink\x22\x0d\
\x0a    width=\x2248px\
\x22 height=\x2248px\x22 \
viewBox=\x220,0,256\
,256\x22>\x0d\x0a    <g t\
ransform=\x22transl\
ate(-25.6,-25.6)\
 scale(1.2,1.2)\x22\
>\x0d\x0a        <g fi\
ll=\x22#ffffff\x22 fil\
l-rule=\x22nonzero\x22\
 stroke=\x22none\x22 s\
troke-width=\x221\x22 \
stroke-linecap=\x22\
butt\x22\x0d\x0a         \
   stroke-linejo\
in=\x22miter\x22 strok\
e-miterlimit=\x2210\
\x22 stroke-dasharr\
ay=\x22\x22 stroke-das\
hoffset=\x220\x22\x0d\x0a   \
         font-fa\
mily=\x22none\x22 font\
-weight=\x22none\x22 f\
ont-size=\x22none\x22 \
text-anchor=\x22non\
e\x22\x0d\x0a            \
style=\x22mix-blend\
-mode: normal\x22>\x0d\
\x0a            <g \
transform=\x22scale\
(5.33333,5.33333\
)\x22>\x0d\x0a           \
     <path\x0d\x0a    \
                \
d=\x22M11.5,6c-3.01\
977,0 -5.5,2.480\
23 -5.5,5.5v25c0\
,3.01977 2.48023\
,5.5 5.5,5.5h18c\
3.01977,0 5.5,-2\
.48023 5.5,-5.5c\
0.00765,-0.54095\
 -0.27656,-1.044\
12 -0.74381,-1.3\
1683c-0.46725,-0\
.27271 -1.04514,\
-0.27271 -1.5123\
8,0c-0.46725,0.2\
7271 -0.75146,0.\
77588 -0.74381,1\
.31683c0,1.39823\
 -1.10177,2.5 -2\
.5,2.5h-18c-1.39\
823,0 -2.5,-1.10\
177 -2.5,-2.5v-2\
5c0,-1.39823 1.1\
0177,-2.5 2.5,-2\
.5h18c1.39823,0 \
2.5,1.10177 2.5,\
2.5c-0.00765,0.5\
4095 0.27656,1.0\
4412 0.74381,1.3\
1683c0.46725,0.2\
7271 1.04514,0.2\
7271 1.51238,0c0\
.46725,-0.27271 \
0.75146,-0.77588\
 0.74381,-1.3168\
3c0,-3.01977 -2.\
48023,-5.5 -5.5,\
-5.5zM33.48438,1\
5.48438c-0.61065\
,0.00015 -1.1602\
6,0.37042 -1.389\
78,0.93629c-0.22\
952,0.56587 -0.0\
9314,1.21439 0.3\
4486,1.63988l4.4\
3945,4.43945h-21\
.37891c-0.54095,\
-0.00765 -1.0441\
2,0.27656 -1.316\
83,0.74381c-0.27\
271,0.46725 -0.2\
7271,1.04514 0,1\
.51238c0.27271,0\
.46725 0.77588,0\
.75146 1.31683,0\
.74381h21.37891l\
-4.43945,4.43945\
c-0.39185,0.3762\
3 -0.54969,0.934\
9 -0.41265,1.460\
55c0.13704,0.525\
65 0.54754,0.936\
16 1.07319,1.073\
19c0.52565,0.137\
04 1.08432,-0.02\
08 1.46055,-0.41\
265l7,-7c0.58555\
,-0.58579 0.5855\
5,-1.5353 0,-2.1\
2109l-7,-7c-0.28\
248,-0.2909 -0.6\
7069,-0.45506 -1\
.07617,-0.45508z\
\x22></path>\x0d\x0a     \
       </g>\x0d\x0a   \
     </g>\x0d\x0a    <\
/g>\x0d\x0a</svg>\
\x00\x00\x07\x8f\
<\
svg version=\x221.1\
\x22 xmlns=\x22http://\
www.w3.org/2000/\
svg\x22 xmlns:xlink\
=\x22http://www.w3.\
org/1999/xlink\x22\x0d\
\x0a    width=\x2248px\
\x22 height=\x2248px\x22 \
viewBox=\x220,0,256\
,256\x22>\x0d\x0a    <g t\
ransform=\x22transl\
ate(-25.6,-25.6)\
 scale(1.2,1.2)\x22\
>\x0d\x0a        <g fi\
ll=\x22#ffffff\x22 fil\
l-rule=\x22nonzero\x22\
 stroke=\x22none\x22 s\
troke-width=\x221\x22 \
stroke-linecap=\x22\
butt\x22\x0d\x0a         \
   stroke-linejo\
in=\x22miter\x22 strok\
e-miterlimit=\x2210\
\x22 stroke-dasharr\
ay=\x22\x22 stroke-das\
hoffset=\x220\x22\x0d\x0a   \
         font-fa\
mily=\x22none\x22 font\
-weight=\x22none\x22 f\
ont-size=\x22none\x22 \
text-anchor=\x22non\
e\x22\x0d\x0a            \
style=\x22mix-blend\
-mode: normal\x22>\x0d\
\x0a            <g \
transform=\x22scale\
(5.33333,5.33333\
)\x22>\x0d\x0a           \
     <path\x0d\x0a    \
                \
d=\x22M18.99609,5.0\
2344c-1.17336,-0\
.02914 -2.36159,\
0.38698 -3.26562\
,1.29102l-9.4160\
2,9.41406c0,0.00\
065 0,0.0013 0,0\
.00195c-2.06569,\
2.06718 -1.58845\
,5.62259 0.94922\
,7.07227l10.0996\
1,5.77344l3.7929\
7,9.48047c0.1872\
8,0.46805 0.5971\
3,0.81074 1.0909\
4,0.91217c0.4938\
2,0.10144 1.0055\
6,-0.05194 1.362\
18,-0.40827l6.41\
602,-6.41406l10.\
41406,10.41406c0\
.37623,0.39185 0\
.9349,0.54969 1.\
46055,0.41265c0.\
52565,-0.13704 0\
.93616,-0.54754 \
1.07319,-1.07319\
c0.13704,-0.5256\
5 -0.0208,-1.084\
32 -0.41265,-1.4\
6055l-10.41406,-\
10.41406l6.41602\
,-6.41602c0.3563\
3,-0.35662 0.509\
7,-0.86836 0.408\
27,-1.36218c-0.1\
0144,-0.49382 -0\
.44412,-0.90366 \
-0.91217,-1.0909\
4l-9.48242,-3.79\
297l-5.77148,-10\
.09961c0,-0.0006\
5 0,-0.0013 0,-0\
.00195c-0.72538,\
-1.26849 -1.9778\
3,-2.02129 -3.30\
664,-2.19922c-0.\
1661,-0.02224 -0\
.33433,-0.0349 -\
0.50195,-0.03906\
zM18.77734,7.984\
38c0.10968,-0.01\
102 0.21976,-0.0\
0866 0.32813,0.0\
0586c0.43344,0.0\
5807 0.84013,0.3\
1821 1.09375,0.7\
6172l6.0332,10.5\
5469c0.1678,0.29\
39 0.43005,0.522\
42 0.74414,0.648\
44l7.85547,3.140\
63l-11.73633,11.\
73633l-3.14062,-\
7.85547c-0.12565\
,-0.31481 -0.354\
21,-0.5778 -0.64\
844,-0.74609l-10\
.55469,-6.03125c\
-0.88572,-0.5059\
8 -1.03506,-1.62\
478 -0.31445,-2.\
34766v-0.00195l9\
.41406,-9.41211c\
0.27061,-0.27061\
 0.59673,-0.4200\
6 0.92578,-0.453\
12z\x22></path>\x0d\x0a  \
          </g>\x0d\x0a\
        </g>\x0d\x0a  \
  </g>\x0d\x0a</svg>\
\x00\x00\x05U\
<\
svg version=\x221.1\
\x22 xmlns=\x22http://\
www.w3.org/2000/\
svg\x22 xmlns:xlink\
=\x22http://www.w3.\
org/1999/xlink\x22\x0d\
\x0a    width=\x2248px\
\x22 height=\x2248px\x22 \
viewBox=\x220,0,256\
,256\x22>\x0d\x0a    <g t\
ransform=\x22transl\
ate(-19.2,-19.2)\
 scale(1.15,1.15\
)\x22>\x0d\x0a        <g \
fill=\x22#ffffff\x22 f\
ill-rule=\x22nonzer\
o\x22 stroke=\x22none\x22\
 stroke-width=\x221\
\x22 stroke-linecap\
=\x22butt\x22\x0d\x0a       \
     stroke-line\
join=\x22miter\x22 str\
oke-miterlimit=\x22\
10\x22 stroke-dasha\
rray=\x22\x22 stroke-d\
ashoffset=\x220\x22\x0d\x0a \
           font-\
family=\x22none\x22 fo\
nt-weight=\x22none\x22\
 font-size=\x22none\
\x22 text-anchor=\x22n\
one\x22\x0d\x0a          \
  style=\x22mix-ble\
nd-mode: normal\x22\
>\x0d\x0a            <\
g transform=\x22sca\
le(5.33333,5.333\
33)\x22>\x0d\x0a         \
       <path\x0d\x0a  \
                \
  d=\x22M24,4c-11.0\
2793,0 -20,8.972\
07 -20,20c0,11.0\
2793 8.97207,20 \
20,20c11.02793,0\
 20,-8.97207 20,\
-20c0,-11.02793 \
-8.97207,-20 -20\
,-20zM24,7c9.406\
62,0 17,7.59339 \
17,17c0,9.40661 \
-7.59338,17 -17,\
17c-9.40661,0 -1\
7,-7.59339 -17,-\
17c0,-9.40661 7.\
59339,-17 17,-17\
zM22.47656,11.97\
852c-0.82766,0.0\
1293 -1.48843,0.\
69381 -1.47656,1\
.52148v11c0.0000\
8,0.3978 0.15815\
,0.77928 0.43945\
,1.06055l5,5c0.3\
7623,0.39185 0.9\
349,0.54969 1.46\
055,0.41265c0.52\
565,-0.13704 0.9\
3616,-0.54754 1.\
07319,-1.07319c0\
.13704,-0.52565 \
-0.0208,-1.08432\
 -0.41265,-1.460\
55l-4.56055,-4.5\
6055v-10.37891c0\
.00582,-0.40562 \
-0.15288,-0.7963\
 -0.43991,-1.082\
96c-0.28703,-0.2\
8666 -0.67792,-0\
.44486 -1.08353,\
-0.43852z\x22></pat\
h>\x0d\x0a            \
</g>\x0d\x0a        </\
g>\x0d\x0a    </g>\x0d\x0a</\
svg>\
\x00\x00\x08\x1a\
<\
svg version=\x221.1\
\x22 xmlns=\x22http://\
www.w3.org/2000/\
svg\x22 xmlns:xlink\
=\x22http://www.w3.\
org/1999/xlink\x22\x0d\
\x0a    width=\x2248px\
\x22 height=\x2248px\x22 \
viewBox=\x220,0,256\
,256\x22>\x0d\x0a    <g t\
ransform=\x22transl\
ate(-25.6,-25.6)\
 scale(1.2,1.2)\x22\
>\x0d\x0a        <g fi\
ll=\x22#ffffff\x22 fil\
l-rule=\x22nonzero\x22\
 stroke=\x22none\x22 s\
troke-width=\x221\x22 \
stroke-linecap=\x22\
butt\x22\x0d\x0a         \
   stroke-linejo\
in=\x22miter\x22 strok\
e-miterlimit=\x2210\
\x22 stroke-dasharr\
ay=\x22\x22 stroke-das\
hoffset=\x220\x22\x0d\x0a   \
         font-fa\
mily=\x22none\x22 font\
-weight=\x22none\x22 f\
ont-size=\x22none\x22 \
text-anchor=\x22non\
e\x22\x0d\x0a            \
style=\x22mix-blend\
-mode: normal\x22>\x0d\
\x0a            <g \
transform=\x22scale\
(5.33333,5.33333\
)\x22>\x0d\x0a           \
     <path\x0d\x0a    \
                \
d=\x22M33.47656,5.9\
7852c-0.82766,0.\
01293 -1.48844,0\
.69381 -1.47656,\
1.52148v30.37891\
l-4.43945,-4.439\
45c-0.37623,-0.3\
9185 -0.9349,-0.\
54969 -1.46055,-\
0.41265c-0.52565\
,0.13704 -0.9361\
6,0.54754 -1.073\
19,1.07319c-0.13\
704,0.52565 0.02\
08,1.08432 0.412\
65,1.46055l7,7c0\
.58579,0.58555 1\
.5353,0.58555 2.\
12109,0l7,-7c0.3\
9185,-0.37623 0.\
54969,-0.9349 0.\
41265,-1.46055c-\
0.13704,-0.52565\
 -0.54754,-0.936\
16 -1.07319,-1.0\
7319c-0.52565,-0\
.13704 -1.08432,\
0.0208 -1.46055,\
0.41265l-4.43945\
,4.43945v-30.378\
91c0.00582,-0.40\
562 -0.15288,-0.\
7963 -0.43991,-1\
.08296c-0.28703,\
-0.28666 -0.6779\
2,-0.44486 -1.08\
353,-0.43852zM15\
.5,7.99805c-0.60\
9,0 -1.15867,0.3\
6764 -1.38867,0.\
93164l-4.5,11c-0\
.314,0.767 0.053\
31,1.64403 0.820\
31,1.95703c0.767\
,0.316 1.64403,-\
0.05231 1.95703,\
-0.82031l0.4375,\
-1.06836h5.34766\
l0.4375,1.06836c\
0.238,0.581 0.79\
962,0.93164 1.39\
063,0.93164c0.18\
9,0 0.38041,-0.0\
3433 0.56641,-0.\
11133c0.766,-0.3\
13 1.13431,-1.19\
003 0.82031,-1.9\
5703l-4.5,-11c-0\
.23,-0.564 -0.77\
967,-0.93164 -1.\
38867,-0.93164zM\
15.5,13.46094l1.\
44727,3.53711h-2\
.89453zM12,27c-0\
.828,0 -1.5,0.67\
1 -1.5,1.5c0,0.8\
29 0.672,1.5 1.5\
,1.5h4.26758l-5.\
53125,8.69531c-0\
.294,0.462 -0.31\
283,1.04734 -0.0\
4883,1.52734c0.2\
62,0.48 0.76645,\
0.77734 1.31445,\
0.77734h7c0.828,\
0 1.5,-0.671 1.5\
,-1.5c0,-0.829 -\
0.672,-1.5 -1.5,\
-1.5h-4.26953l5.\
5332,-8.69531c0.\
294,-0.462 0.312\
83,-1.04734 0.04\
883,-1.52734c-0.\
262,-0.48 -0.766\
45,-0.77734 -1.3\
1445,-0.77734z\x22>\
</path>\x0d\x0a       \
     </g>\x0d\x0a     \
   </g>\x0d\x0a    </g\
>\x0d\x0a</svg>\
\x00\x00\x0dt\
<\
svg version=\x221.1\
\x22 xmlns=\x22http://\
www.w3.org/2000/\
svg\x22 xmlns:xlink\
=\x22http://www.w3.\
org/1999/xlink\x22\x0d\
\x0a    width=\x2248px\
\x22 height=\x2248px\x22 \
viewBox=\x220,0,256\
,256\x22>\x0d\x0a    <g t\
ransform=\x22transl\
ate(-25.6,-25.6)\
 scale(1.2,1.2)\x22\
>\x0d\x0a        <g fi\
ll=\x22#ffffff\x22 fil\
l-rule=\x22nonzero\x22\
 stroke=\x22none\x22 s\
troke-width=\x221\x22 \
stroke-linecap=\x22\
butt\x22\x0d\x0a         \
   stroke-linejo\
in=\x22miter\x22 strok\
e-miterlimit=\x2210\
\x22 stroke-dasharr\
ay=\x22\x22 stroke-das\
hoffset=\x220\x22\x0d\x0a   \
         font-fa\
mily=\x22none\x22 font\
-weight=\x22none\x22 f\
ont-size=\x22none\x22 \
text-anchor=\x22non\
e\x22\x0d\x0a            \
style=\x22mix-blend\
-mode: normal\x22>\x0d\
\x0a            <g \
transform=\x22scale\
(5.33333,5.33333\
)\x22>\x0d\x0a           \
     <path\x0d\x0a    \
                \
d=\x22M23.97656,3.9\
7852c-0.08662,0.\
0023 -0.17288,0.\
0121 -0.25781,0.\
0293c-3.5152,0.0\
4893 -6.80568,1.\
01836 -9.66211,2\
.66406c-0.24388,\
0.07354 -0.46502\
,0.20797 -0.6425\
8,0.39063c-2.748\
65,1.72433 -5.04\
56,4.09196 -6.68\
359,6.89844c-0.1\
4967,0.15857 -0.\
26298,0.34786 -0\
.33203,0.55469c-\
1.48468,2.74435 \
-2.3431,5.87328 \
-2.39062,9.19531\
c-0.03647,0.1883\
6 -0.03647,0.381\
96 0,0.57031c0.1\
5171,10.89819 9.\
05861,19.71875 1\
9.99219,19.71875\
c10.93096,0 19.8\
3632,-8.81635 19\
.99219,-19.71094\
c0.03647,-0.1883\
6 0.03647,-0.381\
96 0,-0.57031c-0\
.04626,-3.3234 -\
0.9041,-6.45363 \
-2.38867,-9.1992\
2c-0.06911,-0.20\
839 -0.18312,-0.\
39908 -0.33398,-\
0.55859c-1.63828\
,-2.80696 -3.936\
27,-5.17404 -6.6\
8555,-6.89844c-0\
.17613,-0.1811 -\
0.39514,-0.31479\
 -0.63672,-0.388\
67c-2.85518,-1.6\
4581 -6.14439,-2\
.61574 -9.6582,-\
2.66602c-0.10286\
,-0.02067 -0.207\
6,-0.03049 -0.31\
25,-0.0293zM22.5\
,7.07617v2.42383\
c-0.00765,0.5409\
5 0.27656,1.0441\
2 0.74381,1.3168\
3c0.46725,0.2727\
1 1.04514,0.2727\
1 1.51238,0c0.46\
725,-0.27271 0.7\
5146,-0.77588 0.\
74381,-1.31683v-\
2.42383c2.104,0.\
18338 4.09012,0.\
75605 5.90234,1.\
63281l-1.24414,2\
.07812c-0.27992,\
0.46006 -0.29177\
,1.03486 -0.0310\
5,1.50606c0.2607\
2,0.4712 0.75401\
,0.7665 1.29249,\
0.77373c0.53848,\
0.00723 1.03951,\
-0.27473 1.31278\
,-0.73877l1.2460\
9,-2.08203c1.592\
49,1.15613 2.984\
74,2.57157 4.091\
8,4.20117l-2.132\
81,1.1875c-0.723\
79,0.40343 -0.98\
35,1.31722 -0.58\
008,2.04102c0.40\
343,0.72379 1.31\
722,0.9835 2.041\
02,0.58008l2.123\
05,-1.18164c0.74\
95,1.68175 1.235\
04,3.50623 1.402\
34,5.42578h-2.42\
383c-0.54095,-0.\
00765 -1.04412,0\
.27656 -1.31683,\
0.74381c-0.27271\
,0.46725 -0.2727\
1,1.04514 0,1.51\
238c0.27271,0.46\
725 0.77588,0.75\
146 1.31683,0.74\
381h2.42383c-0.7\
5821,8.69913 -8.\
02397,15.5 -16.9\
2383,15.5c-8.899\
85,0 -16.16562,-\
6.80087 -16.9238\
3,-15.5h2.42383c\
0.54095,0.00765 \
1.04412,-0.27656\
 1.31683,-0.7438\
1c0.27271,-0.467\
25 0.27271,-1.04\
514 0,-1.51238c-\
0.27271,-0.46725\
 -0.77588,-0.751\
46 -1.31683,-0.7\
4381h-2.42383c0.\
16731,-1.91956 0\
.65285,-3.74403 \
1.40234,-5.42578\
l2.12305,1.18164\
c0.72379,0.40343\
 1.63759,0.14372\
 2.04102,-0.5800\
8c0.40343,-0.723\
79 0.14372,-1.63\
759 -0.58008,-2.\
04102l-2.13281,-\
1.1875c1.10706,-\
1.6296 2.49931,-\
3.04505 4.0918,-\
4.20117l1.24609,\
2.08203c0.27327,\
0.46404 0.77431,\
0.746 1.31278,0.\
73877c0.53848,-0\
.00723 1.03176,-\
0.30252 1.29249,\
-0.77373c0.26072\
,-0.4712 0.24887\
,-1.046 -0.03105\
,-1.50606l-1.244\
14,-2.07812c1.81\
223,-0.87676 3.7\
9834,-1.44943 5.\
90234,-1.63281zM\
30.4707,15.98633\
c-0.38956,0.0113\
5 -0.75941,0.173\
86 -1.03125,0.45\
313l-4.66602,4.6\
6602c-0.25212,-0\
.06869 -0.51213,\
-0.10415 -0.7734\
4,-0.10547c-1.65\
685,0 -3,1.34315\
 -3,3c0,1.65685 \
1.34315,3 3,3c0.\
9322,-0.00049 1.\
8112,-0.4343 2.3\
7863,-1.1739c0.5\
6743,-0.73961 0.\
7588,-1.70096 0.\
51786,-2.60149l4\
.66406,-4.66406c\
0.4429,-0.43135 \
0.57582,-1.09023\
 0.33479,-1.6595\
5c-0.24103,-0.56\
932 -0.80665,-0.\
93247 -1.42463,-\
0.91467z\x22></path\
>\x0d\x0a            <\
/g>\x0d\x0a        </g\
>\x0d\x0a    </g>\x0d\x0a</s\
vg>\
\x00\x00\x07\x16\
<\
svg version=\x221.1\
\x22 xmlns=\x22http://\
www.w3.org/2000/\
svg\x22 xmlns:xlink\
=\x22http://www.w3.\
org/1999/xlink\x22\x0d\
\x0a    width=\x2248px\
\x22 height=\x2248px\x22 \
viewBox=\x220,0,256\
,256\x22>\x0d\x0a    <g t\
ransform=\x22transl\
ate(-19.2,-19.2)\
 scale(1.15,1.15\
)\x22>\x0d\x0a        <g \
fill=\x22#ffffff\x22 f\
ill-rule=\x22nonzer\
o\x22 stroke=\x22none\x22\
 stroke-width=\x221\
\x22 stroke-linecap\
=\x22butt\x22\x0d\x0a       \
     stroke-line\
join=\x22miter\x22 str\
oke-miterlimit=\x22\
10\x22 stroke-dasha\
rray=\x22\x22 stroke-d\
ashoffset=\x220\x22\x0d\x0a \
           font-\
family=\x22none\x22 fo\
nt-weight=\x22none\x22\
 font-size=\x22none\
\x22 text-anchor=\x22n\
one\x22\x0d\x0a          \
  style=\x22mix-ble\
nd-mode: normal\x22\
>\x0d\x0a            <\
g transform=\x22sca\
le(5.33333,5.333\
33)\x22>\x0d\x0a         \
       <path\x0d\x0a  \
                \
  d=\x22M24.00977,5\
c-0.57192,-0.003\
57 -1.09611,0.31\
837 -1.35156,0.8\
3008l-5.15234,10\
.30469l-12.23437\
,1.88281c-0.5584\
2,0.08629 -1.020\
98,0.47903 -1.19\
669,1.01606c-0.1\
7571,0.53703 -0.\
03476,1.12723 0.\
36466,1.52691l8.\
46289,8.46289l-1\
.88477,12.24805c\
-0.08598,0.55878\
 0.14949,1.11845\
 0.6091,1.44768c\
0.45961,0.32923 \
1.06528,0.37211 \
1.56668,0.11091l\
10.80664,-5.6386\
7l10.80664,5.638\
67c0.5014,0.2612\
 1.10708,0.21832\
 1.56668,-0.1109\
1c0.45961,-0.329\
23 0.69508,-0.88\
89 0.6091,-1.447\
68l-1.88477,-12.\
24805l8.46289,-8\
.46289c0.39941,-\
0.39968 0.54037,\
-0.98988 0.36466\
,-1.52691c-0.175\
71,-0.53703 -0.6\
3827,-0.92977 -1\
.19669,-1.01606l\
-12.23437,-1.882\
81l-5.15234,-10.\
30469c-0.25231,-\
0.50542 -0.76715\
,-0.82625 -1.332\
03,-0.83008zM24,\
9.85352l4.1582,8\
.31641c0.21736,0\
.43536 0.63237,0\
.73825 1.11328,0\
.8125l10.07422,1\
.55078l-6.90625,\
6.90625c-0.33793\
,0.33795 -0.4946\
2,0.81671 -0.421\
87,1.28906l1.548\
83,10.07031l-8.8\
7305,-4.62891c-0\
.4345,-0.22646 -\
0.95222,-0.22646\
 -1.38672,0l-8.8\
7305,4.62891l1.5\
4883,-10.07031c0\
.07274,-0.47236 \
-0.08394,-0.9511\
1 -0.42187,-1.28\
906l-6.90625,-6.\
90625l10.07422,-\
1.55078c0.48091,\
-0.07425 0.89593\
,-0.37714 1.1132\
8,-0.8125z\x22></pa\
th>\x0d\x0a           \
 </g>\x0d\x0a        <\
/g>\x0d\x0a    </g>\x0d\x0a<\
/svg>\
\x00\x00\x08t\
<\
svg version=\x221.1\
\x22 xmlns=\x22http://\
www.w3.org/2000/\
svg\x22 xmlns:xlink\
=\x22http://www.w3.\
org/1999/xlink\x22\x0d\
\x0a    width=\x2248px\
\x22 height=\x2248px\x22 \
viewBox=\x220,0,256\
,256\x22>\x0d\x0a    <g t\
ransform=\x22transl\
ate(-19.2,-19.2)\
 scale(1.15,1.15\
)\x22>\x0d\x0a        <g \
fill=\x22#ffffff\x22 f\
ill-rule=\x22nonzer\
o\x22 stroke=\x22none\x22\
 stroke-width=\x221\
\x22 stroke-linecap\
=\x22butt\x22\x0d\x0a       \
     stroke-line\
join=\x22miter\x22 str\
oke-miterlimit=\x22\
10\x22 stroke-dasha\
rray=\x22\x22 stroke-d\
ashoffset=\x220\x22\x0d\x0a \
           font-\
family=\x22none\x22 fo\
nt-weight=\x22none\x22\
 font-size=\x22none\
\x22 text-anchor=\x22n\
one\x22\x0d\x0a          \
  style=\x22mix-ble\
nd-mode: normal\x22\
>\x0d\x0a            <\
g transform=\x22sca\
le(5.33333,5.333\
33)\x22>\x0d\x0a         \
       <path\x0d\x0a  \
                \
  d=\x22M16.5,5c-0.\
54095,-0.00765 -\
1.04412,0.27656 \
-1.31683,0.74381\
c-0.27271,0.4672\
5 -0.27271,1.045\
14 0,1.51238c0.2\
7271,0.46725 0.7\
7588,0.75146 1.3\
1683,0.74381h0.5\
v11.79883c0,0.91\
508 -0.27994,1.8\
0889 -0.80078,2.\
56055l-9.40039,1\
3.57813c0,0.0006\
5 0,0.0013 0,0.0\
0195c-1.16634,1.\
68583 -1.04983,4\
.02085 0.37891,5\
.5957c0.93269,1.\
02906 2.23749,1.\
46484 3.47852,1.\
46484h26.6875c1.\
24102,0 2.54583,\
-0.43579 3.47852\
,-1.46484c1.4287\
4,-1.57486 1.545\
25,-3.90983 0.37\
891,-5.5957c0,-0\
.00065 0,-0.0013\
 0,-0.00195l-9.4\
0039,-13.57812c-\
0.52084,-0.75166\
 -0.80078,-1.645\
47 -0.80078,-2.5\
6055v-11.79883h0\
.5c0.54095,0.007\
65 1.04412,-0.27\
656 1.31683,-0.7\
4381c0.27271,-0.\
46725 0.27271,-1\
.04514 0,-1.5123\
8c-0.27271,-0.46\
725 -0.77588,-0.\
75146 -1.31683,-\
0.74381h-2h-11zM\
20,8h8v8h-8zM20,\
19h8v0.79883c0,1\
.52492 0.46482,3\
.01519 1.33398,4\
.26953l9.40039,1\
3.57813c0.3905,0\
.56593 0.37396,1\
.31444 -0.13281,\
1.87305c-0.00065\
,0.00065 -0.0013\
,0.0013 -0.00195\
,0.00195c-0.2571\
8,0.28399 -0.725\
39,0.47852 -1.25\
586,0.47852h-26.\
6875c-0.53047,0 \
-0.99863,-0.1944\
8 -1.25586,-0.47\
852c-0.00065,-0.\
00065 -0.0013,-0\
.0013 -0.00195,-\
0.00195c-0.50678\
,-0.55856 -0.523\
32,-1.30712 -0.1\
3281,-1.87305v-0\
.00195l9.40039,-\
13.57617c0.86916\
,-1.25434 1.3339\
8,-2.74461 1.333\
98,-4.26953zM21,\
26c-1.10457,0 -2\
,0.89543 -2,2c0,\
1.10457 0.89543,\
2 2,2c1.10457,0 \
2,-0.89543 2,-2c\
0,-1.10457 -0.89\
543,-2 -2,-2zM29\
.5,32c-1.38071,0\
 -2.5,1.11929 -2\
.5,2.5c0,1.38071\
 1.11929,2.5 2.5\
,2.5c1.38071,0 2\
.5,-1.11929 2.5,\
-2.5c0,-1.38071 \
-1.11929,-2.5 -2\
.5,-2.5z\x22></path\
>\x0d\x0a            <\
/g>\x0d\x0a        </g\
>\x0d\x0a    </g>\x0d\x0a</s\
vg>\
\x00\x00\x07\xbe\
<\
svg version=\x221.1\
\x22 xmlns=\x22http://\
www.w3.org/2000/\
svg\x22 xmlns:xlink\
=\x22http://www.w3.\
org/1999/xlink\x22\x0d\
\x0a    width=\x2248px\
\x22 height=\x2248px\x22 \
viewBox=\x220,0,256\
,256\x22>\x0d\x0a    <g t\
ransform=\x22transl\
ate(-19.2,-19.2)\
 scale(1.15,1.15\
)\x22>\x0d\x0a        <g \
fill=\x22#ffffff\x22 f\
ill-rule=\x22nonzer\
o\x22 stroke=\x22none\x22\
 stroke-width=\x221\
\x22 stroke-linecap\
=\x22butt\x22\x0d\x0a       \
     stroke-line\
join=\x22miter\x22 str\
oke-miterlimit=\x22\
10\x22 stroke-dasha\
rray=\x22\x22 stroke-d\
ashoffset=\x220\x22\x0d\x0a \
           font-\
family=\x22none\x22 fo\
nt-weight=\x22none\x22\
 font-size=\x22none\
\x22 text-anchor=\x22n\
one\x22\x0d\x0a          \
  style=\x22mix-ble\
nd-mode: normal\x22\
>\x0d\x0a            <\
g transform=\x22tra\
nslate(256.05657\
,0.05658) rotate\
(90) scale(5.333\
33,5.33333)\x22>\x0d\x0a \
               <\
path\x0d\x0a          \
          d=\x22M13\
.47852,5c-0.3903\
4,0.00571 -0.763\
08,0.16335 -1.03\
906,0.43945l-7,7\
c-0.39185,0.3762\
3 -0.54969,0.934\
9 -0.41265,1.460\
55c0.13704,0.525\
65 0.54754,0.936\
16 1.07319,1.073\
19c0.52565,0.137\
04 1.08432,-0.02\
081 1.46055,-0.4\
1265l4.43945,-4.\
43945v31.37891c-\
0.00765,0.54095 \
0.27656,1.04412 \
0.74381,1.31683c\
0.46725,0.27271 \
1.04514,0.27271 \
1.51238,0c0.4672\
5,-0.27271 0.751\
46,-0.77588 0.74\
381,-1.31683v-31\
.37891l4.43945,4\
.43945c0.37623,0\
.39185 0.9349,0.\
54969 1.46055,0.\
41265c0.52565,-0\
.13704 0.93616,-\
0.54754 1.07319,\
-1.07319c0.13704\
,-0.52565 -0.020\
8,-1.08432 -0.41\
265,-1.46055l-7,\
-7c-0.28651,-0.2\
8663 -0.6768,-0.\
44514 -1.08203,-\
0.43945zM34.4785\
2,5c-0.39034,0.0\
0571 -0.76308,0.\
16335 -1.03906,0\
.43945l-7,7c-0.3\
9185,0.37623 -0.\
54969,0.9349 -0.\
41265,1.46055c0.\
13704,0.52565 0.\
54754,0.93616 1.\
07319,1.07319c0.\
52565,0.13704 1.\
08432,-0.0208 1.\
46055,-0.41265l4\
.43945,-4.43945v\
31.37891c-0.0076\
5,0.54095 0.2765\
6,1.04412 0.7438\
1,1.31683c0.4672\
5,0.27271 1.0451\
4,0.27271 1.5123\
8,0c0.46725,-0.2\
7271 0.75146,-0.\
77588 0.74381,-1\
.31683v-31.37891\
l4.43945,4.43945\
c0.37623,0.39185\
 0.9349,0.54969 \
1.46055,0.41265c\
0.52565,-0.13704\
 0.93616,-0.5475\
4 1.07319,-1.073\
19c0.13704,-0.52\
565 -0.0208,-1.0\
8432 -0.41265,-1\
.46055l-7,-7c-0.\
28651,-0.28663 -\
0.6768,-0.44514 \
-1.08203,-0.4394\
5z\x22></path>\x0d\x0a   \
         </g>\x0d\x0a \
       </g>\x0d\x0a   \
 </g>\x0d\x0a</svg>\
\x00\x00\x06\xa7\
<\
svg version=\x221.1\
\x22 xmlns=\x22http://\
www.w3.org/2000/\
svg\x22 xmlns:xlink\
=\x22http://www.w3.\
org/1999/xlink\x22\x0d\
\x0a    width=\x2248px\
\x22 height=\x2248px\x22 \
viewBox=\x220,0,256\
,256\x22>\x0d\x0a    <g t\
ransform=\x22transl\
ate(-25.6,-25.6)\
 scale(1.2,1.2)\x22\
>\x0d\x0a        <g fi\
ll=\x22#ffffff\x22 fil\
l-rule=\x22nonzero\x22\
 stroke=\x22none\x22 s\
troke-width=\x221\x22 \
stroke-linecap=\x22\
butt\x22\x0d\x0a         \
   stroke-linejo\
in=\x22miter\x22 strok\
e-miterlimit=\x2210\
\x22 stroke-dasharr\
ay=\x22\x22 stroke-das\
hoffset=\x220\x22\x0d\x0a   \
         font-fa\
mily=\x22none\x22 font\
-weight=\x22none\x22 f\
ont-size=\x22none\x22 \
text-anchor=\x22non\
e\x22\x0d\x0a            \
style=\x22mix-blend\
-mode: normal\x22>\x0d\
\x0a            <g \
transform=\x22scale\
(5.33333,5.33333\
)\x22>\x0d\x0a           \
     <path\x0d\x0a    \
                \
d=\x22M10.5,6c-0.18\
95,0 -0.37592,0.\
01048 -0.56055,0\
.0293c-0.36797,0\
.0375 -0.72526,0\
.11203 -1.06836,\
0.21875c-1.72387\
,0.5362 -3.08685\
,1.89917 -3.6230\
5,3.62305c-0.106\
72,0.3431 -0.181\
25,0.70039 -0.21\
875,1.06836c-0.0\
0007,0.00064 0.0\
0007,0.00131 0,0\
.00195c-0.01869,\
0.18401 -0.0293,\
0.36975 -0.0293,\
0.55859v2v23c0,3\
.01977 2.48023,5\
.5 5.5,5.5h27c3.\
01977,0 5.5,-2.4\
8023 5.5,-5.5v-2\
3v-2c0,-0.1894 -\
0.01026,-0.37587\
 -0.0293,-0.5605\
5c-0.0375,-0.367\
97 -0.11203,-0.7\
2526 -0.21875,-1\
.06836c-0.5362,-\
1.72387 -1.89917\
,-3.08685 -3.623\
05,-3.62305c-0.3\
431,-0.10672 -0.\
70039,-0.18125 -\
1.06836,-0.21875\
c-0.00064,-0.000\
07 -0.00131,0.00\
007 -0.00195,0c-\
0.18405,-0.0189 \
-0.36986,-0.0293\
 -0.55859,-0.029\
3zM32.5,9c0.828,\
0 1.5,0.672 1.5,\
1.5c0,0.828 -0.6\
72,1.5 -1.5,1.5c\
-0.828,0 -1.5,-0\
.672 -1.5,-1.5c0\
,-0.828 0.672,-1\
.5 1.5,-1.5zM37.\
5,9c0.828,0 1.5,\
0.672 1.5,1.5c0,\
0.828 -0.672,1.5\
 -1.5,1.5c-0.828\
,0 -1.5,-0.672 -\
1.5,-1.5c0,-0.82\
8 0.672,-1.5 1.5\
,-1.5zM8,15h32v2\
1.5c0,1.39823 -1\
.10177,2.5 -2.5,\
2.5h-27c-1.39823\
,0 -2.5,-1.10177\
 -2.5,-2.5z\x22></p\
ath>\x0d\x0a          \
  </g>\x0d\x0a        \
</g>\x0d\x0a    </g>\x0d\x0a\
</svg>\
\x00\x00\x03!\
\x00\
\x00\x0c\xedx\xda\xedWMs\x9b@\x0c\xbdw\xa6\xff\
ag{If\xac\xf5~\x00\xbbdL\x0e\xbd\xe7G\
P\x8cm\x1a\x0c\x1e \xb1\xe3__- \xec\xe0\x1e\
\xda[\x0e\xde\x19\xcc\xea!\xe9=i\x89\x86\xac\xda\xf7\
-{\xcf\x9b\xb6\xa8\xab\x84+\xa18;\xed\xcb\xaaM\
\xf8\xae\xeb\x0eO\xcb\xe5\xf1x\x14G#\xeaf\xbb\xd4\
R\xca%\xfa\x8f.O\xa7\xb2\xa8^\xff\xe6\xa8\xe28\
^\xf6O\xf9\xf7o\x0c\xd7\xb1Xw\xbb\x84\x07\xeep\
\xe2l\x97\x17\xdb]G\xd6{\x91\x1f\x7f\xd6\xa7\x84\xcb\
\x85\x5c\xe80\xf2\x17\x7f\x1e\xc2V[\xd65i\xd5n\
\xeaf\x9f\xf0~[\xa6]\xfe\x00:\x14\xd1\xa2\xff}\
dm\x96\x96\xf9\x83\x12z\x81\xd7#\x85\x8e\xe1\x9b\xa2\
,\x13\xfec\xd3/\xde\x9b\xd0\xbc\x95y\xc2\xab\xba:\
\xe7M\xcdY\xdb5\xf5\xeb\x00\xe4d\xc1(XM\x00\
\x16\x93g\xe9!\xe1\xbf\xde\xba\x8e_8\xfc\xbar\xf9\
]\x17\xd8\xc6}\xd1\xe5\xcd\x14\xda[e\x817L(\
'x\x9d\xb6\xbb\xb4i\xd2\x8f\x84\x7f\xc2\xea\xcd\xa6\xcd\
\xd1U\xceX6u\xd5\xc1&\xdd\x17\xe5\x07\x89\xed\xa1\
\xe3\xd8\xce+\xa8-\xceSA]~\xea \xad\xb2]\
\xdd\x8c\xd0\x5c\xfc\x87o\xc7\xbe8\xc1\xaf2\xaf\xd6\xb0\
\xaf\xd7\xf9\x13\xab\xb0\xe5iy\xdd\xcd\xdb\x03\x19:\x1f\
\x0a\xe3\xd7b\xbc?\xcec\xfa\xb8C\xda\xedna\xbf\
\xd6\x09\x7fQR\x84\x8b0\x03#$&\x92\x0cB\xb4\
\xb5\x08\x227l\xf1\xca\xe4\xc2?\xd5\xcc\xc3\xd6#\x8c\
\x9eP\x94\xb7a\x88\xea\xb7C\x14\x0ca0\xc4yp\
\xc8\xe9\x7f\xce/\xda3\xc7\x19\xe0-\x901\xa2RH\
i#\xf4QB\x06\x81\xd2\x0b)4\xda\x91\x07\x8c\x8a\
\x1c\x12\x09\x1b\x18\xa7|\x8c\xb6\xda*\x040\xb3\xc6\x10\
\x02|h\xa8\x02&q\x17*m\x5c6w\xc5\x1c6\
t\xce\xe7B\xc7\x88\xcdr\xef\xb4\xcaH\x11\x09\x22=\
@\x82(\x06H\x10\x91\xc0\x85e\x04.\x82\x80\x14\xc1\
\x8d7\x90( U0\xa78\x0f'\xa5\x1cv\x16\x1f\
Z\xe9\x86\xe32B\xd98\xf4\xbd\x8a\xe2 2\x0c\x02\
\xa1\xb4\x921\xd6oC\x13\xf7\xbd\x8a\x03\x15:\xdf\x9a\
0\xd6\xb6Om]\xac\xfc)+\xac\xe7\x02\x18\xa4\x8a\
d\x9c\xf9\xe6\xf5/\x14\x96\x11\x18\x8bDZD.r\
\x9a\xddx\xcer\x8f)\x89\x9c\xcd\xc5\x5c\x84\x93n \
\xe1\xe4\x0a\xe4K\xb9\x81\x92\x139\x90\xf0\x09\xb8\x08\x07\
R\x0e$\x1dH;\xdc\xb8\xc3\x0d\x05\xa5\x9eT\x5c\xfa\
I\xc8x\x10Z\xf9W\x5c\xc4\xe1P\x8e\x12\x81\xb3\xca\
\xbf2F\x86\xc6ku=\x97\x9c\x1a\x85\xa1\x98\x17U\
\x05\xd2\xfa\xc6Fcc\xa4\xb3:\xb8\xb2\xc7\xe2\xfd\x81\
\xe2\xb2\xfd\xab\xadc\x13\xf83QF9\x0fD\xf3\x13\
\xfe\x9c\xdc\xd7\xa5eh\x89\xdd\x97\xfeY\x0e\x5c\x94\x03\
I\x07\xd2>y\xc3\x95\xfb\xc0\x00W\x14\x11\xb5e\xa8\
\xe0\x1a\xa1\x1a\x80\x8a\xa0\x1a\x80\x8a\xb8u\x9e3P\x0d\
$\x82\xcdU\x8d\x13Dk\xff\x17q\x1f\x22\xff1D\
\x8c\xbe\x8f\x90/0B\xcc}\x80|\x85\x01b\xa2\xfb\
\xf8\xf8\xc7\xf1\xc1\x9fWK\xff99\xff4]n\xaf\
?\xfd'k\xd8\xad\xfc\xff-\xcf\x7f\x00.\x0f\xcb\xdf\
\
\x00\x00\x06\xa9\
<\
svg version=\x221.1\
\x22 xmlns=\x22http://\
www.w3.org/2000/\
svg\x22 xmlns:xlink\
=\x22http://www.w3.\
org/1999/xlink\x22\x0d\
\x0a    width=\x2248px\
\x22 height=\x2248px\x22 \
viewBox=\x220,0,256\
,256\x22>\x0d\x0a    <g t\
ransform=\x22transl\
ate(-12.8,-12.8)\
 scale(1.1,1.1)\x22\
>\x0d\x0a        <g fi\
ll=\x22#ffffff\x22 fil\
l-rule=\x22nonzero\x22\
 stroke=\x22none\x22 s\
troke-width=\x221\x22 \
stroke-linecap=\x22\
butt\x22\x0d\x0a         \
   stroke-linejo\
in=\x22miter\x22 strok\
e-miterlimit=\x2210\
\x22 stroke-dasharr\
ay=\x22\x22 stroke-das\
hoffset=\x220\x22\x0d\x0a   \
         font-fa\
mily=\x22none\x22 font\
-weight=\x22none\x22 f\
ont-size=\x22none\x22 \
text-anchor=\x22non\
e\x22\x0d\x0a            \
style=\x22mix-blend\
-mode: normal\x22>\x0d\
\x0a            <g \
transform=\x22scale\
(5.33333,5.33333\
)\x22>\x0d\x0a           \
     <path\x0d\x0a    \
                \
d=\x22M19.5,4c-0.54\
095,-0.00765 -1.\
04412,0.27656 -1\
.31683,0.74381c-\
0.27271,0.46725 \
-0.27271,1.04514\
 0,1.51238c0.272\
71,0.46725 0.775\
88,0.75146 1.316\
83,0.74381h2.5v3\
4h-2.5c-0.54095,\
-0.00765 -1.0441\
2,0.27656 -1.316\
83,0.74381c-0.27\
271,0.46725 -0.2\
7271,1.04514 0,1\
.51238c0.27271,0\
.46725 0.77588,0\
.75146 1.31683,0\
.74381h3.75391c0\
.16103,0.02645 0\
.3253,0.02645 0.\
48633,0h3.75977c\
0.54095,0.00765 \
1.04412,-0.27656\
 1.31683,-0.7438\
1c0.27271,-0.467\
25 0.27271,-1.04\
514 0,-1.51238c-\
0.27271,-0.46725\
 -0.77588,-0.751\
46 -1.31683,-0.7\
4381h-2.5v-34h2.\
5c0.54095,0.0076\
5 1.04412,-0.276\
56 1.31683,-0.74\
381c0.27271,-0.4\
6725 0.27271,-1.\
04514 0,-1.51238\
c-0.27271,-0.467\
25 -0.77588,-0.7\
5146 -1.31683,-0\
.74381zM10.5,10c\
-3.57194,0 -6.5,\
2.92806 -6.5,6.5\
v15c0,3.57194 2.\
92806,6.5 6.5,6.\
5h9.5v-3h-9.5c-1\
.95006,0 -3.5,-1\
.54994 -3.5,-3.5\
v-15c0,-1.95006 \
1.54994,-3.5 3.5\
,-3.5h9.5v-3zM27\
,10v3h9.5c1.9500\
6,0 3.5,1.54994 \
3.5,3.5v15c0,1.9\
5006 -1.54994,3.\
5 -3.5,3.5h-9.5v\
3h9.5c3.57194,0 \
6.5,-2.92806 6.5\
,-6.5v-15c0,-3.5\
7194 -2.92806,-6\
.5 -6.5,-6.5z\x22><\
/path>\x0d\x0a        \
    </g>\x0d\x0a      \
  </g>\x0d\x0a    </g>\
\x0d\x0a</svg>\
\x00\x00\x02=\
\x00\
\x00\x081x\xda\xedU\xcbn\xa30\x14\xdd\x8f4\xff\
`y6\xad\x84\xc1\x0f\xcc#\x0aY\xcc\xbe\x1fA\x89\
\x09\x9e\x02\x8e\xc0\x0d$_?6\xe0$%]t\xd9\
E-a\xfb\x1e\xdf\xc7\xf1=\x92\xd9\xf6\xa7\x038\x89\
\xae\x97\xaa\xcd \xf1\x09\x04cS\xb7}\x06+\xad\x8f\
\x9b \x18\x86\xc1\x1f\x98\xaf\xbaC@1\xc6\x81\xf1_\
\x5c6c-\xdb\xb7\xcf\x1cI\x9a\xa6\xc1t\x0a\x7f\xff\
\x02f\x0cr\xaf\xab\x0c\x86\xc9q\x84\xa0\x12\xf2Pi\
g\x9d\xa4\x18\xfe\xaa1\x83\xd8\xc3\x1e\xe5\x91\xfd\xe0n\
\x0e\xdb\x1e\x80\xee\xf2\xb6/U\xd7dp\xda\xd6\xb9\x16\
O\x88\xa4>\xf5\xa6\xf9\x19\xf4E^\x8b'\xc3\x9c{\
vzv\xc1K\x82R\xd6u\x06\xff\x94\xd3\x80\x93\x89\
\xba\xf7Zd\xb0U\xedEt\x0a\x82^w\xeam\x06\
\x84\xb3\xd0B\x99\x5c\x01s\x1dQ\xe4\xc7\x0c\xbe\xbek\
\x0do5\xec\xb8s\xf9\xa7\xa4id#\xb5\xe8\xae\xa1\
\x93UK\xb3\x98\x84\xf8\x0a\xef\xf3\xbe\xca\xbb.?g\
\xf0\x03\xa6\xca\xb2\x17\xc6\x15\xaf\xaa\x94\xaa\xd5\xa8\xcc\x1b\
Y\x9f\x1d\xd9\x09\x1a\x96\x86\xdeA\xbd\xbc\x5c/\xa4\xc5\
\xa8Q\xde\x16\x95\xea\x16hM\xfel\xdb\xd1\xc8\x11\xbd\
\xd6\xa2\xdd\xa3F\xed\xc5\x06\xb4\xa6\xe9y}\xdf\xcdG\
I\xe6\xdes\x9f\xd9\xe1-\xeb\xf3:f\x8a;\xe6\xba\
z\x84\xed\xd8g\xf0%\xf6\xb9\xc7\x0bD|\x161\x9e\
z\x18 \xeaOz\xb2($\xb3a\xbeST`o\
\xf1\x01\xcb\xa1\xc5\xc1r^E\xc5-\x83\xc5\x90\xcb0\
\x196\x03\xb2)\x5c\x1d\xe0\xce\xa7\xb3\xb9\x8c\x9d./\
\x89\x97T\xfc\xc4+d\xf6\x14\x1b8-\x90YB\x9c\
\x1a\x0f\xecc\x1cG\xdcF\xe30$\xd4\xc3>5v\
d\x01F\xa2\x84\x19 \x0eYBl\x0c\x8diL\x0c\
\x10F15!\x0e\xb0\xa1\x9c\x84\xc0\xde\x87\x13\xca\x92\
b\xedjr\xc4<Il.\xe3\x18\x81U\xee\x8a\x92\
\xc21r\x84\x1c\x1f\xe4\x08\xb9\x18\xe4\x08\xb9\x22\xe8V\
e\x01n\x84\x90c\x84\x1e\xbc\x91#\x85\x1c+\xb4.\
q\x99\xb4$\x89\xff\xbd\xe4\xa4\xe6R\x1f\x15\xa5\xd4R\
\xfc\x11\xf5\xeb\xa22\xfa\xad$e+AY\xf4#\xe7\
\x17\xe5\x84\xbbm`\x1f\xe4\xf5\xe3\x1e\x1c\xee\x7f\x9eW\
k\xdem\xed\xbf\x7f\xf7\x1f9\xf5\xe0j\
\x00\x00\x05\xa1\
<\
svg version=\x221.1\
\x22 xmlns=\x22http://\
www.w3.org/2000/\
svg\x22 xmlns:xlink\
=\x22http://www.w3.\
org/1999/xlink\x22\x0d\
\x0a    width=\x2248px\
\x22 height=\x2248px\x22 \
viewBox=\x220,0,256\
,256\x22>\x0d\x0a    <g t\
ransform=\x22transl\
ate(-32,-32) sca\
le(1.25,1.25)\x22>\x0d\
\x0a        <g fill\
=\x22#000000\x22 fill-\
rule=\x22nonzero\x22 s\
troke=\x22none\x22 str\
oke-width=\x221\x22 st\
roke-linecap=\x22bu\
tt\x22\x0d\x0a           \
 stroke-linejoin\
=\x22miter\x22 stroke-\
miterlimit=\x2210\x22 \
stroke-dasharray\
=\x22\x22 stroke-dasho\
ffset=\x220\x22\x0d\x0a     \
       font-fami\
ly=\x22none\x22 font-w\
eight=\x22none\x22 fon\
t-size=\x22none\x22 te\
xt-anchor=\x22none\x22\
\x0d\x0a            st\
yle=\x22mix-blend-m\
ode: normal\x22>\x0d\x0a \
           <g tr\
ansform=\x22scale(5\
.33333,5.33333)\x22\
>\x0d\x0a             \
   <path\x0d\x0a      \
              d=\
\x22M40.5,6c-0.3837\
5,0 -0.76755,0.1\
4645 -1.06055,0.\
43945l-17.97656,\
17.97852l-1.4628\
9,3.58203l3.5820\
3,-1.46289l17.97\
852,-17.97656c0.\
585,-0.586 0.585\
,-1.53509 0,-2.1\
2109c-0.293,-0.2\
93 -0.6768,-0.43\
945 -1.06055,-0.\
43945zM12.5,7c-3\
.01977,0 -5.5,2.\
48023 -5.5,5.5v2\
3c0,3.01977 2.48\
023,5.5 5.5,5.5h\
23c3.01977,0 5.5\
,-2.48023 5.5,-5\
.5v-17c0.00765,-\
0.54095 -0.27656\
,-1.04412 -0.743\
81,-1.31683c-0.4\
6725,-0.27271 -1\
.04514,-0.27271 \
-1.51238,0c-0.46\
725,0.27271 -0.7\
5146,0.77588 -0.\
74381,1.31683v17\
c0,1.39823 -1.10\
177,2.5 -2.5,2.5\
h-23c-1.39823,0 \
-2.5,-1.10177 -2\
.5,-2.5v-23c0,-1\
.39823 1.10177,-\
2.5 2.5,-2.5h17c\
0.54095,0.00765 \
1.04412,-0.27656\
 1.31683,-0.7438\
1c0.27271,-0.467\
25 0.27271,-1.04\
514 0,-1.51238c-\
0.27271,-0.46725\
 -0.77588,-0.751\
46 -1.31683,-0.7\
4381z\x22></path>\x0d\x0a\
            </g>\
\x0d\x0a        </g>\x0d\x0a\
    </g>\x0d\x0a</svg>\
\
\x00\x00\x067\
<\
svg version=\x221.1\
\x22 xmlns=\x22http://\
www.w3.org/2000/\
svg\x22 xmlns:xlink\
=\x22http://www.w3.\
org/1999/xlink\x22\x0d\
\x0a    width=\x2248px\
\x22 height=\x2248px\x22 \
viewBox=\x220,0,256\
,256\x22>\x0d\x0a    <g t\
ransform=\x22transl\
ate(-19.2,-19.2)\
 scale(1.15,1.15\
)\x22>\x0d\x0a        <g \
fill=\x22#ffffff\x22 f\
ill-rule=\x22nonzer\
o\x22 stroke=\x22none\x22\
 stroke-width=\x221\
\x22 stroke-linecap\
=\x22butt\x22\x0d\x0a       \
     stroke-line\
join=\x22miter\x22 str\
oke-miterlimit=\x22\
10\x22 stroke-dasha\
rray=\x22\x22 stroke-d\
ashoffset=\x220\x22\x0d\x0a \
           font-\
family=\x22none\x22 fo\
nt-weight=\x22none\x22\
 font-size=\x22none\
\x22 text-anchor=\x22n\
one\x22\x0d\x0a          \
  style=\x22mix-ble\
nd-mode: normal\x22\
>\x0d\x0a            <\
g transform=\x22sca\
le(5.33333,5.333\
33)\x22>\x0d\x0a         \
       <path\x0d\x0a  \
                \
  d=\x22M12.5,5c-3.\
01977,0 -5.5,2.4\
8023 -5.5,5.5v27\
c0,3.01977 2.480\
23,5.5 5.5,5.5h1\
3c3.01977,0 5.5,\
-2.48023 5.5,-5.\
5v-9.5h-3v9.5c0,\
1.39823 -1.10177\
,2.5 -2.5,2.5h-1\
3c-1.39823,0 -2.\
5,-1.10177 -2.5,\
-2.5v-27c0,-1.39\
823 1.10177,-2.5\
 2.5,-2.5h13c1.3\
9823,0 2.5,1.101\
77 2.5,2.5v9.5h3\
v-9.5c0,-3.01977\
 -2.48023,-5.5 -\
5.5,-5.5zM21.470\
7,15.48633c-0.38\
956,0.01135 -0.7\
5941,0.17386 -1.\
03125,0.45313l-7\
,7c-0.58555,0.58\
579 -0.58555,1.5\
353 0,2.12109l7,\
7c0.37623,0.3918\
5 0.9349,0.54969\
 1.46055,0.41265\
c0.52565,-0.1370\
4 0.93616,-0.547\
54 1.07319,-1.07\
319c0.13704,-0.5\
2565 -0.0208,-1.\
08432 -0.41265,-\
1.46055l-4.43945\
,-4.43945h23.378\
91c0.54095,0.007\
65 1.04412,-0.27\
656 1.31683,-0.7\
4381c0.27271,-0.\
46725 0.27271,-1\
.04514 0,-1.5123\
8c-0.27271,-0.46\
725 -0.77588,-0.\
75146 -1.31683,-\
0.74381h-23.3789\
1l4.43945,-4.439\
45c0.4429,-0.431\
35 0.57582,-1.09\
023 0.33479,-1.6\
5955c-0.24103,-0\
.56932 -0.80665,\
-0.93247 -1.4246\
3,-0.91467z\x22></p\
ath>\x0d\x0a          \
  </g>\x0d\x0a        \
</g>\x0d\x0a    </g>\x0d\x0a\
</svg>\
\x00\x00\x10\x04\
<\
svg version=\x221.1\
\x22 xmlns=\x22http://\
www.w3.org/2000/\
svg\x22 xmlns:xlink\
=\x22http://www.w3.\
org/1999/xlink\x22\x0d\
\x0a    width=\x2248px\
\x22 height=\x2248px\x22 \
viewBox=\x220,0,256\
,256\x22>\x0d\x0a    <g t\
ransform=\x22transl\
ate(-19.2,-19.2)\
 scale(1.15,1.15\
)\x22>\x0d\x0a        <g \
fill=\x22#E84A4A\x22 f\
ill-rule=\x22nonzer\
o\x22 stroke=\x22none\x22\
 stroke-width=\x221\
\x22 stroke-linecap\
=\x22butt\x22\x0d\x0a       \
     stroke-line\
join=\x22miter\x22 str\
oke-miterlimit=\x22\
10\x22 stroke-dasha\
rray=\x22\x22 stroke-d\
ashoffset=\x220\x22\x0d\x0a \
           font-\
family=\x22none\x22 fo\
nt-weight=\x22none\x22\
 font-size=\x22none\
\x22 text-anchor=\x22n\
one\x22\x0d\x0a          \
  style=\x22mix-ble\
nd-mode: normal\x22\
>\x0d\x0a            <\
g transform=\x22sca\
le(5.33333,5.333\
33)\x22>\x0d\x0a         \
       <path\x0d\x0a  \
                \
  d=\x22M24,4c-3.39\
502,0 -6.12807,2\
.67094 -6.39844,\
6h-11.10156c-0.5\
4095,-0.00765 -1\
.04412,0.27656 -\
1.31683,0.74381c\
-0.27271,0.46725\
 -0.27271,1.0451\
4 0,1.51238c0.27\
271,0.46725 0.77\
588,0.75146 1.31\
683,0.74381h1.67\
969l3.38281,26.2\
0313c0.353,2.734\
 2.69908,4.79688\
 5.45508,4.79688\
h6.61523c-0.855,\
-0.889 -1.5822,-\
1.897 -2.1582,-3\
h-4.45898c-1.253\
,0 -2.31752,-0.9\
3769 -2.47852,-2\
.17969l-3.33203,\
-25.82031h25.587\
89l-1.19336,9.26\
172c1.017,0.206 \
1.98344,0.5417 2\
.89844,0.9707l1.\
32031,-10.23242h\
1.68164c0.54095,\
0.00765 1.04412,\
-0.27656 1.31683\
,-0.74381c0.2727\
1,-0.46725 0.272\
71,-1.04514 0,-1\
.51238c-0.27271,\
-0.46725 -0.7758\
8,-0.75146 -1.31\
683,-0.74381h-11\
.10156c-0.27037,\
-3.32906 -3.0034\
2,-6 -6.39844,-6\
zM24,7c1.77204,0\
 3.15195,1.30305\
 3.40039,3h-6.80\
078c0.24845,-1.6\
9695 1.62835,-3 \
3.40039,-3zM33,2\
4c-6.075,0 -11,4\
.925 -11,11c0,6.\
075 4.925,11 11,\
11c6.075,0 11,-4\
.925 11,-11c0,-6\
.075 -4.925,-11 \
-11,-11zM38,29c0\
.11338,0 0.22593\
,0.02607 0.33398\
,0.06445c0.03843\
,0.01367 0.07447\
,0.03422 0.11133\
,0.05273c0.09277\
,0.0468 0.1843,0\
.09817 0.26172,0\
.17578c0.08221,0\
.08221 0.13791,0\
.1802 0.18555,0.\
2793c0.01373,0.0\
287 0.03018,0.05\
63 0.04102,0.085\
94c0.08101,0.221\
23 0.08247,0.462\
43 0.00195,0.683\
59c-0.0119,0.032\
62 -0.03147,0.06\
226 -0.04687,0.0\
9375c-0.04734,0.\
09654 -0.10123,0\
.19128 -0.18164,\
0.27148l-4.29297\
,4.29297c2.195,2\
.194 4.20497,4.2\
0497 4.29297,4.2\
9297c0.07876,0.0\
7876 0.1307,0.17\
315 0.17773,0.26\
758c0.01711,0.03\
458 0.03792,0.06\
756 0.05078,0.10\
352c0.03921,0.10\
92 0.06445,0.221\
34 0.06445,0.335\
94c0,0.11338 -0.\
02607,0.22593 -0\
.06445,0.33398c-\
0.01367,0.03843 \
-0.03422,0.07447\
 -0.05273,0.1113\
3c-0.0468,0.0927\
7 -0.09817,0.184\
3 -0.17578,0.261\
72c-0.08221,0.08\
221 -0.1802,0.13\
791 -0.2793,0.18\
555c-0.0287,0.01\
373 -0.0563,0.03\
018 -0.08594,0.0\
4102c-0.22123,0.\
08101 -0.46243,0\
.08247 -0.68359,\
0.00195c-0.03263\
,-0.0119 -0.0622\
6,-0.03147 -0.09\
375,-0.04687c-0.\
09654,-0.04734 -\
0.19128,-0.10123\
 -0.27148,-0.181\
64l-4.29297,-4.2\
9297l-4.29297,4.\
29297c-0.07876,0\
.07876 -0.17315,\
0.1307 -0.26758,\
0.17773c-0.03458\
,0.01711 -0.0675\
6,0.03792 -0.103\
52,0.05078c-0.10\
92,0.03921 -0.22\
134,0.06445 -0.3\
3594,0.06445c-0.\
11338,0 -0.22593\
,-0.02607 -0.333\
98,-0.06445c-0.0\
3843,-0.01367 -0\
.07447,-0.03422 \
-0.11133,-0.0527\
3c-0.09277,-0.04\
68 -0.1843,-0.09\
817 -0.26172,-0.\
17578c-0.08221,-\
0.08221 -0.13791\
,-0.1802 -0.1855\
5,-0.2793c-0.013\
73,-0.0287 -0.03\
018,-0.0563 -0.0\
4102,-0.08594c-0\
.08101,-0.22123 \
-0.08247,-0.4624\
3 -0.00195,-0.68\
359c0.0119,-0.03\
263 0.03147,-0.0\
6226 0.04688,-0.\
09375c0.04734,-0\
.09654 0.10123,-\
0.19128 0.18164,\
-0.27148c0.088,-\
0.088 2.09797,-2\
.09897 4.29297,-\
4.29297l-4.29297\
,-4.29297c-0.078\
76,-0.07876 -0.1\
307,-0.17315 -0.\
17773,-0.26758c-\
0.01711,-0.03458\
 -0.03792,-0.067\
56 -0.05078,-0.1\
0352c-0.03921,-0\
.1092 -0.06445,-\
0.22134 -0.06445\
,-0.33594c0,-0.1\
1338 0.02607,-0.\
22593 0.06445,-0\
.33398c0.01367,-\
0.03843 0.03422,\
-0.07447 0.05273\
,-0.11133c0.0468\
,-0.09277 0.0981\
7,-0.1843 0.1757\
8,-0.26172c0.093\
63,-0.09363 0.20\
363,-0.16215 0.3\
1836,-0.21094c0.\
0178,-0.00755 0.\
03656,-0.01111 0\
.05469,-0.01758c\
0.09531,-0.03401\
 0.19307,-0.0524\
7 0.29297,-0.056\
64c0.02215,-0.00\
092 0.04424,-0.0\
0445 0.06641,-0.\
00391c0.11335,0.\
0029 0.22676,0.0\
2317 0.33398,0.0\
6445c0.01836,0.0\
0709 0.03474,0.0\
1913 0.05273,0.0\
2734c0.10597,0.0\
4832 0.2078,0.10\
992 0.29492,0.19\
727c0.088,0.088 \
2.09897,2.09797 \
4.29297,4.29297l\
4.29297,-4.29297\
c0.07876,-0.0787\
6 0.17315,-0.130\
7 0.26758,-0.177\
73c0.03458,-0.01\
711 0.06756,-0.0\
3792 0.10352,-0.\
05078c0.1092,-0.\
03921 0.22134,-0\
.06445 0.33594,-\
0.06445z\x22></path\
>\x0d\x0a            <\
/g>\x0d\x0a        </g\
>\x0d\x0a    </g>\x0d\x0a</s\
vg>\
\x00\x00\x02\xd8\
\x00\
\x00\x0b#x\xda\xedVMo\xdb0\x0c\xbd\x0f\xd8\x7f\
0\xb4K\x0bH\x8a\xa8O\xab\x88{\xd8\xbd?\xc2K\
\x9c\xd8\xabc\x07\xb6\xdb\xa4\xf9\xf5\xa3\x14;\xcd\xdc\x01\
\xdbn\x1dV\x01\x89\xc4\xe7G\xf2\x91f\x02-\xfb\xe7\
m\xf2\x5ct}\xd56\x19\x01\x0e$9\xee\xea\xa6\xcf\
H9\x0c\xfb\xbb\xc5\xe2p8\xf0\x83\xe2m\xb7]H\
!\xc4\x02\xf9#\xe5\xeeXW\xcd\xe3\xaf\x88\xe0\xbd_\
\xc4\xa7\xe4\xf3\xa7\x04\xd7\xa1Z\x0feFt\xba?\x92\
\xa4,\xaam9L\xd6sU\x1c\xbe\xb6\xc7\x8c\x08*\
\xa846|\xc8\xfd\xd9m\xb9M\x86.o\xfaM\xdb\
\xed2\x12\x8fu>\x147\x0c<\x974~\xdf&\xfd\
*\xaf\x8b\x1bTnh\xf8\xba\x9d\x9c\xc7\x00\x9b\xaa\xae\
3\xf2e\x13\x17\x89&\xeb\x9e\xea\x22#M\xdb\x9c\x8a\
\xae%I?t\xed\xe3\x19(&\x8b\x8d\x92\xe1\x02`\
9\xc5*\xdfg\xe4\xdb\xd30\x90\xd7\x1ca]Q\xbe\
\xb7\x156rW\x0dEwq\x8dV]\xe1\x86\x01\xc5\
\x05^\xe7}\x99w]\xfe\x92\x91\x9f\xb0v\xb3\xe9\x0b\
\xa4\x8aY\x96M\xdb\x0cl\x93\xef\xaa\xfae\x12\x1b\xa1\
\xc3\xd8\xd0+\xa8\xafN\x97\x82\x86\xe28\xb0\xbcY\x95\
m7Bs\xf1/\xa1\x1d\xbb\xea\xc8\xbe\xd5E\xb3f\
\xbbv]\xdc%\x0d6=\xaf\xaf\xbb\xf9\xf6\x95\x9c{\
o\xb8\x0a\x8b\x8e\xfb\xed\xdc'\xfa\xed\xf3\xa1|\x0b\x87\
\xb5\xce\xc8\x03X\xae\x9dpTs\x9fZ\xa5VLp\
\x95z\x9c\x06\xc1\x05\x802\x09\x02\xcex\x0d\x08\x80S\
\xa9M\x18p\xa1@\x1a\x04\xb4Q\xa0jf\xb8W^\
\x1b:\xee5\x93#0\x1dbTg\xa5\xa2\xe1\xe0!\
\x8da\xbd\xd2>\x00F{\xebCXm\x851\x01\xd1\
 mt28\x93A\x0a('\xf4\xd9\xc7B\x00\x8c\
vFG)NIz\xde\x82C$\xd2\xd11\xc1\x1a\
\xa4H!<O\xb5\x92\xc9\x18\x99\x8e\xa9jM\xf5\x0a\
\xb9\xa9q\x9e\xc6\xdd\x98\x04\xb8QF]L\xc9A\x82\
\xc0\xc7\xb5\xa3\xcc![k\x19Uk\x15\xba\x834g\
\xd2\xf0\x93\xe0\xc2\x0b\xa9\x10PJc8\x04\xac\xf1&\
V!5\x88X\xba\xb1\x1eU\xe0!\x15\xd6\xc6J\xd1\
\xd6.\xd6.\xb5\x8d\x1c\x0f\xda\xba\xd3\x83D\x1d\xd4\xc7\
\x1eh\xe1#W\x08gM\xacYc\x19\xa8P\xa2\x1d\
\xdf\x87\x02\x9b\x06\xc9N\xab\x14bF']xc\x18\
J\xc6^\x9f\x81\xe0j@'\x02O\x06\xa4JWs\
*\xc6\xc0z\xd2\x10\x0b\x896\x99\xc5.%\xac&E\
\x93\xa0I\x0f\x9b\x04M>l\x124%a\xafYF\
\xe0U\x10\x9b\x14\xb17l6\x89b\x93*6Oq\
\xba\xcc1\xa4\x5c\xbf\xd3A6\xbf\x1bd\xf0t\xdc\xe7\
\xa3l\xfe\xf9Q\x96\x92\x9b\x8fi\xfe\xdbiV\xf0n\
\xff\x96\xff\xebiV\xf6c\x96\xffp\x96\xc9\xfdr\x11\
\xae \xf3\xeb\xccb{}]\xbcX\xe7\xd32\xdcv\
\xef\x7f\x005\xe8s\x1b\
\x00\x00\x06K\
<\
svg version=\x221.1\
\x22 xmlns=\x22http://\
www.w3.org/2000/\
svg\x22 xmlns:xlink\
=\x22http://www.w3.\
org/1999/xlink\x22\x0d\
\x0a    width=\x2248px\
\x22 height=\x2248px\x22 \
viewBox=\x220,0,256\
,256\x22>\x0d\x0a    <g t\
ransform=\x22transl\
ate(-25.6,-25.6)\
 scale(1.2,1.2)\x22\
>\x0d\x0a        <g fi\
ll=\x22#ffffff\x22 fil\
l-rule=\x22nonzero\x22\
 stroke=\x22none\x22 s\
troke-width=\x221\x22 \
stroke-linecap=\x22\
butt\x22\x0d\x0a         \
   stroke-linejo\
in=\x22miter\x22 strok\
e-miterlimit=\x2210\
\x22 stroke-dasharr\
ay=\x22\x22 stroke-das\
hoffset=\x220\x22\x0d\x0a   \
         font-fa\
mily=\x22none\x22 font\
-weight=\x22none\x22 f\
ont-size=\x22none\x22 \
text-anchor=\x22non\
e\x22\x0d\x0a            \
style=\x22mix-blend\
-mode: normal\x22>\x0d\
\x0a            <g \
transform=\x22scale\
(5.33333,5.33333\
)\x22>\x0d\x0a           \
     <path\x0d\x0a    \
                \
d=\x22M12.5,6c-0.54\
095,-0.00765 -1.\
04412,0.27656 -1\
.31683,0.74381c-\
0.27271,0.46725 \
-0.27271,1.04514\
 0,1.51238c0.272\
71,0.46725 0.775\
88,0.75146 1.316\
83,0.74381h23c0.\
54095,0.00765 1.\
04412,-0.27656 1\
.31683,-0.74381c\
0.27271,-0.46725\
 0.27271,-1.0451\
4 0,-1.51238c-0.\
27271,-0.46725 -\
0.77588,-0.75146\
 -1.31683,-0.743\
81zM9.5,11c-0.54\
095,-0.00765 -1.\
04412,0.27656 -1\
.31683,0.74381c-\
0.27271,0.46725 \
-0.27271,1.04514\
 0,1.51238c0.272\
71,0.46725 0.775\
88,0.75146 1.316\
83,0.74381h29c0.\
54095,0.00765 1.\
04412,-0.27656 1\
.31683,-0.74381c\
0.27271,-0.46725\
 0.27271,-1.0451\
4 0,-1.51238c-0.\
27271,-0.46725 -\
0.77588,-0.75146\
 -1.31683,-0.743\
81zM8.5,16c-1.91\
495,0 -3.5,1.585\
05 -3.5,3.5v19c0\
,1.91495 1.58505\
,3.5 3.5,3.5h31c\
1.91495,0 3.5,-1\
.58505 3.5,-3.5v\
-19c0,-1.91495 -\
1.58505,-3.5 -3.\
5,-3.5zM8.5,19h3\
1c0.29505,0 0.5,\
0.20496 0.5,0.5v\
19c0,0.29505 -0.\
20495,0.5 -0.5,0\
.5h-31c-0.29505,\
0 -0.5,-0.20495 \
-0.5,-0.5v-19c0,\
-0.29504 0.20495\
,-0.5 0.5,-0.5z\x22\
></path>\x0d\x0a      \
      </g>\x0d\x0a    \
    </g>\x0d\x0a    </\
g>\x0d\x0a</svg>\
\x00\x00\x0e\x87\
\xff\
\xd8\xff\xe0\x00\x10JFIF\x00\x01\x01\x00\x00\x01\x00\
\x01\x00\x00\xff\xdb\x00C\x00\x03\x02\x02\x02\x02\x02\x03\x02\
\x02\x02\x03\x03\x03\x03\x04\x06\x04\x04\x04\x04\x04\x08\x06\x06\
\x05\x06\x09\x08\x0a\x0a\x09\x08\x09\x09\x0a\x0c\x0f\x0c\x0a\x0b\
\x0e\x0b\x09\x09\x0d\x11\x0d\x0e\x0f\x10\x10\x11\x10\x0a\x0c\x12\
\x13\x12\x10\x13\x0f\x10\x10\x10\xff\xdb\x00C\x01\x03\x03\x03\
\x04\x03\x04\x08\x04\x04\x08\x10\x0b\x09\x0b\x10\x10\x10\x10\x10\
\x10\x10\x10\x10\x10\x10\x10\x10\x10\x10\x10\x10\x10\x10\x10\x10\
\x10\x10\x10\x10\x10\x10\x10\x10\x10\x10\x10\x10\x10\x10\x10\x10\
\x10\x10\x10\x10\x10\x10\x10\x10\x10\x10\x10\x10\x10\xff\xc0\x00\
\x11\x08\x00\xb4\x00\xb4\x03\x01\x11\x00\x02\x11\x01\x03\x11\x01\
\xff\xc4\x00\x1c\x00\x01\x00\x03\x00\x03\x01\x01\x00\x00\x00\x00\
\x00\x00\x00\x00\x00\x00\x05\x06\x07\x01\x02\x04\x03\x09\xff\xc4\
\x00H\x10\x00\x01\x03\x02\x02\x04\x07\x0d\x05\x07\x02\x07\x00\
\x00\x00\x00\x01\x00\x02\x03\x04\x05\x06\x11\x07\x12!1\x13\
\x22AQa\x91\xd1\x14\x15\x166Uqt\x81\x93\x94\
\xa1\xb1\xd22BRT\xc1Vbrs\x82\x92\xb3#\
C$&3ES\x84\xb2\xff\xc4\x00\x18\x01\x01\x01\x01\
\x01\x01\x00\x00\x00\x00\x00\x00\x00\x00\x00\x00\x00\x00\x01\x02\
\x03\x04\xff\xc4\x00\x1f\x11\x01\x01\x00\x02\x03\x00\x03\x01\x01\
\x00\x00\x00\x00\x00\x00\x00\x00\x01\x02\x11\x12!1\x222\
QAB\xff\xda\x00\x0c\x03\x01\x00\x02\x11\x03\x11\x00?\
\x00\xfd\x15^\xb7!\x01\x01\x01\x01\x01\x01\x01\x01\x01\x01\
\x01\x01\x01\x01\x01\x01\x01\x01\x01\x01\x01\x01\x01\x01\x01\x01\
\x01\x01\x01\x01\x01\x01\x01\x01\x01\x01\x01\x01\x01\x01\x01\x01\
\x01\x01\x01\x01\x01\x01\x01\x01\x01\x01\x01\x01\x01\x01\x01\x01\
\x01\x01\x01\x01\x01\x01\x01\x01\x01\x01\x01\x01\x01\x01\x01\x01\
\x01\x01\x01\x01\x01\x01\x01\x01\x01\x01\x01\x01\x01\x01\x01\x01\
\x01\x01\x01\x01\x01\x01\x01\x01\x07A<\x06S\x00\x99\x86\
F\x8c\xcb\x03\x86\xb0\x1edGtQ\x01\x01\x01\x07H\
\xa7\x86p]\x04\xcc\x90\x03\x91,p9\x1em\x88\x8e\
\xe8\xa2\x02\x02\x02\x02\x02\x02\x02\x02\x02\x02\x02\x02\x02\x02\
\x0cZ\xf1Oz\xc3w\xe7\xcd4\xb22\xa4He\x8e\
p\x7f\xea\x02w\xf4\xf4\x8fR\xd7\xae\x17r\xb4\x9c%\
\x8b)\xb1\x1d7\x07&\xacU\xb1\x0f\xf5#\xe4w\xef\
7\xa3\xe4\xb3c\xae9m`F\x84\x0d\xdbJ\x0c\xe7\
\x1b\xe3\x831\x92\xcff\x9b\xfd=\xad\x9ev\x9f\xb5\xce\
\xd6\x9ens\xca\xac\x8eYe\xbe\xa3\xbe\x8c-w(\
\xe6\x9a\xe8\xf2\xe8\xe8\xe4\x8f\x83kO\xfb\xae\xcfx\xe8\
\x1bv\xf4\xa50\x97\xd6\x86\xa3\xa8\x80\x80\x80\x80\x80\x80\
\x80\x80\x80\x80\x80\x83\x87\xbd\x91\xb0\xc9#\xc3Z\xd1\x99\
q9\x00\x10C\xcd\x8c\xf0\xc5;\xccr^!$\x1c\
\x8e\xa8.\x1d`\x14\xd3<\xa3\xe7\xe1\xce\x15\xf2\xbb=\
\x9b\xfb\x10\xe5\x11\xd7\xdb\xe6\x07\xc4\x14N\xa3\xac\xba0\
\x11\xb69\x04o\xd6\x8d\xdc\xe3g\xc1;Kq\xac\xd2\
:\x89\xadu\xfc=\xbe\xaf\x8f\x04\x87\x83\x99\x99\x80\xec\
\x8e\xfc\x8f!\xe6+N^4\xcb.\x91,\xd5tM\
u\xda\xa0RT\xb7\x8a\xf6\xea\xb8\xb5\xdd# vt\
)\xa7Y\x9c\xfe\xa4<9\xc2\xbeWg\xb3\x7fb\x8b\
\xca*x\xcf\x1e6\xb67[,s;\x80p\xcaY\
\xc0 \xbc~\x11\x9e\xd09\xd5\x91\x8c\xb2\xdfQ]\xc3\
T\xb69\xebx[\xfds`\xa7\x8b#\xa9\xaa\xe2e\
<\xdb\x06\xc1\xce\xadfk}\xb4\xc8\xf1\xae\x11\x866\
\xc5\x15\xd261\x805\xad\x11<\x009\xb7,\xba\xf2\
\x8e\xde\x1c\xe1_+\xb3\xd9\xbf\xb1\x0eQ\xee\xb7\xdf\xec\
\xb7WjP\x5c\xa1\x99\xf9g\xa8\x1d\x93\xba\x8e\xd4\xd2\
\xcb+\xde\x8a         \xe1\xcek\
\x1a^\xf7\x06\xb5\xa32N\xe0\x10fw\x1b\x85\xdb\x1f\
^\x1dj\xb5\xc8b\xa0\x88\xe6I\xd8\xddQ\xf7\xdd\xcf\
\x9f W\xc7+nwQ,\xed\x1d\xe1{};_\
t\xbaL\xd3\xcb#\xa5dm>`G\xea\x9b^\x12\
z\xf8x)\xa3\xc1\xb3\xbf\xe3\xdf#\xecM\xd4\xe3\x8f\
\xeb\x8f\x05tw\xfb@\xdf|\x8f\xb17N8\xfe\x9e\
\x0a\xe8\xef\xf6\x81\xbe\xf9\x1fbn\x9cq\xfd<\x16\xd1\
\xdf\xed\x00\xf7\xc8\xfb\x13ux\xe3\xfa\xec0\x96\x8f\x8e\
\xd1~\x1e\xf9\x1fbn\xa7\x1c\x7fO\x04\xb4}\xe5\xe1\
\xef\x91\xf6&\xe9\xc7\x1f\xd3\xc1-\x1f\x0f\xfb\xf0\xf7\xc8\
\xfb\x13t\xe3\x8f\xe9\xe0\x9e\x8f|\xbe=\xf2>\xc4\xdd\
8\xe3\xfa\xe5\x98GG\xf281\x97\xd0\xe7\x1d\xc0V\
G\xb7\xe0\x9b\xa7\x1c\x7f].\xfa6d0wn\x1d\
\xad\x94\xcb\x18\xd7k\x1e\xe0K\xbf\x85\xc3,\x8amn\
\x1f\x89\x1c\x0b\x8a\xe6\xbb1\xf6\xab\xa3\xbf\xe3i\xc6\xc7\
\x1d\x86F\x8d\x87>\x91\xca\x96.9o\xaa\xb7(\xd8\
\x80\x80\x80\x80\x80\x80\x80\x82\xbd\x8fk\x9fA\x86jL\
d\x87N[\x00#\x90;\x7f\xc0\x14\x8c\xe7u\x11z\
-\x81\x8c\xb3\xd5\xd4\xea\x8di*5K\xb9rkF\
\xcf\x89V\xb3\x87\x89;%\xb6\x9a\xf1\x1f\x84\x17h\x19\
S=Iq\x85\xb2\x0df\xc3\x16d5\xad\x07f\xed\
\xa4\xf3\x95\x16M\xf7R\xfd\xe7\xb4y*\x8f\xd87\xb1\
\x1a\xd4;\xcfh\xf2U\x1f\xb0ob\x1a\x87y\xed\x1e\
J\xa3\xf6\x0d\xecCP\xef=\xa3\xc9T~\xc1\xbd\x88\
j\x1d\xe7\xb4y*\x8f\xd87\xb1\x0dC\xbc\xf6\x8f%\
Q\xfb\x06\xf6!\xa8w\x9e\xd1\xe4\xaa?`\xde\xc45\
\x0e\xf3\xda<\x95G\xec\x1b\xd8\x86\xa3\xab\xec\x96i\x1a\
X\xfbM\x19k\x86Dp\x0d\xecCQ\x1dh\x89\xd6\
k\xdc\xd6(\x9e\xe3E$\x1d\xd5L\xd7\x12x.6\
\xab\x98\x0f6d\x11\xe7D\x9d])7I\x8d\x9bH\
\xa6x@c{\xa62@\xdd\x93\xc0\xd6\xeb\xcc\xab\xfc\
s\xbdd\xd5\x14v\x10\x10\x10\x10\x10\x10\x10\x10T\xf4\
\x9b\xe2\xdb}%\x9f'$c?\x1ch\xd1\xb9a\x97\
\x9f\xc5Q!\xf85Za\xe2g\x0be\xe0\xf5\x06_\
\xf8B\x95q\xf1(\x8d\x08\x08\x08\x08\x08\x08\x08\x08\x22\
\xa4\xcb\xc2\x98=\x02O\xf21\x19\xff\x00L\xf7\x1c\x0c\
\xb1\xa9<\xe6\x03\xf0\x0bQ\xcf/\xb3WYv\x10\x10\
\x10\x10\x10\x10\x10\x10T\xf4\x9b\xe2\xdb}%\x9f'$\
c?\x1dthO\x832g\xc9Q'\xff\x00-V\
\xa6\x1e&p\xa1\xcf\x0e[\xcf<!J\xd6>%Q\
\xa7\x96\xbe\xebm\xb5\xc7\xc2\x5c+a\x80\x1d\xda\xee\xc8\
\x9f0\xdeQ-\x93\xd5n\xa7I\xb8~\x19\x9b\x1c1\
\xd4\xce\xcc\xf8\xcfk\x00\x00tfA*\xe9\x9eqk\
\x82x\xaaaeD\x0f\x0f\x8eF\x87\xb5\xc3q\x07r\
\x8dz\xee\x8a\xaf\xe2\x8caK\x86_\x04/\xa7uD\
\xb3f\xe2\xc6\xbfWU\xbc\xfb\xb9\xfeI&\xd9\xcb.\
/\x85\xb7H\x98v\xb8\x86M,\x94o<\x937\x8b\
\xfd\xc31\xd7\x92i&r\xac\x90O\x05Lbjy\
\x99,n\xdc\xe688\x1fXF\xbdwEDJr\
\xc5t\xc3\x9e\x82_\xf21\x19\xff\x00L\xfb\x1b\x92q\
\xb3\xc73\xa0\x03\xfbZ\xac\xf1\xcf/\xb3XQ\xd8@\
@@@@@@AS\xd2o\x8bm\xf4\x96|\x9c\
\x91\x8c\xfcq\xa3a\x96\x18y\xe7\x9eC\xf0\x0a\xd3\x0f\
\x12\xf8O\xc5\xbb\x7f\xf2\x1a\xa5\x5c|T1\x86:\xbb\
S\x5cg\xb4\xdb2\xa6d\x07Q\xd2j\xe6\xf7\x1e\x8c\
\xf7\x05dc,\xae\xf4\xa5\x06\xdc.\xb5D\x81=]\
D\x87n\xf7\xbc\xfe\xaa\xb1\xdd[lZ4\xaf\xab\xd5\
\x9e\xf3/r\xc4v\xf0M\xc8\xc8|\xfc\x8d\xf8\xa9\xb6\
\xe6\x16\xfa\xd2(\xe9 \xa1\xa5\x8a\x8e\x99\xa5\xb1B\xc0\
\xc6\x02s\xc8\x05\x1d'O\xaa*\x07\x13\xe1\x0a\x1cJ\
\xd6I$\xae\x82\xa6&\x96\xb2V\x8c\xf3\x1c\xc4r\x84\
\x97L\xe5\x8f&yx\xc0\xb7\xfbI/\x14\xdd\xd5\x08\
\xff\x00r\x0e6^v\xef\x0b[s\xb8\xd8\x8d\xb5\xde\
\xae\xb69\xf8J\x0a\xa9!9\xf1\x98v\xb5\xdev\x9d\
\x88\xcc\xb65\xac%|\xa8\xc4\x16\x81_UL!\x90\
Hc:\xb9\xea\xbf 8\xc3>M\xb9z\x96k\xb6\
7q\xdao\x1b)}\x02o\xf21\x0f\xeb?\xc7\x00\
\x0cjH\xe50\x1f\x80Z\x8ey}\x9a\xba\xcb\xb0\x80\
\x80\x80\x80\x80\x80\x80\x82\xa7\xa4\xdf\x16\xdb\xe9,\xf99\
#\x19\xf8\xe3G\x1b0\xb3\xbf\x9d'\xc8+L<K\
\xe1?\x16\xed\xdf\xc8j\x95q\xf1\xcd\xc3\x0bXn\x95\
\x9d\xdf_@\xd9f\xd5\x0d$\xb9\xc0\x107f\x01\xda\
\x9b.2\xf6\xf7\xd2P\xd1\xd0\xc7\xc1QR\xc5\x03?\
\x0cl\x0d\x1f\x04]i\xf6E|\xe0\xa9\xa7\xa9k\x9d\
O;%\x0cqc\x8b\x1c\x0eN\x1b\xc1\xcb\x95\x10\x86\
\xaa\x9a\xa4\xbcS\xd4G/\x04\xedG\xea8\x1dWs\
\x1c\xb7\x146\xe2\x0a\xaaj\x93 \xa7\x9d\x92\x18\x9ec\
\x93U\xd9\xea\xb8o\x07\xa5\x07\xd5\x15\xe2\xaf\xb2Z.\
y\xf7}\xba\x09\x89\xfb\xceg\x1b\xacmD\xb2W\xa2\
\x96\x96\x9a\x8a\x06R\xd2@\xc8b`\xc9\xac`\xc8\x04\
<FM\xe3m/\xa0M\xfeF\x22\x7fT\x1cs\xe3\
\xa7\xb1\xf9\x05\xa8\xe7\x97\xd9\xab,\xbb\x08\x08\x08\x08\x08\
\x08\x08\x08*zM\xf1m\xbe\x92\xcf\x93\x921\x9f\x8e\
tr\xdf\xf9X~\xf4\xd2~\x8a\xd3\x0f\x12\xd8Pj\
\xe1\xcb{y\xa1\x01J\xb8\xf8\x95F\x84\x04\x15\x99\xf0\
\xcd\xda\x82\xaez\x8c/s\x8a\x92:\xb3\xad4\x133\
Y\x81\xff\x00\x89\xbb\xf2=\x09\xb68\xd9\xe3\xc9O\x82\
\xef6\x86\x9e\xf1_\xf8'TF\x1bTefz\xcf\
\xdb\xc6o6\xf3\xda\xae\xd3\x8d\x9eT\xfd\x82\xc3M`\
\xa34\xd0H\xf9_#\x8c\x92\xca\xf3\xc6\x91\xe7\x95F\
\xa4\xd2I\x1a\x10\x10DJ\xdc\xf1]3\xb3\xfb4\x12\
\xfcdb3\xfdP\xb1\xd8\xcb\x19\xb4\xf3\x88J\xd4s\
\xcb\xec\xd5\x16]\x84\x04\x04\x04\x04\x04\x04\x04\x15M&\
4\x9c7\x98\xe4\xa8a=EX\xc6~:\xe8\xd2^\
\x13\x0d\xbe1\xbe:\x87\xb7\xac\x03\xfa\xa50\xf11\x85\
\x5c\x1d\x87\xa8y\xdb\x1e\xa9\xe8 \x90GZ\x95q\xf1\
*\x8d\x08\x08\x08\x08\x08\x08\x08\x08\x22\x1e\xf0\xec[\x14\
m\xdaYoywFr7/\x91F\x7f\xd2\x81\x8d\
\x1cj1\xc0\x89\x9bK_\x04c\xcf\x90\xedZ\x9e9\
\xe5\xf6j\xcb.\xc2\x02\x02\x02\x02\x02\x02\x02\x0f\x05\xfa\
\xd8/\x16\x8a\xabq\xc8:Vq\x09\xe4p\xda\xdf\x88\
\x08\x96niE\xd1\xed\xee+=]M\x86\xe6D\x06\
Y3a~\xcc\xa4\x1b\x0bO\x9f!\xd4\xads\xc2\xeb\
\xaa\xb9\x1bm\xca\xdf<\xb2\xd9e\xa70\xce\xe3#\xe9\
\xa7\xcc5\xaf;\xcb\x1c\xdd\xd9\xef#\x223Q\xbdY\
\xe0f\xc5y\xec\xa1\xb5\xe5\xe9\x0f\xfa\x10\xf9\x1c6+\
\xfc\x85\xb3\xde_\xf4'G\xc8\xe1\xb1g\x93\xed~\xf2\
\xff\x00\xa1:>G\x0d\x8b?!k\xf7\x97\xfd\x09\xd1\
\xf2v\x12\xe2\x9eZ+`\xff\x00\xd8\x7f\xd0\x87g\x0b\
\x8a?'l\xf6\xef\xfaP\xec\xe1qO\xe4\xad\x9e\xf0\
\xff\x00\xa5\x0e\xdcp\xb8\xab\xf2V\xcfx\x93\xe8C\xb7\
\x02\x5cX\xed\x9d\xc5kf\x7f{\x87\x91\xd9z\xb5F\
h|\x9cA\x15>\x1f\xa6\xaa\xbb\xdek\x9b$\xf2\xe4\
\xe9\xe7-\xd5\x19\x0f\xb2\xc6\x0ea\xc87\x92P\xf3\xba\
\xa4a\xa8&\xc5X\xca[\xdc\x90\xea\xd3\xc3'\x0e\xec\
\xc6\xc1\x96\xc67\xcf\xb0u\x15|c\x1f\x95\xdbOQ\
\xd4@@@@@@@@AV\xc5\x98\x1a\x9e\xfc\
\xf3]E#i\xeb2\xc9\xc4\x8e$\x9e~c\xd2\xac\
\xace\x8e\xfcUE\x93H\xd6\xf0)i\xe4\xac\xe0\xd9\
\xf6x*\x90[\xea\xda\x9d1\xac\xa3\x91C\xa4\xc2r\
\x0f\xb8\xfa\xea\x07\xd4\x9d\x1a\xc9\xf0\xaf\x1aA\xb6S\xba\
\xae\xba\xae\xba(Y\x96o5 \x8d\xbb\xb7\x15z/\
(\xf2\xdbnX\xd2\xef#\xe2\xb6\xdck\xa7|cY\
\xcdl\xfb@\xe7\xdaS\xa4\x9c\xaf\x8feDZF\xa5\
\x82J\x9a\x89\xee,\x8a&\x97\xbd\xc6}\x80\x0d\xe7z\
\x9d/\xca<V\xeb\xae2\xbbNi\xad\xd7:\xe9\xe5\
kK\xcb[9\xcf.}\xa7\xa4+\xd2Ko\x8ft\
\xb4\xfaH\x82'\xcd4\xd7\x1626\x979\xc6\xa3`\
\x03y\xde\xa7K\xac\x91\xb4w\xdcW_R\xcaJK\
\xbdl\x93Hrcxr3<\xdbJ\xa9\xbbR\xc6\
\x83I\xa3o\x09q\xf7\x91\xf5)\xd2\xeb'\x1d\xc3\xa4\
\xcf\xc7r\xf7\x81\xf5'F\xb2} \xc1\x98\xbe\xfd3\
\x0d\xf2\xaeH\xa2o\xde\x9e]w\x01\xd0\xd0w\xf5&\
\xe2\xf1\xb7\xd6\x85g\xb3\xd1X\xe8\x99CC\x1e\xab\x1b\
\xb5\xce?i\xee\xe5$\xa8\xe9&\x9e\xd4Q\x01\x01\x01\
\x01\x01\x01\x01\x01\x01\x01\x01\x06s\xa5\x0b\xb9|\xf4\xf6\
X\x9f\xc5\x8cp\xd2\x81\xf8\x8f\xd9\x1dY\x9fZ\xb1\xcb\
;\xfcVp\xad\xdc\xd9/\x94\xf5\x8evQ\x17pr\
\xff\x00\x01\xd8z\xb7\xfa\x95\xac\xe3uZ&\x91.\x02\
\x97\x0d\xbe&?\x8dV\xf6\xc42\xe5\x1fh\xfc\x07\xc5\
f:gzP\xf0-gq\xe2z2NM\x98\x98\
O\xf5\x0c\x87\xc7%\xaa\xe7\x8d\xd5]t\x93z\xee\x1b\
Km\x91?)kNN\xcbx\x8co\xeb9\x0e\xb5\
#\xa6wSL\xba)d\x82VM\x13\xcb_\x1b\x83\
\x9a\xe1\xbc\x11\xb8\xaa\xe4\xdc0\xfd\xda;\xdd\xa2\x9e\xe2\
\xcc\x83\xa4nR\x01\xf7^68u\xac\xbb\xcb\xb9\xb4\
\x82(\x80\x80\x80\x80\x80\x80\x80\x80\x80\x80\x80\x80\x80\x83\
\xac\xb2\xc7\x04O\x9aW\x06\xb26\x978\x9e@\x06d\
\xa20\xab\xbd\xc2K\xad\xce\xa6\xe3&y\xcf!p\x1c\
\xcd\xe4\x1e\xa1\x90Zp\xb7wo\x22\x09\x8b\xc6 \x9a\
\xefk\xb6\xd0\xccIu\x13\x1c\xc7\x13\xf7\xb7\x06\x9f\xed\
\x01\x16\xdd\xc4e%C\xa9*\xa1\xaag\xda\x86F\xc8\
<\xe0\xe6\x88\x90\xc5\x17\xa7_o3\xd7\x02x x\
8A\xe4`\xdd\xd7\xb4\xfa\xd2-\xbb\xbbE\x22/\x1a\
0\xbc\xf0\x15\xb3Y\xa5\x7f\x12\xa0p\x91g\xc8\xf06\
\x8fX\xf9)[\xc2\xf7\xa6\x94\xa3\xa8\x80\x80\x80\x80\x80\
\x80\x80\x80\x80\x80\x80\x80\x80\x82\xb1\xa4;\xa7{\xf0\xf4\
\x901\xd9IX\xe1\x08\xfe\x1d\xee\xf8\x0c\xbdi\x18\xce\
\xea2E\xa7!\x01\x01\x01\x01\x07\xa2\xdd[-\xba\xbe\
\x9e\xbe\x13\xc7\x82F\xbct\xe4w!.\x9b\xb55D\
Ut\xf1UB\xedh\xe6`{O8#0\xb2\xef\
\xeb\xe8\x8a             \
\xcb4\x9br\xee\xab\xdct\x0cvl\xa3\x8c\x02?}\
\xdbO\xc3UX\xe3\x9d\xddT\x15d@@@@@\
A\xabh\xda\xe6\xea\xdb\x11\xa3\x90\xe6\xfa'\xea\x0f\xe0\
;G\xea=JW\x5c/Kb\x8d\x88\x08\x08\x08\x08\
\x08\x08\x08\x08\x08\x08\x08:\xc9#\x22\x8d\xd2\xc8rk\
\x01s\x8f0\x08\x8c\x22\xe7Z\xfb\x8d\xc6\xa6\xb9\xe4\xe7\
<\xae\x7f\x98\x13\xb0u-8^\xded\x04\x04\x04\x04\
\x04\x04\x16\xbd\x1b\xdc\xbb\x8e\xff\x00\xdc\x8fvQ\xd60\
\xb3\xfa\x86\xd1\xfa\x8fZ\x95\xac.\xabWQ\xd8@@\
@@@@@@@@@A\x15\x8a\xe5|\x18n\
\xe3$g'p\x0e\x19\xf9\xf6~\xa9\x19\xcb\xc6$\xb4\
\xe2       \xf6\xd9%|7\x8a\x19c\
99\xb5\x11\x90\x7f\xa8%'\xad\xd5e\xe8\x10\x10\x10\
\x10\x10\x10\x7f\xff\xd9\
\x00\x00\x06\x06\
\x89\
PNG\x0d\x0a\x1a\x0a\x00\x00\x00\x0dIHDR\x00\
\x00\x01d\x00\x00\x00\xdc\x08\x03\x00\x00\x00p++\xbe\
\x00\x00\x00fPLTE\x00\x00\x00\x80\x80\x80uz\
\x80s{\x80t|\x80q{\x80u\x80\x80\x80\x80\x80\
xx\x80r{\x80sy\x80\x80\x80\x80p\x80\x80v\
\x80\x80j\x80\x80v{\x80tz\x80u\x80\x80\x80\x80\
\x80v{\x80t\x80\x80m\x80\x80s\x80\x80s\x80\x80\
x\x80\x80qx\x80y\x80\x80xx\x80w{\x80p\
\x80\x80q\x80\x80x\x80\x80\x80\x80\x80v\x80\x80Q\x01\
\x9e\xce\x00\x00\x00\x22tRNS\x00\x100<@4\
\x18\x04 8(\x08 \x1c\x0c4,0\x0c8,\x1c\
(\x14 $($<\x10$$\x144\x0b\x8d\x9dg\
\x00\x00\x05-IDATx\xda\xed\xddm\x9b\x9a8\
\x18\x86\xe1\x01\x11\xccDVAwD\x16\xa6\xed\xff\xff\
\x93\x15G\x92\x90\x888\x92.b\xaf\xf3S[\x91\x03\
\xefIc^\x1e\x98\xb77\x00\x00\x00\x00\x00\x00\x00\x00\
\x00\x00\x00\x00\x00\x00\x00\x00\x00\x00\x00\x00\x00\x00\x00\x00\
\x00\x00\x00\x00\x00\x00\x00\x00\x00\x00\x7f\x9b \x5cD\xcb\
\xf8\xe6!\xc9j\x11\x89w9\xf5\x95\xce\xd7::K\
o\x1d\x13\x9e\x0f\x11\xffL}\xads\x15G\x17A\xff\
1\x97\x9fC\xb4H\xa6\xbe\xda\x99\xda\xb4!\x8b\xde\x04\
\x83\xf6\x90h5\xf5\xd5\xceS\xa2\x02\x8c\xb6=\x87H\
\xa1\x0e\xd9L}\xb9\xf3d\x84\xdc\xd7-\xbf\xeb#\xc2\
\xa9/w\xa62\x1d\xe1\xe2\xea\xf0!\x1d\xfe1`@\
\x1e\xddn\xa8r\xa1_\xdfM}\xb1\xb35\xd0RC\
\xe3e\x06\xca\x0f\xdb\xdf\xea0b#\xe3\x7f\xa7\xbe\xd2\
\x19Kv\xfd\x1d\x861\xb2\x88>\xa6\xbe\xd0Y3\xbb\
\xe5C\xf7%cd\xb1c&\xf2\xa8D\xca 0\xfa\
]\x11v\x18\xf1\x17\x87 \xc8\xe9\x95\xef\x97\x04\xe9\xb1\
\xdc.\x851r\xb8\x9bX\x86\xdb\xb2\x08h\xd7\xb75\
\xcbn\xe3\x85\xf1\xf8+yYf\xe70\x8e\x08\xc6_\
\xcdKJ\xfe\xf3\x15q\xe38\xf5\xc7yJr\xe93\
\xe3(Z\xd25;\x121>WR\x1e\xb0\xf5\x9dq\
\x14\xbdO\xfd\x99\x9eM:>S\x17\x83\x8c\x0e\xe9t\
\x16\x95\x10\xd9\xbe,\x8b\x22\x8d\xe3\xf8P\xd7u.m\
u\xe3\xf4jQ|\x96e\x96\x09\xe7\x1c\xecIu\x18\
s\xe4h\x1f\xd7\xf2\xc1\xe9[\x22\xeb\xc3\x87q*\xf6\
\xa4L\xba\x11f\xa3\xa7\xc7R\xaf*-\xa6\xfe\x5c\xcf\
\xe4\xa03\xf6p\xb6D\xed\xc0F\xccI\xb4\x1fm(\
;/\xcb<\xb2j\xcf\xc7\xa6\x94\xa6v\xf3<-\x0c\
\xab\x1fZ9\xf5'{\x22\xc2\xf3\x7fo\xd5\xfdP(\
\xa0\xa9>\xd4\xd3\x98K\xb6\xe7\x13S\x7f\xb2\xe7\xa1+\
,\x9e\xf5\x84/ \xf7\xde\xf0\xd47\x1f\xfb%\xad\xba\
\x8d\xc4[\x19\x90\xea\xe4\xf3\xa9?\xdb\xd38x\x0fY\
\x0dW\x0e\xe3\xcf\xf5\x22T\x05\x85\xb7\x11W\xc9\x1a\x91\
\xadh#\xf1\xb6\x9d\xa1Bf6\xd2R!\x17=\x07\
$\xf2;\xff|\xcf\x19\xff>\xb7\xdb]\x9e\x86\x8bH\
\x5c\xf9\x7f\x9f.N\xbdxz\xbb\xde\x93\xad\xbe\xd6\x8d\
\x1e48\xb6\x03\x05g2\xd8\x0e\xfc\xc4\xd1\x9d'\xfa\
\xef\xe5g\xafo,\x10\x1c\x8d*\x0c\xa7M\x1a\x1bV\
\xe2\xdd\x1a\xaa\x11\xb2C\x85l6\xc9|\xd5\xadsq\
\x86w\x9b\xce\xcbbe\xf6\x1b\xfeG\xde\xb3w%\xe4\
\x9fN\x9d\x8b\xb3@\xe7l\xbd\x1a\x85C9!\xdb\xec\
\xf9Y\xb2r\x8b\xb5*\xe7\x0b.\xaf\x9c\x83\xd4\xd7#\
+D\x0e\x15\xf2%\xc8\xbd\x1b\xf1\xe7\x95A\x84\xfc\xd8\
9\x07^\xca\x00\x08\xd9a\x85\x9c;\x09\xd7}\xef\xac\
\x9d\x9c\xbf\x16K\x09\xd9Qu\x13\xaa\xefL\xf8\x8b\x95\
\xf3\xa5\xc5\x13\xb2M%\xf4\xf5W\xbd\x1a\x5c\x95\xf5=\
\xef7\xcb\x00\xae\x9f\x12N\x22\x97\xd1F\x16\xdf\xbdQ\
\x92\xc4Yw\x0cB\xc86;\x91\xa6rb\xb9\xfe\xe6\
V\x94\x5c\x9f\xde\x95%=\xa7\x84\x9b\xc8cw\x80\x18\
\xef\x22d\xdb\x1fH\x84\x90m\x84\xfc?\x18JD\xa6\
=\xbdG\xd0\xf7\x02!;\x86\x12\xd9\x18E\xb0r\xfb\
\xae\xff\xdc\xbf6A\xc8\xb6\xa1D\x84\xb1\x08\x9a\x19\x05\
\xb1\xf1p\xc8\xd4u\xb6\xac\x19\x9fc\xab\xc3l\xe6\xcb\
\xaaYo\xfaw>\x98\xf1\xd9\xec\x05\x22[\xaa_:\
\xaf\x80^\x92\xfd\x19\xf5\x16\xcf%\x84l\x1b\x0a9\xa9\
\xda\xa6|yx\xd6yE\xb3\xb9\x05\xa2\xefY\x22,\
\x109\x86B>g\x1b\xe6o\xb2\xb9\x9dr\xd7t.\
+\xf9\x16\x88\xa8\xbf\xacB\x85\xcc\xa2}Km$\xf5\
\x15U\x99\xcf\xbd\xc8\x8d\x1b\xa5z\xcb\x99\xd9~r\x5c\
\xdd\xe3\xebP\xf7\x81T\xb1~\xe0\x9e^\xa9p\xa8\x90\
\xf7S\x7f\xb6\xa7qG\xe5\x9a\xfcZ\xcd\xfc\xbamG\
\x9e\xdfP\xad\xfb\xcf\xa8\xaa\xeb\xd8\xadn\xddU\xb9\x96\
\xd4\xf1AOC\xea\xf8f\xbd\xa6*\x09\xa0\xb8\xa5\xe5\
\xbf<\x902-\xc7\x0f\xef\x91\xa8\x90)8l\xf9o\
w\x94\xce:\xfc\x17U\xa9\xc2\x17\xee\x96l\xa9\x90\xbd\
\x0d\xb8\xd4x\x85\xdb\x19Z\x7f\xf0\x9e\x11n\xcci\xf9\
\xbf\xfb\x89\xe5d\x87Zi\xf0\xb5\xfa\x9b\xf8>\xe1+\
P\x0d\xcf\xd3\x1d\xa9\xaa\xff\xe1\xb6_Mu\xa1\x9e\x86\
\xb5ju\x83\xa5\x0bM\x8d\xb8\x96^N\xa7\x1f\xb6\xc3\
\x84O\xd3\xab\x97^\xd6\x1aty8\xc3d\xcd\xf8\x1d\
\x01\xe3SN\xf4\x03\x8dx\x08\xbb\xc9\xf8\x1d\x01\x22\x0d\
F\x0cn\x93\xc0\xac\xd2g\xe5\xc2\xd4)In\x86^\
\x22\x0c\xcbcQ\xc4q\x10\x04R\xca\xbeQ\xc7\xe9\xa5\
<\x08\xe28-\x8e\xe56\xb4\x1fZ\xe6\xe7a;\xaf\
\xe33\x1a&:\xeex\x060\xabC]\xc9n8\xb3\
\xefb\xfcf\x93\xd5\xf8T\xad\xce\x82\xe7\x1b:r\xcf\
m\x99\x0e\xf9\x1a\xe95\xe5=\xed\xf8\xba\xb5\xb7.\xa3\
\xe2;\xaf\x97L\xbd\xb4\xe6,\xa5\x19\xdf\x94\xa7e\xf6\
\xeb\xe1\xa7\x82\x0b\xb1/S:\xe3{\xc9\xbc>\x9c\xe6\
\x18EY\xee\xb3\xec\x14\xbb\xb0g\x1a\xe7\xc1\xf2\xaf\xac\
y\xc8\xf2g\xf3\x90\xe5:\x97\xb4_\x00\x00\x00\x00\x00\
\x00\x00\x00\x00\x00\x00\x00\x00\x00\x00\x00\x00\x00\x00\x00\x00\
\x00\x00\x00\x00\x00\x00\x00\x00\x00\x00\x00\x00\x00\xc0\xdc\xfc\
\x06\x0c\x5cN\xfeyi\xcaA\x00\x00\x00\x00IEN\
D\xaeB`\x82\
\x00\x00\x00\xbb\
T\
itleBarButton# {\
\x0d\x0a    qproperty-\
normalBackground\
Color: transpare\
nt;\x0d\x0a    qproper\
ty-hoverBackgrou\
ndColor: rgba(0,\
 0, 0, 26);\x0d\x0a   \
 qproperty-press\
edBackgroundColo\
r: rgba(0, 0, 0,\
 51);\x0d\x0a}\x0d\x0a\
\x00\x00\x00\x97\
S\
crollableDialog,\
 #scrollWidget {\
\x0d\x0a    background\
-color: transpar\
ent;\x0d\x0a}\x0d\x0a\x0d\x0aQScro\
llArea {\x0d\x0a    bo\
rder: none;\x0d\x0a   \
 background-colo\
r: transparent;\x0d\
\x0a}\x0d\x0a\x0d\x0a\
\x00\x00\x01\x0e\
S\
ettingInterface,\
 #scrollWidget {\
\x0d\x0a    background\
-color: transpar\
ent;\x0d\x0a}\x0d\x0a\x0d\x0aQScro\
llArea {\x0d\x0a    bo\
rder: none;\x0d\x0a   \
 background-colo\
r: transparent;\x0d\
\x0a}\x0d\x0a\x0d\x0a\x0d\x0a/* \xe6\xa0\x87\xe7\xad\
\xbe */\x0d\x0aQLabel#set\
tingLabel {\x0d\x0a   \
 font: 33px 'Mic\
rosoft YaHei Lig\
ht';\x0d\x0a    backgr\
ound-color: tran\
sparent;\x0d\x0a}\x0d\x0a\
\x00\x00\x00\x8b\
Q\
StackedWidget {\x0d\
\x0a    border: 1px\
 solid rgba(0, 0\
, 0, 0.068);\x0d\x0a  \
  border-radius:\
 10px;\x0d\x0a    back\
ground-color: rg\
ba(255, 255, 255\
, 0.5);\x0d\x0a}\
\x00\x00\x01 \
C\
loseButton {\x0d\x0a  \
  qproperty-norm\
alColor: white;\x0d\
\x0a    qproperty-n\
ormalBackgroundC\
olor: transparen\
t;\x0d\x0a    qpropert\
y-hoverColor: wh\
ite;\x0d\x0a    qprope\
rty-hoverBackgro\
undColor: rgb(23\
2, 17, 35);\x0d\x0a   \
 qproperty-press\
edColor: white;\x0d\
\x0a    qproperty-p\
ressedBackground\
Color: rgb(241, \
112, 122);\x0d\x0a}\x0d\x0a\
\x00\x00\x00\x97\
S\
crollableDialog,\
 #scrollWidget {\
\x0d\x0a    background\
-color: transpar\
ent;\x0d\x0a}\x0d\x0a\x0d\x0aQScro\
llArea {\x0d\x0a    bo\
rder: none;\x0d\x0a   \
 background-colo\
r: transparent;\x0d\
\x0a}\x0d\x0a\x0d\x0a\
\x00\x00\x00\x95\
S\
ettingInterface,\
 #scrollWidget {\
\x0d\x0a    background\
-color: transpar\
ent;\x0d\x0a}\x0d\x0a\x0d\x0aQScro\
llArea {\x0d\x0a    bo\
rder: none;\x0d\x0a   \
 background-colo\
r: transparent;\x0d\
\x0a}\x0d\x0a\
\x00\x00\x00\x8d\
Q\
StackedWidget {\x0d\
\x0a    border: 1px\
 solid rgba(0, 0\
, 0, 0.18);\x0d\x0a   \
 border-radius: \
10px;\x0d\x0a    backg\
round-color: rgb\
a(255, 255, 255,\
 0.0314);\x0d\x0a}\
"

qt_resource_name = b"\
\x00\x06\
\x06\x90,S\
\x00b\
\x00i\x00l\x00i\x002\x003\
\x00\x03\
\x00\x00x\xa3\
\x00q\
\x00s\x00s\
\x00\x05\
\x00p7\xd5\
\x00i\
\x00m\x00a\x00g\x00e\
\x00\x04\
\x00\x06\xfa^\
\x00i\
\x00c\x00o\x00n\
\x00\x04\
\x00\x06\xc4\xee\
\x00i\
\x001\x008\x00n\
\x00\x04\
\x00\x06\xfb<\
\x00h\
\x00t\x00m\x00l\
\x00\x0c\
\x034\x0e\x1c\
\x00c\
\x00a\x00p\x00t\x00c\x00h\x00a\x00.\x00h\x00t\x00m\x00l\
\x00\x0f\
\x0b\xc3\x15}\
\x00b\
\x00i\x00l\x00i\x002\x003\x00.\x00z\x00h\x00_\x00T\x00W\x00.\x00q\x00m\
\x00\x0f\
\x0b\xbfe}\
\x00b\
\x00i\x00l\x00i\x002\x003\x00.\x00z\x00h\x00_\x00C\x00N\x00.\x00q\x00m\
\x00\x04\
\x00\x06\xa8\x8b\
\x00d\
\x00a\x00r\x00k\
\x00\x07\
\x08sZ\x07\
\x00a\
\x00p\x00p\x00.\x00s\x00v\x00g\
\x00\x0b\
\x00\xb0\xe2\x96\
\x00l\
\x00o\x00a\x00d\x00i\x00n\x00g\x00.\x00g\x00i\x00f\
\x00\x05\
\x00r\xfd\xf4\
\x00l\
\x00i\x00g\x00h\x00t\
\x00\x0b\
\x06\xba\xac\xc7\
\x00o\
\x00p\x00t\x00i\x00o\x00n\x00s\x00.\x00s\x00v\x00g\
\x00\x0c\
\x09<\x02\xa7\
\x00d\
\x00o\x00c\x00u\x00m\x00e\x00n\x00t\x00.\x00s\x00v\x00g\
\x00\x0e\
\x09M1\xa7\
\x00a\
\x00u\x00t\x00o\x00m\x00a\x00t\x00i\x00o\x00n\x00.\x00s\x00v\x00g\
\x00\x0b\
\x0c\x83\x92\xa7\
\x00c\
\x00o\x00m\x00m\x00e\x00n\x00t\x00.\x00s\x00v\x00g\
\x00\x0f\
\x0b\x06\x91\xc7\
\x00c\
\x00h\x00o\x00o\x00s\x00e\x00_\x00p\x00a\x00g\x00e\x00.\x00s\x00v\x00g\
\x00\x0a\
\x0b\xa8b\x87\
\x00s\
\x00e\x00l\x00e\x00c\x00t\x00.\x00s\x00v\x00g\
\x00\x0d\
\x07\xb9:G\
\x00s\
\x00u\x00b\x00t\x00i\x00t\x00l\x00e\x00s\x00.\x00s\x00v\x00g\
\x00\x0e\
\x00x\x08'\
\x00s\
\x00e\x00l\x00e\x00c\x00t\x00_\x00a\x00l\x00l\x00.\x00s\x00v\x00g\
\x00\x0a\
\x06\x9a\xc4'\
\x00e\
\x00x\x00p\x00o\x00r\x00t\x00.\x00s\x00v\x00g\
\x00\x12\
\x01\xf0\x15\xa7\
\x00f\
\x00o\x00r\x00w\x00a\x00r\x00d\x00_\x00b\x00u\x00t\x00t\x00o\x00n\x00.\x00s\x00v\
\x00g\
\x00\x09\
\x0b\x9c\xabG\
\x00r\
\x00e\x00t\x00r\x00y\x00.\x00s\x00v\x00g\
\x00\x0b\
\x0c\x81\xdd\xc7\
\x00n\
\x00u\x00m\x00b\x00e\x00r\x00s\x00.\x00s\x00v\x00g\
\x00\x09\
\x0b\x85\x8e\x87\
\x00c\
\x00l\x00e\x00a\x00r\x00.\x00s\x00v\x00g\
\x00\x0d\
\x0c\xe7\x89\xc7\
\x00c\
\x00l\x00i\x00p\x00b\x00o\x00a\x00r\x00d\x00.\x00s\x00v\x00g\
\x00\x0a\
\x0c\xcac\xe7\
\x00s\
\x00e\x00r\x00v\x00e\x00r\x00.\x00s\x00v\x00g\
\x00\x10\
\x0d[Y'\
\x00s\
\x00o\x00r\x00t\x00_\x00r\x00e\x00v\x00e\x00r\x00s\x00e\x00.\x00s\x00v\x00g\
\x00\x11\
\x08k%\x87\
\x00f\
\x00i\x00l\x00e\x00_\x00s\x00e\x00t\x00t\x00i\x00n\x00g\x00s\x00.\x00s\x00v\x00g\
\
\x00\x08\
\x0f\x07WG\
\x00e\
\x00x\x00i\x00t\x00.\x00s\x00v\x00g\
\x00\x07\
\x07\x01Z'\
\x00p\
\x00i\x00n\x00.\x00s\x00v\x00g\
\x00\x09\
\x05\x9e\x8e\xa7\
\x00c\
\x00l\x00o\x00c\x00k\x00.\x00s\x00v\x00g\
\x00\x08\
\x06\x97U\x87\
\x00s\
\x00o\x00r\x00t\x00.\x00s\x00v\x00g\
\x00\x11\
\x0f\xa8\xba'\
\x00f\
\x00a\x00s\x00t\x00_\x00d\x00o\x00w\x00n\x00l\x00o\x00a\x00d\x00.\x00s\x00v\x00g\
\
\x00\x0c\
\x0d9\xf7\xe7\
\x00f\
\x00a\x00v\x00o\x00r\x00i\x00t\x00e\x00.\x00s\x00v\x00g\
\x00\x0d\
\x0e\x15\x10g\
\x00t\
\x00e\x00s\x00t\x00_\x00c\x00u\x00b\x00e\x00.\x00s\x00v\x00g\
\x00\x17\
\x000*\x07\
\x00d\
\x00o\x00u\x00b\x00l\x00e\x00_\x00r\x00i\x00g\x00h\x00t\x00_\x00a\x00r\x00r\x00o\
\x00w\x00s\x00.\x00s\x00v\x00g\
\x00\x16\
\x0c\xb9\xea\xc7\
\x00a\
\x00p\x00p\x00l\x00i\x00c\x00a\x00t\x00i\x00o\x00n\x00_\x00w\x00i\x00n\x00d\x00o\
\x00w\x00.\x00s\x00v\x00g\
\x00\x11\
\x0b\x17w\xe7\
\x00s\
\x00i\x00n\x00g\x00l\x00e\x00_\x00c\x00h\x00o\x00i\x00c\x00e\x00.\x00s\x00v\x00g\
\
\x00\x0a\
\x08;BG\
\x00r\
\x00e\x00n\x00a\x00m\x00e\x00.\x00s\x00v\x00g\
\x00\x08\
\x00\xa7T\xa7\
\x00l\
\x00i\x00s\x00t\x00.\x00s\x00v\x00g\
\x00\x0e\
\x01\x8a\xf2g\
\x00e\
\x00d\x00i\x00t\x00_\x00b\x00l\x00a\x00c\x00k\x00.\x00s\x00v\x00g\
\x00\x0a\
\x06\x99R'\
\x00i\
\x00m\x00p\x00o\x00r\x00t\x00.\x00s\x00v\x00g\
\x00\x0a\
\x06\xcbBG\
\x00r\
\x00e\x00m\x00o\x00v\x00e\x00.\x00s\x00v\x00g\
\x00\x08\
\x05\xb2U\xa7\
\x00t\
\x00o\x00d\x00o\x00.\x00s\x00v\x00g\
\x00\x09\
\x09\xc0\x8a\x87\
\x00a\
\x00l\x00b\x00u\x00m\x00.\x00s\x00v\x00g\
\x00\x0a\
\x07\x9a\xfa\xe7\
\x00n\
\x00o\x00f\x00a\x00c\x00e\x00.\x00j\x00p\x00g\
\x00\x0f\
\x05\xf3o\x87\
\x00p\
\x00l\x00a\x00c\x00e\x00h\x00o\x00l\x00d\x00e\x00r\x00.\x00p\x00n\x00g\
\x00\x0a\
\x0bla\xc3\
\x00b\
\x00u\x00t\x00t\x00o\x00n\x00.\x00q\x00s\x00s\
\x00\x15\
\x03\xbeV\xa3\
\x00s\
\x00c\x00r\x00o\x00l\x00l\x00a\x00b\x00l\x00e\x00_\x00d\x00i\x00a\x00l\x00o\x00g\
\x00.\x00q\x00s\x00s\
\x00\x15\
\x01\xe32\x03\
\x00s\
\x00e\x00t\x00t\x00i\x00n\x00g\x00_\x00i\x00n\x00t\x00e\x00r\x00f\x00a\x00c\x00e\
\x00.\x00q\x00s\x00s\
\x00\x11\
\x09\xa9\xea\xa3\
\x00f\
\x00l\x00u\x00e\x00n\x00t\x00_\x00d\x00i\x00a\x00l\x00o\x00g\x00.\x00q\x00s\x00s\
\
"

qt_resource_struct = b"\
\x00\x00\x00\x00\x00\x02\x00\x00\x00\x01\x00\x00\x00\x01\
\x00\x00\x00\x00\x00\x00\x00\x00\
\x00\x00\x00\x00\x00\x02\x00\x00\x00\x05\x00\x00\x00\x02\
\x00\x00\x00\x00\x00\x00\x00\x00\
\x00\x00\x00\x12\x00\x02\x00\x00\x00\x02\x00\x00\x00T\
\x00\x00\x00\x00\x00\x00\x00\x00\
\x00\x00\x00<\x00\x02\x00\x00\x00\x02\x00\x00\x00R\
\x00\x00\x00\x00\x00\x00\x00\x00\
\x00\x00\x00.\x00\x02\x00\x00\x00\x04\x00\x00\x00\x0a\
\x00\x00\x00\x00\x00\x00\x00\x00\
\x00\x00\x00J\x00\x02\x00\x00\x00\x01\x00\x00\x00\x09\
\x00\x00\x00\x00\x00\x00\x00\x00\
\x00\x00\x00\x1e\x00\x02\x00\x00\x00\x02\x00\x00\x00\x07\
\x00\x00\x00\x00\x00\x00\x00\x00\
\x00\x00\x056\x00\x00\x00\x00\x00\x01\x00\x05H\x07\
\x00\x00\x01\xa0\x9f\x96@5\
\x00\x00\x05\x1c\x00\x00\x00\x00\x00\x01\x00\x059|\
\x00\x00\x01\xa0\x9f\x96@5\
\x00\x00\x00X\x00\x01\x00\x00\x00\x01\x00\x00\x00\x00\
\x00\x00\x01\xa0\x9f\x96@\x22\
\x00\x00\x00\xbe\x00\x02\x00\x00\x00\x22\x00\x00\x000\
\x00\x00\x00\x00\x00\x00\x00\x00\
\x00\x00\x00\xfc\x00\x02\x00\x00\x00\x22\x00\x00\x00\x0e\
\x00\x00\x00\x00\x00\x00\x00\x00\
\x00\x00\x00\xe0\x00\x00\x00\x00\x00\x01\x00\x03 \x98\
\x00\x00\x01\xa0\x9f\x96@5\
\x00\x00\x00\xcc\x00\x00\x00\x00\x00\x01\x00\x03\x1b\xcb\
\x00\x00\x01\xa0\x9f\x96@'\
\x00\x00\x03\xda\x00\x00\x00\x00\x00\x01\x00\x03\xf9\xba\
\x00\x00\x01\xa0\x9f\x96@1\
\x00\x00\x01\xe2\x00\x00\x00\x00\x00\x01\x00\x03y\xe1\
\x00\x00\x01\xa0\x9f\x96@4\
\x00\x00\x04\x82\x00\x01\x00\x00\x00\x01\x00\x04\x11\xf8\
\x00\x00\x01\xa0\x9f\x96@1\
\x00\x00\x04\x98\x00\x00\x00\x00\x00\x01\x00\x04\x149\
\x00\x00\x01\xa0\x9f\x96@1\
\x00\x00\x02\x1e\x00\x00\x00\x00\x00\x01\x00\x03\x86/\
\x00\x00\x01\xa0\x9f\x96@1\
\x00\x00\x03F\x00\x00\x00\x00\x00\x01\x00\x03\xcf9\
\x00\x00\x01\xa0\x9f\x96@0\
\x00\x00\x04\xee\x00\x01\x00\x00\x00\x01\x00\x040!\
\x00\x00\x01\xa0\x9f\x96@5\
\x00\x00\x03^\x00\x00\x00\x00\x00\x01\x00\x03\xd4\x92\
\x00\x00\x01\xa0\x9f\x96@5\
\x00\x00\x04\xba\x00\x00\x00\x00\x00\x01\x00\x04\x19\xde\
\x00\x00\x01\xa0\x9f\x96@1\
\x00\x00\x02\x04\x00\x00\x00\x00\x00\x01\x00\x03\x7f\xfb\
\x00\x00\x01\xa0\x9f\x96@1\
\x00\x00\x01\x0c\x00\x01\x00\x00\x00\x01\x00\x039\x1c\
\x00\x00\x01\xa0\x9f\x96@1\
\x00\x00\x04\xd4\x00\x00\x00\x00\x00\x01\x00\x04 \x19\
\x00\x00\x01\xa0\x9f\x96@3\
\x00\x00\x032\x00\x00\x00\x00\x00\x01\x00\x03\xc7\xa6\
\x00\x00\x01\xa0\x9f\x96@1\
\x00\x00\x01\xc2\x00\x00\x00\x00\x00\x01\x00\x03t\x9c\
\x00\x00\x01\xa0\x9f\x96@5\
\x00\x00\x04h\x00\x00\x00\x00\x00\x01\x00\x04\x0bK\
\x00\x00\x01\xa0\x9f\x96@3\
\x00\x00\x02\xf4\x00\x00\x00\x00\x00\x01\x00\x03\xb82\
\x00\x00\x01\xa0\x9f\x96@1\
\x00\x00\x01(\x00\x00\x00\x00\x00\x01\x00\x03;\xdc\
\x00\x00\x01\xa0\x9f\x96@0\
\x00\x00\x01F\x00\x00\x00\x00\x00\x01\x00\x03B\xdd\
\x00\x00\x01\xa0\x9f\x96@/\
\x00\x00\x05\x04\x00\x00\x00\x00\x00\x01\x00\x042\xfc\
\x00\x00\x01\xa0\x9f\x96@.\
\x00\x00\x01\x84\x00\x00\x00\x00\x00\x01\x00\x03g\xc3\
\x00\x00\x01\xa0\x9f\x96@/\
\x00\x00\x04@\x00\x01\x00\x00\x00\x01\x00\x04\x08'\
\x00\x00\x01\xa0\x9f\x96@4\
\x00\x00\x02|\x00\x00\x00\x00\x00\x01\x00\x03\x9a@\
\x00\x00\x01\xa0\x9f\x96@/\
\x00\x00\x02H\x00\x00\x00\x00\x00\x01\x00\x03\x8c)\
\x00\x00\x01\xa0\x9f\x96@3\
\x00\x00\x01\xa8\x00\x00\x00\x00\x00\x01\x00\x03o\x0f\
\x00\x00\x01\xa0\x9f\x96@3\
\x00\x00\x02`\x00\x00\x00\x00\x00\x01\x00\x03\x92k\
\x00\x00\x01\xa0\x9f\x96@1\
\x00\x00\x01h\x00\x00\x00\x00\x00\x01\x00\x03`\xbf\
\x00\x00\x01\xa0\x9f\x96@0\
\x00\x00\x04\x0e\x00\x00\x00\x00\x00\x01\x00\x04\x01|\
\x00\x00\x01\xa0\x9f\x96@/\
\x00\x00\x02\xb4\x00\x01\x00\x00\x00\x01\x00\x03\xadJ\
\x00\x00\x01\xa0\x9f\x96@4\
\x00\x00\x02\x94\x00\x00\x00\x00\x00\x01\x00\x03\xa4\x98\
\x00\x00\x01\xa0\x9f\x96@0\
\x00\x00\x03\x9c\x00\x00\x00\x00\x00\x01\x00\x03\xea(\
\x00\x00\x01\xa0\x9f\x96@1\
\x00\x00\x02\xce\x00\x00\x00\x00\x00\x01\x00\x03\xaf\xf4\
\x00\x00\x01\xa0\x9f\x96@5\
\x00\x00\x03\xba\x00\x00\x00\x00\x00\x01\x00\x03\xf1B\
\x00\x00\x01\xa0\x9f\x96@5\
\x00\x00\x03\x1c\x00\x00\x00\x00\x00\x01\x00\x03\xc0f\
\x00\x00\x01\xa0\x9f\x96@1\
\x00\x00\x03t\x00\x00\x00\x00\x00\x01\x00\x03\xdc\xb0\
\x00\x00\x01\xa0\x9f\x96@1\
\x00\x00\x03\xda\x00\x00\x00\x00\x00\x01\x00\x04\xf9\xe9\
\x00\x00\x01\xa0\x9f\x96@*\
\x00\x00\x01\xe2\x00\x00\x00\x00\x00\x01\x00\x04z\x10\
\x00\x00\x01\xa0\x9f\x96@-\
\x00\x00\x04\x82\x00\x01\x00\x00\x00\x01\x00\x05\x12(\
\x00\x00\x01\xa0\x9f\x96@+\
\x00\x00\x04\x98\x00\x00\x00\x00\x00\x01\x00\x05\x14i\
\x00\x00\x01\xa0\x9f\x96@*\
\x00\x00\x02\x1e\x00\x00\x00\x00\x00\x01\x00\x04\x86^\
\x00\x00\x01\xa0\x9f\x96@+\
\x00\x00\x03F\x00\x00\x00\x00\x00\x01\x00\x04\xcfh\
\x00\x00\x01\xa0\x9f\x96@)\
\x00\x00\x04\xee\x00\x01\x00\x00\x00\x01\x00\x050Q\
\x00\x00\x01\xa0\x9f\x96@.\
\x00\x00\x03^\x00\x00\x00\x00\x00\x01\x00\x04\xd4\xc1\
\x00\x00\x01\xa0\x9f\x96@.\
\x00\x00\x04\xba\x00\x00\x00\x00\x00\x01\x00\x05\x1a\x0e\
\x00\x00\x01\xa0\x9f\x96@+\
\x00\x00\x02\x04\x00\x00\x00\x00\x00\x01\x00\x04\x80*\
\x00\x00\x01\xa0\x9f\x96@+\
\x00\x00\x01\x0c\x00\x01\x00\x00\x00\x01\x00\x049K\
\x00\x00\x01\xa0\x9f\x96@+\
\x00\x00\x04\xd4\x00\x00\x00\x00\x00\x01\x00\x05 I\
\x00\x00\x01\xa0\x9f\x96@,\
\x00\x00\x032\x00\x00\x00\x00\x00\x01\x00\x04\xc7\xd5\
\x00\x00\x01\xa0\x9f\x96@+\
\x00\x00\x01\xc2\x00\x00\x00\x00\x00\x01\x00\x04t\xcb\
\x00\x00\x01\xa0\x9f\x96@.\
\x00\x00\x04h\x00\x00\x00\x00\x00\x01\x00\x05\x0b{\
\x00\x00\x01\xa0\x9f\x96@,\
\x00\x00\x02\xf4\x00\x00\x00\x00\x00\x01\x00\x04\xb8a\
\x00\x00\x01\xa0\x9f\x96@+\
\x00\x00\x01(\x00\x00\x00\x00\x00\x01\x00\x04<\x0b\
\x00\x00\x01\xa0\x9f\x96@*\
\x00\x00\x01F\x00\x00\x00\x00\x00\x01\x00\x04C\x0c\
\x00\x00\x01\xa0\x9f\x96@(\
\x00\x00\x05\x04\x00\x00\x00\x00\x00\x01\x00\x053-\
\x00\x00\x01\xa0\x9f\x96@(\
\x00\x00\x01\x84\x00\x00\x00\x00\x00\x01\x00\x04g\xf2\
\x00\x00\x01\xa0\x9f\x96@(\
\x00\x00\x04@\x00\x01\x00\x00\x00\x01\x00\x05\x08V\
\x00\x00\x01\xa0\x9f\x96@.\
\x00\x00\x02|\x00\x00\x00\x00\x00\x01\x00\x04\x9ao\
\x00\x00\x01\xa0\x9f\x96@)\
\x00\x00\x02H\x00\x00\x00\x00\x00\x01\x00\x04\x8cX\
\x00\x00\x01\xa0\x9f\x96@-\
\x00\x00\x01\xa8\x00\x00\x00\x00\x00\x01\x00\x04o>\
\x00\x00\x01\xa0\x9f\x96@-\
\x00\x00\x02`\x00\x00\x00\x00\x00\x01\x00\x04\x92\x9a\
\x00\x00\x01\xa0\x9f\x96@+\
\x00\x00\x01h\x00\x00\x00\x00\x00\x01\x00\x04`\xee\
\x00\x00\x01\xa0\x9f\x96@)\
\x00\x00\x04\x0e\x00\x00\x00\x00\x00\x01\x00\x05\x01\xab\
\x00\x00\x01\xa0\x9f\x96@(\
\x00\x00\x02\xb4\x00\x01\x00\x00\x00\x01\x00\x04\xady\
\x00\x00\x01\xa0\x9f\x96@-\
\x00\x00\x02\x94\x00\x00\x00\x00\x00\x01\x00\x04\xa4\xc7\
\x00\x00\x01\xa0\x9f\x96@)\
\x00\x00\x03\x9c\x00\x00\x00\x00\x00\x01\x00\x04\xeaW\
\x00\x00\x01\xa0\x9f\x96@+\
\x00\x00\x02\xce\x00\x00\x00\x00\x00\x01\x00\x04\xb0#\
\x00\x00\x01\xa0\x9f\x96@.\
\x00\x00\x03\xba\x00\x00\x00\x00\x00\x01\x00\x04\xf1q\
\x00\x00\x01\xa0\x9f\x96@.\
\x00\x00\x03\x1c\x00\x00\x00\x00\x00\x01\x00\x04\xc0\x95\
\x00\x00\x01\xa0\x9f\x96@*\
\x00\x00\x03t\x00\x00\x00\x00\x00\x01\x00\x04\xdc\xdf\
\x00\x00\x01\xa0\x9f\x96@+\
\x00\x00\x00\x9a\x00\x00\x00\x00\x00\x01\x00\x01\x97t\
\x00\x00\x01\xa0\xd9\x1f~\x1f\
\x00\x00\x00v\x00\x00\x00\x00\x00\x01\x00\x00\x12]\
\x00\x00\x01\xa0\xd9\x1f\x7fx\
\x00\x00\x00\xbe\x00\x02\x00\x00\x00\x04\x00\x00\x00Z\
\x00\x00\x00\x00\x00\x00\x00\x00\
\x00\x00\x00\xfc\x00\x02\x00\x00\x00\x04\x00\x00\x00V\
\x00\x00\x00\x00\x00\x00\x00\x00\
\x00\x00\x05\xa4\x00\x00\x00\x00\x00\x01\x00\x05Ok\
\x00\x00\x01\xa0\x9f\x96@7\
\x00\x00\x05t\x00\x00\x00\x00\x00\x01\x00\x05N\xd0\
\x00\x00\x01\xa0\x9f\x96@7\
\x00\x00\x05\xd4\x00\x00\x00\x00\x00\x01\x00\x05P}\
\x00\x00\x01\xa0\x9f\x96@7\
\x00\x00\x05Z\x00\x00\x00\x00\x00\x01\x00\x05N\x11\
\x00\x00\x01\xa0\x9f\x96@7\
\x00\x00\x05\xa4\x00\x00\x00\x00\x00\x01\x00\x05R\xcb\
\x00\x00\x01\xa0\x9f\x96@7\
\x00\x00\x05t\x00\x00\x00\x00\x00\x01\x00\x05R0\
\x00\x00\x01\xa0\x9f\x96@6\
\x00\x00\x05\xd4\x00\x00\x00\x00\x00\x01\x00\x05Sd\
\x00\x00\x01\xa0\x9f\x96@6\
\x00\x00\x05Z\x00\x00\x00\x00\x00\x01\x00\x05Q\x0c\
\x00\x00\x01\xa0\x9f\x96@5\
"

def qInitResources():
    QtCore.qRegisterResourceData(0x03, qt_resource_struct, qt_resource_name, qt_resource_data)

def qCleanupResources():
    QtCore.qUnregisterResourceData(0x03, qt_resource_struct, qt_resource_name, qt_resource_data)

qInitResources()
